  0
SECTION
  2
HEADER
  9
$ACADVER
  1
AC1018
  9
$ACADMAINTVER
 70
   104
  9
$DWGCODEPAGE
  3
ANSI_932
  9
$LASTSAVEDBY
  1
ding.ailing
  9
$INSBASE
 10
0.0
 20
0.0
 30
0.0
  9
$EXTMIN
 10
-0.0382406579485135
 20
-15.67506517894601
 30
0.0
  9
$EXTMAX
 10
161.169364864714
 20
39.93594187656074
 30
0.0
  9
$LIMMIN
 10
0.0
 20
0.0
  9
$LIMMAX
 10
420.0
 20
297.0
  9
$ORTHOMODE
 70
     1
  9
$REGENMODE
 70
     1
  9
$FILLMODE
 70
     1
  9
$QTEXTMODE
 70
     0
  9
$MIRRTEXT
 70
     0
  9
$LTSCALE
 40
1.0
  9
$ATTMODE
 70
     1
  9
$TEXTSIZE
 40
2.5
  9
$TRACEWID
 40
1.0
  9
$TEXTSTYLE
  7
Standard
  9
$CLAYER
  8
0
  9
$CELTYPE
  6
ByLayer
  9
$CECOLOR
 62
   256
  9
$CELTSCALE
 40
1.0
  9
$DISPSILH
 70
     0
  9
$DIMSCALE
 40
1.0
  9
$DIMASZ
 40
2.5
  9
$DIMEXO
 40
0.625
  9
$DIMDLI
 40
3.75
  9
$DIMRND
 40
0.0
  9
$DIMDLE
 40
0.0
  9
$DIMEXE
 40
1.25
  9
$DIMTP
 40
0.0
  9
$DIMTM
 40
0.0
  9
$DIMTXT
 40
2.5
  9
$DIMCEN
 40
2.5
  9
$DIMTSZ
 40
0.0
  9
$DIMTOL
 70
     0
  9
$DIMLIM
 70
     0
  9
$DIMTIH
 70
     0
  9
$DIMTOH
 70
     0
  9
$DIMSE1
 70
     0
  9
$DIMSE2
 70
     0
  9
$DIMTAD
 70
     1
  9
$DIMZIN
 70
     8
  9
$DIMBLK
  1

  9
$DIMASO
 70
     1
  9
$DIMSHO
 70
     1
  9
$DIMPOST
  1

  9
$DIMAPOST
  1

  9
$DIMALT
 70
     0
  9
$DIMALTD
 70
     3
  9
$DIMALTF
 40
0.03937007874016
  9
$DIMLFAC
 40
1.0
  9
$DIMTOFL
 70
     1
  9
$DIMTVP
 40
0.0
  9
$DIMTIX
 70
     0
  9
$DIMSOXD
 70
     0
  9
$DIMSAH
 70
     0
  9
$DIMBLK1
  1

  9
$DIMBLK2
  1

  9
$DIMSTYLE
  2
ISO-25
  9
$DIMCLRD
 70
     0
  9
$DIMCLRE
 70
     0
  9
$DIMCLRT
 70
     0
  9
$DIMTFAC
 40
1.0
  9
$DIMGAP
 40
0.625
  9
$DIMJUST
 70
     0
  9
$DIMSD1
 70
     0
  9
$DIMSD2
 70
     0
  9
$DIMTOLJ
 70
     0
  9
$DIMTZIN
 70
     8
  9
$DIMALTZ
 70
     0
  9
$DIMALTTZ
 70
     0
  9
$DIMUPT
 70
     0
  9
$DIMDEC
 70
     2
  9
$DIMTDEC
 70
     2
  9
$DIMALTU
 70
     2
  9
$DIMALTTD
 70
     3
  9
$DIMTXSTY
  7
Standard
  9
$DIMAUNIT
 70
     0
  9
$DIMADEC
 70
     0
  9
$DIMALTRND
 40
0.0
  9
$DIMAZIN
 70
     0
  9
$DIMDSEP
 70
    44
  9
$DIMATFIT
 70
     3
  9
$DIMFRAC
 70
     0
  9
$DIMLDRBLK
  1

  9
$DIMLUNIT
 70
     2
  9
$DIMLWD
 70
    -2
  9
$DIMLWE
 70
    -2
  9
$DIMTMOVE
 70
     0
  9
$LUNITS
 70
     2
  9
$LUPREC
 70
     4
  9
$SKETCHINC
 40
1.0
  9
$FILLETRAD
 40
0.0
  9
$AUNITS
 70
     0
  9
$AUPREC
 70
     0
  9
$MENU
  1
.
  9
$ELEVATION
 40
0.0
  9
$PELEVATION
 40
0.0
  9
$THICKNESS
 40
0.0
  9
$LIMCHECK
 70
     0
  9
$CHAMFERA
 40
0.0
  9
$CHAMFERB
 40
0.0
  9
$CHAMFERC
 40
0.0
  9
$CHAMFERD
 40
0.0
  9
$SKPOLY
 70
     0
  9
$TDCREATE
 40
2459405.470305834
  9
$TDUCREATE
 40
2459405.136972500
  9
$TDUPDATE
 40
2459409.377269884
  9
$TDUUPDATE
 40
2459409.043936551
  9
$TDINDWG
 40
0.1271341204
  9
$TDUSRTIMER
 40
0.1271333102
  9
$USRTIMER
 70
     1
  9
$ANGBASE
 50
0.0
  9
$ANGDIR
 70
     0
  9
$PDMODE
 70
     0
  9
$PDSIZE
 40
0.0
  9
$PLINEWID
 40
0.0
  9
$SPLFRAME
 70
     0
  9
$SPLINETYPE
 70
     6
  9
$SPLINESEGS
 70
     8
  9
$HANDSEED
  5
BD0
  9
$SURFTAB1
 70
     6
  9
$SURFTAB2
 70
     6
  9
$SURFTYPE
 70
     6
  9
$SURFU
 70
     6
  9
$SURFV
 70
     6
  9
$UCSBASE
  2

  9
$UCSNAME
  2

  9
$UCSORG
 10
-0.0382406579483932
 20
-0.0640581234392659
 30
0.0
  9
$UCSXDIR
 10
1.0
 20
0.0
 30
0.0
  9
$UCSYDIR
 10
0.0
 20
1.0
 30
0.0
  9
$UCSORTHOREF
  2

  9
$UCSORTHOVIEW
 70
     0
  9
$UCSORGTOP
 10
0.0
 20
0.0
 30
0.0
  9
$UCSORGBOTTOM
 10
0.0
 20
0.0
 30
0.0
  9
$UCSORGLEFT
 10
0.0
 20
0.0
 30
0.0
  9
$UCSORGRIGHT
 10
0.0
 20
0.0
 30
0.0
  9
$UCSORGFRONT
 10
0.0
 20
0.0
 30
0.0
  9
$UCSORGBACK
 10
0.0
 20
0.0
 30
0.0
  9
$PUCSBASE
  2

  9
$PUCSNAME
  2

  9
$PUCSORG
 10
0.0
 20
0.0
 30
0.0
  9
$PUCSXDIR
 10
1.0
 20
0.0
 30
0.0
  9
$PUCSYDIR
 10
0.0
 20
1.0
 30
0.0
  9
$PUCSORTHOREF
  2

  9
$PUCSORTHOVIEW
 70
     0
  9
$PUCSORGTOP
 10
0.0
 20
0.0
 30
0.0
  9
$PUCSORGBOTTOM
 10
0.0
 20
0.0
 30
0.0
  9
$PUCSORGLEFT
 10
0.0
 20
0.0
 30
0.0
  9
$PUCSORGRIGHT
 10
0.0
 20
0.0
 30
0.0
  9
$PUCSORGFRONT
 10
0.0
 20
0.0
 30
0.0
  9
$PUCSORGBACK
 10
0.0
 20
0.0
 30
0.0
  9
$USERI1
 70
     0
  9
$USERI2
 70
     0
  9
$USERI3
 70
     0
  9
$USERI4
 70
     0
  9
$USERI5
 70
     0
  9
$USERR1
 40
0.0
  9
$USERR2
 40
0.0
  9
$USERR3
 40
0.0
  9
$USERR4
 40
0.0
  9
$USERR5
 40
0.0
  9
$WORLDVIEW
 70
     1
  9
$SHADEDGE
 70
     3
  9
$SHADEDIF
 70
    70
  9
$TILEMODE
 70
     1
  9
$MAXACTVP
 70
    64
  9
$PINSBASE
 10
0.0
 20
0.0
 30
0.0
  9
$PLIMCHECK
 70
     0
  9
$PEXTMIN
 10
0.0
 20
0.0
 30
0.0
  9
$PEXTMAX
 10
0.0
 20
0.0
 30
0.0
  9
$PLIMMIN
 10
0.0
 20
0.0
  9
$PLIMMAX
 10
12.0
 20
9.0
  9
$UNITMODE
 70
     0
  9
$VISRETAIN
 70
     1
  9
$PLINEGEN
 70
     0
  9
$PSLTSCALE
 70
     1
  9
$TREEDEPTH
 70
  3020
  9
$CMLSTYLE
  2
Standard
  9
$CMLJUST
 70
     0
  9
$CMLSCALE
 40
20.0
  9
$PROXYGRAPHICS
 70
     1
  9
$MEASUREMENT
 70
     1
  9
$CELWEIGHT
370
    -1
  9
$ENDCAPS
280
     0
  9
$JOINSTYLE
280
     0
  9
$LWDISPLAY
290
     0
  9
$INSUNITS
 70
     4
  9
$HYPERLINKBASE
  1

  9
$STYLESHEET
  1

  9
$XEDIT
290
     1
  9
$CEPSNTYPE
380
     0
  9
$PSTYLEMODE
290
     1
  9
$FINGERPRINTGUID
  2
{07FD600D-45CD-4BCC-A4FB-8B58151C65FE}
  9
$VERSIONGUID
  2
{D80D8F09-97CE-4532-BFD9-68484120F879}
  9
$EXTNAMES
290
     1
  9
$PSVPSCALE
 40
0.0
  9
$OLESTARTUP
290
     0
  9
$SORTENTS
280
   127
  9
$INDEXCTL
280
     0
  9
$HIDETEXT
280
     1
  9
$XCLIPFRAME
290
     0
  9
$HALOGAP
280
     0
  9
$OBSCOLOR
 70
   257
  9
$OBSLTYPE
280
     0
  9
$INTERSECTIONDISPLAY
280
     0
  9
$INTERSECTIONCOLOR
 70
   257
  9
$DIMASSOC
280
     2
  9
$PROJECTNAME
  1

  0
ENDSEC
  0
SECTION
  2
CLASSES
  0
CLASS
  1
ACDBDICTIONARYWDFLT
  2
AcDbDictionaryWithDefault
  3
ObjectDBX Classes
 90
        0
 91
        1
280
     0
281
     0
  0
CLASS
  1
DICTIONARYVAR
  2
AcDbDictionaryVar
  3
ObjectDBX Classes
 90
        0
 91
       17
280
     0
281
     0
  0
CLASS
  1
TABLESTYLE
  2
AcDbTableStyle
  3
ObjectDBX Classes
 90
     4095
 91
        1
280
     0
281
     0
  0
CLASS
  1
MATERIAL
  2
AcDbMaterial
  3
ObjectDBX Classes
 90
     1153
 91
        3
280
     0
281
     0
  0
CLASS
  1
VISUALSTYLE
  2
AcDbVisualStyle
  3
ObjectDBX Classes
 90
     4095
 91
       24
280
     0
281
     0
  0
CLASS
  1
SCALE
  2
AcDbScale
  3
ObjectDBX Classes
 90
     1153
 91
       17
280
     0
281
     0
  0
CLASS
  1
MLEADERSTYLE
  2
AcDbMLeaderStyle
  3
ACDB_MLEADERSTYLE_CLASS
 90
     4095
 91
        2
280
     0
281
     0
  0
CLASS
  1
CELLSTYLEMAP
  2
AcDbCellStyleMap
  3
ObjectDBX Classes
 90
     1152
 91
        2
280
     0
281
     0
  0
CLASS
  1
EXACXREFPANELOBJECT
  2
ExAcXREFPanelObject
  3
EXAC_ESW
 90
     1025
 91
        0
280
     0
281
     0
  0
CLASS
  1
NPOCOLLECTION
  2
AcDbImpNonPersistentObjectsCollection
  3
ObjectDBX Classes
 90
     1153
 91
        0
280
     0
281
     0
  0
CLASS
  1
LAYER_INDEX
  2
AcDbLayerIndex
  3
ObjectDBX Classes
 90
        0
 91
        0
280
     0
281
     0
  0
CLASS
  1
SPATIAL_INDEX
  2
AcDbSpatialIndex
  3
ObjectDBX Classes
 90
        0
 91
        0
280
     0
281
     0
  0
CLASS
  1
IDBUFFER
  2
AcDbIdBuffer
  3
ObjectDBX Classes
 90
        0
 91
        0
280
     0
281
     0
  0
CLASS
  1
ACDBSECTIONVIEWSTYLE
  2
AcDbSectionViewStyle
  3
ObjectDBX Classes
 90
     1025
 91
        1
280
     0
281
     0
  0
CLASS
  1
ACDBDETAILVIEWSTYLE
  2
AcDbDetailViewStyle
  3
ObjectDBX Classes
 90
     1025
 91
        1
280
     0
281
     0
  0
CLASS
  1
SORTENTSTABLE
  2
AcDbSortentsTable
  3
ObjectDBX Classes
 90
        0
 91
        2
280
     0
281
     0
  0
CLASS
  1
ACDBASSOCACTION
  2
AcDbAssocAction
  3
ObjectDBX Classes
 90
     1025
 91
        0
280
     0
281
     0
  0
CLASS
  1
ACDBASSOCROTATEDDIMACTIONBODY
  2
AcDbAssocRotatedDimActionBody
  3
ObjectDBX Classes
 90
     1025
 91
        0
280
     0
281
     0
  0
CLASS
  1
ACDBASSOCGEOMDEPENDENCY
  2
AcDbAssocGeomDependency
  3
ObjectDBX Classes
 90
     1025
 91
        0
280
     0
281
     0
  0
CLASS
  1
ACDBASSOCDEPENDENCY
  2
AcDbAssocDependency
  3
ObjectDBX Classes
 90
     1025
 91
        0
280
     0
281
     0
  0
CLASS
  1
ACDBASSOCOSNAPPOINTREFACTIONPARAM
  2
AcDbAssocOsnapPointRefActionParam
  3
ObjectDBX Classes
 90
     1025
 91
        0
280
     0
281
     0
  0
CLASS
  1
ACDBASSOCEDGEACTIONPARAM
  2
AcDbAssocEdgeActionParam
  3
ObjectDBX Classes
 90
     1025
 91
        0
280
     0
281
     0
  0
CLASS
  1
ACDBASSOCPERSSUBENTMANAGER
  2
AcDbAssocPersSubentManager
  3
ObjectDBX Classes
 90
     1024
 91
        1
280
     0
281
     0
  0
CLASS
  1
ACDBASSOCNETWORK
  2
AcDbAssocNetwork
  3
ObjectDBX Classes
 90
     1025
 91
        0
280
     0
281
     0
  0
ENDSEC
  0
SECTION
  2
TABLES
  0
TABLE
  2
VPORT
  5
8
330
0
100
AcDbSymbolTable
 70
     1
  0
VPORT
  5
EA
330
8
100
AcDbSymbolTableRecord
100
AcDbViewportTableRecord
  2
*Active
 70
     0
 10
0.0
 20
0.0
 11
1.0
 21
1.0
 12
75.93943649070246
 22
20.69716471269567
 13
0.0
 23
0.0
 14
10.0
 24
10.0
 15
10.0
 25
10.0
 16
0.0
 26
0.0
 36
1.0
 17
0.0
 27
0.0
 37
0.0
 40
154.1516136661754
 41
2.197368421052631
 42
50.0
 43
0.0
 44
0.0
 50
0.0
 51
0.0
 71
     0
 72
  1000
 73
     1
 74
     3
 75
     0
 76
     1
 77
     0
 78
     0
281
     0
 65
     1
110
-0.0382406579483932
120
-0.0640581234392659
130
0.0
111
1.0
121
0.0
131
0.0
112
0.0
122
1.0
132
0.0
 79
     0
146
0.0
1001
ACAD_NAV_VCDISPLAY
1070
     3
  0
ENDTAB
  0
TABLE
  2
LTYPE
  5
5
330
0
100
AcDbSymbolTable
 70
     1
  0
LTYPE
  5
14
330
5
100
AcDbSymbolTableRecord
100
AcDbLinetypeTableRecord
  2
ByBlock
 70
     0
  3

 72
    65
 73
     0
 40
0.0
  0
LTYPE
  5
15
330
5
100
AcDbSymbolTableRecord
100
AcDbLinetypeTableRecord
  2
ByLayer
 70
     0
  3

 72
    65
 73
     0
 40
0.0
  0
LTYPE
  5
16
330
5
100
AcDbSymbolTableRecord
100
AcDbLinetypeTableRecord
  2
Continuous
 70
     0
  3
Solid line
 72
    65
 73
     0
 40
0.0
  0
ENDTAB
  0
TABLE
  2
LAYER
  5
2
102
{ACAD_XDICTIONARY
360
1FF
102
}
330
0
100
AcDbSymbolTable
 70
     3
  0
LAYER
  5
10
102
{ACAD_XDICTIONARY
360
13C
102
}
330
2
100
AcDbSymbolTableRecord
100
AcDbLayerTableRecord
  2
0
 70
     0
 62
     7
  6
Continuous
370
    -3
390
F
  0
LAYER
  5
2DB
330
2
100
AcDbSymbolTableRecord
100
AcDbLayerTableRecord
  2
Defpoints
 70
     0
 62
     7
  6
Continuous
290
     0
370
    -3
390
F
  0
LAYER
  5
2DC
102
{ACAD_XDICTIONARY
360
2DD
102
}
330
2
100
AcDbSymbolTableRecord
100
AcDbLayerTableRecord
  2
\U+56FE形\U+7EBF
 70
     0
 62
     7
  6
Continuous
370
    15
390
F
1001
AcadStringInfo
1000
MIFCodePage
1070
     5
  0
ENDTAB
  0
TABLE
  2
STYLE
  5
3
330
0
100
AcDbSymbolTable
 70
     3
  0
STYLE
  5
11
330
3
100
AcDbSymbolTableRecord
100
AcDbTextStyleTableRecord
  2
Standard
 70
     0
 40
0.0
 41
1.0
 50
0.0
 71
     0
 42
2.5
  3

  4

1001
ACAD
1000
SimSun
1071
       34
  0
STYLE
  5
132
330
3
100
AcDbSymbolTableRecord
100
AcDbTextStyleTableRecord
  2
Annotative
 70
     0
 40
0.0
 41
1.0
 50
0.0
 71
     0
 42
2.5
  3

  4

1001
AcadAnnotative
1000
AnnotativeData
1002
{
1070
     1
1070
     1
1002
}
1001
ACAD
1000
SimSun
1071
       34
  0
STYLE
  5
2DE
330
3
100
AcDbSymbolTableRecord
100
AcDbTextStyleTableRecord
  2
楷体
 70
     0
 40
0.0
 41
1.0
 50
0.0
 71
     0
 42
3.0
  3
SimSun.ttf
  4

1001
ACAD
1000
SimSun
1071
    34306
1001
AcadStringInfo
1000
MIFCodePage
1070
     5
  0
ENDTAB
  0
TABLE
  2
VIEW
  5
6
330
0
100
AcDbSymbolTable
 70
     0
  0
ENDTAB
  0
TABLE
  2
UCS
  5
7
330
0
100
AcDbSymbolTable
 70
     0
  0
ENDTAB
  0
TABLE
  2
APPID
  5
9
330
0
100
AcDbSymbolTable
 70
    16
  0
APPID
  5
12
330
9
100
AcDbSymbolTableRecord
100
AcDbRegAppTableRecord
  2
ACAD
 70
     0
  0
APPID
  5
9E
330
9
100
AcDbSymbolTableRecord
100
AcDbRegAppTableRecord
  2
ACAD_PSEXT
 70
     0
  0
APPID
  5
133
330
9
100
AcDbSymbolTableRecord
100
AcDbRegAppTableRecord
  2
AcadAnnoPO
 70
     0
  0
APPID
  5
134
330
9
100
AcDbSymbolTableRecord
100
AcDbRegAppTableRecord
  2
AcadAnnotative
 70
     0
  0
APPID
  5
135
330
9
100
AcDbSymbolTableRecord
100
AcDbRegAppTableRecord
  2
ACAD_DSTYLE_DIMJAG
 70
     0
  0
APPID
  5
136
330
9
100
AcDbSymbolTableRecord
100
AcDbRegAppTableRecord
  2
ACAD_DSTYLE_DIMTALN
 70
     0
  0
APPID
  5
165
330
9
100
AcDbSymbolTableRecord
100
AcDbRegAppTableRecord
  2
ACAD_MLEADERVER
 70
     0
  0
APPID
  5
217
330
9
100
AcDbSymbolTableRecord
100
AcDbRegAppTableRecord
  2
ACAD_NAV_VCDISPLAY
 70
     0
  0
APPID
  5
22C
330
9
100
AcDbSymbolTableRecord
100
AcDbRegAppTableRecord
  2
AcadStringInfo
 70
     0
  0
APPID
  5
2E1
330
9
100
AcDbSymbolTableRecord
100
AcDbRegAppTableRecord
  2
ACAD_DSTYLE_DIMBREAK
 70
     0
  0
APPID
  5
2E2
330
9
100
AcDbSymbolTableRecord
100
AcDbRegAppTableRecord
  2
AcDbBlockRepETag
 70
     0
  0
APPID
  5
2E3
330
9
100
AcDbSymbolTableRecord
100
AcDbRegAppTableRecord
  2
AcDbDynamicBlockGUID
 70
     0
  0
APPID
  5
4C4
330
9
100
AcDbSymbolTableRecord
100
AcDbRegAppTableRecord
  2
ACAD_DSTYLE_DIMRADIAL_EXTENSION
 70
     0
  0
APPID
  5
4C5
330
9
100
AcDbSymbolTableRecord
100
AcDbRegAppTableRecord
  2
ACAD_STEPID
 70
     0
  0
APPID
  5
63D
330
9
100
AcDbSymbolTableRecord
100
AcDbRegAppTableRecord
  2
ACAD_EXEMPT_FROM_CAD_STANDARDS
 70
     0
  0
APPID
  5
95D
330
9
100
AcDbSymbolTableRecord
100
AcDbRegAppTableRecord
  2
ACAD_OBJECT_CHANGE_GUID
 70
     0
  0
ENDTAB
  0
TABLE
  2
DIMSTYLE
  5
A
330
0
100
AcDbSymbolTable
 70
     5
100
AcDbDimStyleTable
 71
     2
340
27
340
137
  0
DIMSTYLE
105
1B0
330
A
100
AcDbSymbolTableRecord
100
AcDbDimStyleTableRecord
  2
Standard
 70
     0
340
11
  0
DIMSTYLE
105
137
330
A
100
AcDbSymbolTableRecord
100
AcDbDimStyleTableRecord
  2
Annotative
 70
     0
 40
0.0
 41
2.5
 42
0.625
 43
3.75
 44
1.25
 73
     0
 74
     0
 77
     1
 78
     8
140
2.5
141
2.5
143
0.03937007874016
147
0.625
171
     3
172
     1
271
     2
272
     2
274
     3
278
    44
283
     0
284
     8
340
11
1001
AcadAnnotative
1000
AnnotativeData
1002
{
1070
     1
1070
     1
1002
}
1001
ACAD_DSTYLE_DIMJAG
1070
   388
1040
1.5
1001
ACAD_DSTYLE_DIMTALN
1070
   392
1070
     0
  0
DIMSTYLE
105
27
330
A
100
AcDbSymbolTableRecord
100
AcDbDimStyleTableRecord
  2
ISO-25
 70
     0
 41
2.5
 42
0.625
 43
3.75
 44
1.25
 73
     0
 74
     0
 77
     1
 78
     8
140
2.5
141
2.5
143
0.03937007874016
147
0.625
171
     3
172
     1
271
     2
272
     2
274
     3
278
    44
283
     0
284
     8
340
11
  0
DIMSTYLE
105
2DF
330
A
100
AcDbSymbolTableRecord
100
AcDbDimStyleTableRecord
  2
副本 ISO-25
 70
     0
 41
2.5
 42
1.625
 43
3.25
 44
1.25
 73
     0
 74
     0
 77
     1
 78
     8
140
2.5
141
2.5
143
0.03937007874016
147
0.625
171
     3
172
     1
176
   252
177
   252
178
   256
271
     2
272
     2
274
     3
283
     0
284
     8
340
11
1001
ACAD_DSTYLE_DIMBREAK
1070
   391
1040
3.75
1001
ACAD_DSTYLE_DIMJAG
1070
   388
1040
1.5
1001
ACAD_DSTYLE_DIMTALN
1070
   392
1070
     0
1001
AcadStringInfo
1000
MIFCodePage
1070
     5
  0
DIMSTYLE
105
2E0
330
A
100
AcDbSymbolTableRecord
100
AcDbDimStyleTableRecord
  2
30型材-chicunbiaozhu
 70
     0
 41
1.8
 42
0.1
 43
0.1
 44
0.1
 73
     0
 74
     0
 77
     1
 78
     9
140
1.8
141
2.5
143
0.03937007874016
147
0.625
171
     3
172
     1
176
   252
177
   252
271
     2
272
     2
274
     3
283
     0
284
     8
340
2DE
341
230
342
230
371
     9
372
    15
1001
ACAD_DSTYLE_DIMJAG
1070
   388
1040
1.5
1001
ACAD_DSTYLE_DIMTALN
1070
   392
1070
     0
1001
AcadStringInfo
1000
MIFCodePage
1070
     5
  0
ENDTAB
  0
TABLE
  2
BLOCK_RECORD
  5
1
330
0
100
AcDbSymbolTable
 70
    82
  0
BLOCK_RECORD
  5
1F
102
{ACAD_XDICTIONARY
360
1CE
102
}
330
1
100
AcDbSymbolTableRecord
100
AcDbBlockTableRecord
  2
*Model_Space
340
22
  0
BLOCK_RECORD
  5
D2
330
1
100
AcDbSymbolTableRecord
100
AcDbBlockTableRecord
  2
*Paper_Space
340
D3
  0
BLOCK_RECORD
  5
D6
330
1
100
AcDbSymbolTableRecord
100
AcDbBlockTableRecord
  2
*Paper_Space0
340
D7
  0
BLOCK_RECORD
  5
230
102
{ACAD_XDICTIONARY
360
231
102
}
330
1
100
AcDbSymbolTableRecord
100
AcDbBlockTableRecord
  2
\U+6768\U+5E86箭\U+59344
340
0
310
2800000020000000200000000100080000000000000400000000000000000000000000000000000000000000000080000080000000808000800000008000800080800000C0C0C000C0DCC000F0CAA6000020400000206000002080000020A0000020C0000020E00000400000004020000040400000406000004080000040A0
310
000040C0000040E00000600000006020000060400000606000006080000060A0000060C0000060E00000800000008020000080400000806000008080000080A0000080C0000080E00000A0000000A0200000A0400000A0600000A0800000A0A00000A0C00000A0E00000C0000000C0200000C0400000C0600000C0800000C0
310
A00000C0C00000C0E00000E0000000E0200000E0400000E0600000E0800000E0A00000E0C00000E0E00040000000400020004000400040006000400080004000A0004000C0004000E00040200000402020004020400040206000402080004020A0004020C0004020E000404000004040200040404000404060004040800040
310
40A0004040C0004040E00040600000406020004060400040606000406080004060A0004060C0004060E00040800000408020004080400040806000408080004080A0004080C0004080E00040A0000040A0200040A0400040A0600040A0800040A0A00040A0C00040A0E00040C0000040C0200040C0400040C0600040C08000
310
40C0A00040C0C00040C0E00040E0000040E0200040E0400040E0600040E0800040E0A00040E0C00040E0E00080000000800020008000400080006000800080008000A0008000C0008000E00080200000802020008020400080206000802080008020A0008020C0008020E00080400000804020008040400080406000804080
310
008040A0008040C0008040E00080600000806020008060400080606000806080008060A0008060C0008060E00080800000808020008080400080806000808080008080A0008080C0008080E00080A0000080A0200080A0400080A0600080A0800080A0A00080A0C00080A0E00080C0000080C0200080C0400080C0600080C0
310
800080C0A00080C0C00080C0E00080E0000080E0200080E0400080E0600080E0800080E0A00080E0C00080E0E000C0000000C0002000C0004000C0006000C0008000C000A000C000C000C000E000C0200000C0202000C0204000C0206000C0208000C020A000C020C000C020E000C0400000C0402000C0404000C0406000C0
310
408000C040A000C040C000C040E000C0600000C0602000C0604000C0606000C0608000C060A000C060C000C060E000C0800000C0802000C0804000C0806000C0808000C080A000C080C000C080E000C0A00000C0A02000C0A04000C0A06000C0A08000C0A0A000C0A0C000C0A0E000C0C00000C0C02000C0C04000C0C06000
310
C0C08000C0C0A000F0FBFF00A4A0A000808080000000FF0000FF000000FFFF00FF000000FF00FF00FFFF0000FFFFFF00FFFFFFFFFFFFFFFFFFFFFFFFFFFFFFFFFFFFFFFFFFFFFFFFFFFFFFFFFFFFFFFFFFFFFFFFFFFFFFFFFFFFFFFFFFFFFFFFFFFFFFFFFFFFFFFFFFFFFFFFFFFFFFFFFFFFFFFFFFFFFFFFFFFFFFFFFFFFFF
310
FFFFFFFFFFFFFFFFFFFFFFFFFFFFFFFFFFFFFFFFFFFFFFFFFFFFFFFFFFFFFFFFFFFFFFFFFFFFFFFFFFFFFFFFFFFFFFFFFFFFFFFFFFFFFFFFFFFFFFFFFFFFFFFFFFFFFFFFFFFFFFFFFFFFFFFFFFFFFFFFFFFFFFFFFFFFFFFFFFFFFFFFFFFFFFFFFFFFFFFFFFFFFFFFFFFFFFFFFFFFFFFFFFFFFFFFFFFFFFFFFFFFFFFFFFFFFF
310
FFFFFFFFFFFFFFFFFFFFFFFFFFFFFFFFFFFFFFFFFFFFFFFFFFFFFFFFFFFFFFFFFFFFFFFFFFFFFFFFFFFFFFFFFFFFFFFFFFFFFFFFFFFFFFFFFFFFFFFFFFFFFFFFFFFFFFFFFFFFFFFFFFFFFFFFFFFFFFFFFFFFFFFFFFFFFFFFFFFFFFFFFFFFFFFFFFFFFFFFFFFFFFFFFFFFFFFFFFFFFFFFFFFFFFFFFFFFFFFFFFFFFFFFFFFFFF
310
FFFFFFFFFFFFFFFFFFFFFFFFFFFFFFFFFFFFFFFFFFFFFFFFFFFFFFFFFFFFFFFFFFFFFFFFFFFFFFFFFFFFFFFFFFFFFFFFFFFFFFFFF9F9F9F9FFFFFFFFFFFFFFFFFFFFFFFFFFFFFFFFFFFFFFFFFFFFFFFFFFFFFFFFFFF9F9F9F9F9F9F9F9F9F9FFFFFFFFFFFFFFFFFFFFFFFFFFFFFFFFFFFFFFFFFFFFFFFFF9F9F9F9F9F9F9F9
310
F9F9F9F9F9F9F9F9FFFFFFFFFFFFFFFFFFFFFFFFFFFFFFFFFFFFF9F9F9F9F9F9F9F9F9F9F9F9F9F9F9F9F9F9F9F9F9FFFFFFFFFFFFFFFFFFFFFFFFF9F9F9F9F9F9F9F9F9F9F9F9F9F9F9F9F9F9F9F9F9F9F9F9FFFFFFFFFFFFF9F9F9F9F9F9F9F9F9F9F9F9F9F9F9F9F9F9F9F9F9FFFFFFFFFFFFFFFFFFF9F9F9F9F9F9F9F9
310
F9F9F9F9F9FFFFFFFFFFFFFFFFFFFFFFFFFFFFFFFFFFF9F9F9F9F9FFFFFFFFFFFFFFFFFFFFFFFFFFFFFFFFFFFFFFFFFFFFFFFFFFFFFFFFFFFFFFFFFFFFFFFFFFFFFFFFFFFFFFFFFFFFFFFFFFFFFFFFFFFFFFFFFFFFFFFFFFFFFFFFFFFFFFFFFFFFFFFFFFFFFFFFFFFFFFFFFFFFFFFFFFFFFFFFFFFFFFFFFFFFFFFFFFFFFFFF
310
FFFFFFFFFFFFFFFFFFFFFFFFFFFFFFFFFFFFFFFFFFFFFFFFFFFFFFFFFFFFFFFFFFFFFFFFFFFFFFFFFFFFFFFFFFFFFFFFFFFFFFFFFFFFFFFFFFFFFFFFFFFFFFFFFFFFFFFFFFFFFFFFFFFFFFFFFFFFFFFFFFFFFFFFFFFFFFFFFFFFFFFFFFFFFFFFFFFFFFFFFFFFFFFFFFFFFFFFFFFFFFFFFFFFFFFFFFFFFFFFFFFFFFFFFFFFFF
310
FFFFFFFFFFFFFFFFFFFFFFFFFFFFFFFFFFFFFFFFFFFFFFFFFFFFFFFFFFFFFFFFFFFFFFFFFFFFFFFFFFFFFFFFFFFFFFFFFFFFFFFFFFFFFFFFFFFFFFFFFFFFFFFFFFFFFFFFFFFFFFFFFFFFFFFFFFFFFFFFFFFFFFFFFFFFFFFFFFFFFFFFFFFFFFFFFFFFFFFFFFFFFFFFFFFFFFFFFFFFFFFFFFFFFFFFFFFFFFFFFFFFFFFFFFFFFF
310
FFFFFFFFFFFFFFFFFFFFFFFFFFFFFFFFFFFFFFFFFFFFFFFFFFFFFFFFFFFFFFFFFFFFFFFFFFFFFFFFFFFFFFFFFFFFFFFFFFFFFFFFFFFFFFFF
102
{BLKREFS
331
3F5
331
3FD
331
3FE
331
408
331
409
331
413
331
414
331
41D
331
41E
331
271
331
272
331
27D
331
27E
331
289
331
28A
331
295
331
296
331
2A1
331
2AC
331
2AD
331
2BA
331
2BB
331
2C8
331
2C9
331
2D6
331
2D7
331
23F
331
240
331
24B
331
24C
331
257
331
3E3
331
3E4
331
3EC
331
3ED
331
258
331
263
331
264
331
3AB
331
3AC
331
3B4
331
3B5
331
3BD
331
3BE
331
3C6
331
3C7
331
3D1
331
3D2
331
3DA
331
3DB
102
}
1001
AcDbDynamicBlockGUID
1000
{CD4AB36B-0EF9-42CC-9BB9-B4E18FDB7FF7}
1001
AcDbBlockRepETag
1070
     1
1071
        7
1001
AcadStringInfo
1000
MIFCodePage
1070
     5
1001
ACAD
1000
DesignCenter Data
1002
{
1070
     1
1070
     1
1002
}
  0
BLOCK_RECORD
  5
23A
330
1
100
AcDbSymbolTableRecord
100
AcDbBlockTableRecord
  2
*D2
340
0
  0
BLOCK_RECORD
  5
246
330
1
100
AcDbSymbolTableRecord
100
AcDbBlockTableRecord
  2
*D3
340
0
  0
BLOCK_RECORD
  5
252
330
1
100
AcDbSymbolTableRecord
100
AcDbBlockTableRecord
  2
*D4
340
0
  0
BLOCK_RECORD
  5
25E
330
1
100
AcDbSymbolTableRecord
100
AcDbBlockTableRecord
  2
*D5
340
0
  0
BLOCK_RECORD
  5
26A
330
1
100
AcDbSymbolTableRecord
100
AcDbBlockTableRecord
  2
*D6
340
0
  0
BLOCK_RECORD
  5
278
330
1
100
AcDbSymbolTableRecord
100
AcDbBlockTableRecord
  2
*D7
340
0
  0
BLOCK_RECORD
  5
284
330
1
100
AcDbSymbolTableRecord
100
AcDbBlockTableRecord
  2
*D8
340
0
  0
BLOCK_RECORD
  5
290
330
1
100
AcDbSymbolTableRecord
100
AcDbBlockTableRecord
  2
*D9
340
0
  0
BLOCK_RECORD
  5
29C
330
1
100
AcDbSymbolTableRecord
100
AcDbBlockTableRecord
  2
*D10
340
0
  0
BLOCK_RECORD
  5
2A5
330
1
100
AcDbSymbolTableRecord
100
AcDbBlockTableRecord
  2
*D11
340
0
  0
BLOCK_RECORD
  5
2B3
330
1
100
AcDbSymbolTableRecord
100
AcDbBlockTableRecord
  2
*D12
340
0
  0
BLOCK_RECORD
  5
2C1
330
1
100
AcDbSymbolTableRecord
100
AcDbBlockTableRecord
  2
*D13
340
0
  0
BLOCK_RECORD
  5
2CF
330
1
100
AcDbSymbolTableRecord
100
AcDbBlockTableRecord
  2
*D14
340
0
  0
BLOCK_RECORD
  5
308
330
1
100
AcDbSymbolTableRecord
100
AcDbBlockTableRecord
  2
*D15
340
0
  0
BLOCK_RECORD
  5
314
330
1
100
AcDbSymbolTableRecord
100
AcDbBlockTableRecord
  2
*D16
340
0
  0
BLOCK_RECORD
  5
320
330
1
100
AcDbSymbolTableRecord
100
AcDbBlockTableRecord
  2
*D17
340
0
  0
BLOCK_RECORD
  5
32C
330
1
100
AcDbSymbolTableRecord
100
AcDbBlockTableRecord
  2
*D18
340
0
  0
BLOCK_RECORD
  5
338
330
1
100
AcDbSymbolTableRecord
100
AcDbBlockTableRecord
  2
*D19
340
0
  0
BLOCK_RECORD
  5
346
330
1
100
AcDbSymbolTableRecord
100
AcDbBlockTableRecord
  2
*D20
340
0
  0
BLOCK_RECORD
  5
352
330
1
100
AcDbSymbolTableRecord
100
AcDbBlockTableRecord
  2
*D21
340
0
  0
BLOCK_RECORD
  5
35E
330
1
100
AcDbSymbolTableRecord
100
AcDbBlockTableRecord
  2
*D22
340
0
  0
BLOCK_RECORD
  5
36A
330
1
100
AcDbSymbolTableRecord
100
AcDbBlockTableRecord
  2
*D23
340
0
  0
BLOCK_RECORD
  5
373
330
1
100
AcDbSymbolTableRecord
100
AcDbBlockTableRecord
  2
*D24
340
0
  0
BLOCK_RECORD
  5
381
330
1
100
AcDbSymbolTableRecord
100
AcDbBlockTableRecord
  2
*D25
340
0
  0
BLOCK_RECORD
  5
38F
330
1
100
AcDbSymbolTableRecord
100
AcDbBlockTableRecord
  2
*D26
340
0
  0
BLOCK_RECORD
  5
39D
330
1
100
AcDbSymbolTableRecord
100
AcDbBlockTableRecord
  2
*D27
340
0
  0
BLOCK_RECORD
  5
445
330
1
100
AcDbSymbolTableRecord
100
AcDbBlockTableRecord
  2
*D28
340
0
  0
BLOCK_RECORD
  5
452
330
1
100
AcDbSymbolTableRecord
100
AcDbBlockTableRecord
  2
*D29
340
0
  0
BLOCK_RECORD
  5
45F
330
1
100
AcDbSymbolTableRecord
100
AcDbBlockTableRecord
  2
*D30
340
0
  0
BLOCK_RECORD
  5
46D
330
1
100
AcDbSymbolTableRecord
100
AcDbBlockTableRecord
  2
*D31
340
0
  0
BLOCK_RECORD
  5
478
330
1
100
AcDbSymbolTableRecord
100
AcDbBlockTableRecord
  2
*D32
340
0
  0
BLOCK_RECORD
  5
485
330
1
100
AcDbSymbolTableRecord
100
AcDbBlockTableRecord
  2
*D33
340
0
  0
BLOCK_RECORD
  5
492
330
1
100
AcDbSymbolTableRecord
100
AcDbBlockTableRecord
  2
*D34
340
0
  0
BLOCK_RECORD
  5
49F
330
1
100
AcDbSymbolTableRecord
100
AcDbBlockTableRecord
  2
*D35
340
0
  0
BLOCK_RECORD
  5
4AD
330
1
100
AcDbSymbolTableRecord
100
AcDbBlockTableRecord
  2
*D36
340
0
  0
BLOCK_RECORD
  5
4B8
330
1
100
AcDbSymbolTableRecord
100
AcDbBlockTableRecord
  2
*D37
340
0
  0
BLOCK_RECORD
  5
502
330
1
100
AcDbSymbolTableRecord
100
AcDbBlockTableRecord
  2
*D38
340
0
  0
BLOCK_RECORD
  5
50F
330
1
100
AcDbSymbolTableRecord
100
AcDbBlockTableRecord
  2
*D39
340
0
  0
BLOCK_RECORD
  5
51C
330
1
100
AcDbSymbolTableRecord
100
AcDbBlockTableRecord
  2
*D40
340
0
  0
BLOCK_RECORD
  5
52A
330
1
100
AcDbSymbolTableRecord
100
AcDbBlockTableRecord
  2
*D41
340
0
  0
BLOCK_RECORD
  5
534
330
1
100
AcDbSymbolTableRecord
100
AcDbBlockTableRecord
  2
*D42
340
0
  0
BLOCK_RECORD
  5
541
330
1
100
AcDbSymbolTableRecord
100
AcDbBlockTableRecord
  2
*D43
340
0
  0
BLOCK_RECORD
  5
54E
330
1
100
AcDbSymbolTableRecord
100
AcDbBlockTableRecord
  2
*D44
340
0
  0
BLOCK_RECORD
  5
55B
330
1
100
AcDbSymbolTableRecord
100
AcDbBlockTableRecord
  2
*D45
340
0
  0
BLOCK_RECORD
  5
569
330
1
100
AcDbSymbolTableRecord
100
AcDbBlockTableRecord
  2
*D46
340
0
  0
BLOCK_RECORD
  5
5CF
330
1
100
AcDbSymbolTableRecord
100
AcDbBlockTableRecord
  2
*D47
340
0
  0
BLOCK_RECORD
  5
75B
330
1
100
AcDbSymbolTableRecord
100
AcDbBlockTableRecord
  2
*D48
340
0
  0
BLOCK_RECORD
  5
768
330
1
100
AcDbSymbolTableRecord
100
AcDbBlockTableRecord
  2
*D49
340
0
  0
BLOCK_RECORD
  5
775
330
1
100
AcDbSymbolTableRecord
100
AcDbBlockTableRecord
  2
*D50
340
0
  0
BLOCK_RECORD
  5
782
330
1
100
AcDbSymbolTableRecord
100
AcDbBlockTableRecord
  2
*D51
340
0
  0
BLOCK_RECORD
  5
78F
330
1
100
AcDbSymbolTableRecord
100
AcDbBlockTableRecord
  2
*D52
340
0
  0
BLOCK_RECORD
  5
79C
330
1
100
AcDbSymbolTableRecord
100
AcDbBlockTableRecord
  2
*D53
340
0
  0
BLOCK_RECORD
  5
7AA
330
1
100
AcDbSymbolTableRecord
100
AcDbBlockTableRecord
  2
*D54
340
0
  0
BLOCK_RECORD
  5
7B6
330
1
100
AcDbSymbolTableRecord
100
AcDbBlockTableRecord
  2
*D55
340
0
  0
BLOCK_RECORD
  5
7C4
330
1
100
AcDbSymbolTableRecord
100
AcDbBlockTableRecord
  2
*D56
340
0
  0
BLOCK_RECORD
  5
7EC
330
1
100
AcDbSymbolTableRecord
100
AcDbBlockTableRecord
  2
*D57
340
0
  0
BLOCK_RECORD
  5
7F9
330
1
100
AcDbSymbolTableRecord
100
AcDbBlockTableRecord
  2
*D58
340
0
  0
BLOCK_RECORD
  5
806
330
1
100
AcDbSymbolTableRecord
100
AcDbBlockTableRecord
  2
*D59
340
0
  0
BLOCK_RECORD
  5
813
330
1
100
AcDbSymbolTableRecord
100
AcDbBlockTableRecord
  2
*D60
340
0
  0
BLOCK_RECORD
  5
820
330
1
100
AcDbSymbolTableRecord
100
AcDbBlockTableRecord
  2
*D61
340
0
  0
BLOCK_RECORD
  5
82D
330
1
100
AcDbSymbolTableRecord
100
AcDbBlockTableRecord
  2
*D62
340
0
  0
BLOCK_RECORD
  5
83B
330
1
100
AcDbSymbolTableRecord
100
AcDbBlockTableRecord
  2
*D63
340
0
  0
BLOCK_RECORD
  5
846
330
1
100
AcDbSymbolTableRecord
100
AcDbBlockTableRecord
  2
*D64
340
0
  0
BLOCK_RECORD
  5
854
330
1
100
AcDbSymbolTableRecord
100
AcDbBlockTableRecord
  2
*D65
340
0
  0
BLOCK_RECORD
  5
9B7
330
1
100
AcDbSymbolTableRecord
100
AcDbBlockTableRecord
  2
*D66
340
0
  0
BLOCK_RECORD
  5
9C4
330
1
100
AcDbSymbolTableRecord
100
AcDbBlockTableRecord
  2
*D67
340
0
  0
BLOCK_RECORD
  5
9D1
330
1
100
AcDbSymbolTableRecord
100
AcDbBlockTableRecord
  2
*D68
340
0
  0
BLOCK_RECORD
  5
9DE
330
1
100
AcDbSymbolTableRecord
100
AcDbBlockTableRecord
  2
*D69
340
0
  0
BLOCK_RECORD
  5
9EB
330
1
100
AcDbSymbolTableRecord
100
AcDbBlockTableRecord
  2
*D70
340
0
  0
BLOCK_RECORD
  5
9F8
330
1
100
AcDbSymbolTableRecord
100
AcDbBlockTableRecord
  2
*D71
340
0
  0
BLOCK_RECORD
  5
A05
330
1
100
AcDbSymbolTableRecord
100
AcDbBlockTableRecord
  2
*D72
340
0
  0
BLOCK_RECORD
  5
A10
330
1
100
AcDbSymbolTableRecord
100
AcDbBlockTableRecord
  2
*D73
340
0
  0
BLOCK_RECORD
  5
A36
330
1
100
AcDbSymbolTableRecord
100
AcDbBlockTableRecord
  2
*D74
340
0
  0
BLOCK_RECORD
  5
A43
330
1
100
AcDbSymbolTableRecord
100
AcDbBlockTableRecord
  2
*D75
340
0
  0
BLOCK_RECORD
  5
A50
330
1
100
AcDbSymbolTableRecord
100
AcDbBlockTableRecord
  2
*D76
340
0
  0
BLOCK_RECORD
  5
A5D
330
1
100
AcDbSymbolTableRecord
100
AcDbBlockTableRecord
  2
*D77
340
0
  0
BLOCK_RECORD
  5
A6A
330
1
100
AcDbSymbolTableRecord
100
AcDbBlockTableRecord
  2
*D78
340
0
  0
BLOCK_RECORD
  5
A77
330
1
100
AcDbSymbolTableRecord
100
AcDbBlockTableRecord
  2
*D79
340
0
  0
BLOCK_RECORD
  5
A84
330
1
100
AcDbSymbolTableRecord
100
AcDbBlockTableRecord
  2
*D80
340
0
  0
BLOCK_RECORD
  5
A8E
330
1
100
AcDbSymbolTableRecord
100
AcDbBlockTableRecord
  2
*D81
340
0
  0
ENDTAB
  0
ENDSEC
  0
SECTION
  2
BLOCKS
  0
BLOCK
  5
20
330
1F
100
AcDbEntity
  8
0
100
AcDbBlockBegin
  2
*Model_Space
 70
     0
 10
0.0
 20
0.0
 30
0.0
  3
*Model_Space
  1

  0
ENDBLK
  5
21
330
1F
100
AcDbEntity
  8
0
100
AcDbBlockEnd
  0
BLOCK
  5
D4
330
D2
100
AcDbEntity
 67
     1
  8
0
100
AcDbBlockBegin
  2
*Paper_Space
 70
     0
 10
0.0
 20
0.0
 30
0.0
  3
*Paper_Space
  1

  0
ENDBLK
  5
D5
330
D2
100
AcDbEntity
 67
     1
  8
0
100
AcDbBlockEnd
  0
BLOCK
  5
D8
330
D6
100
AcDbEntity
 67
     1
  8
0
100
AcDbBlockBegin
  2
*Paper_Space0
 70
     0
 10
0.0
 20
0.0
 30
0.0
  3
*Paper_Space0
  1

  0
ENDBLK
  5
D9
330
D6
100
AcDbEntity
 67
     1
  8
0
100
AcDbBlockEnd
  0
BLOCK
  5
233
330
230
100
AcDbEntity
  8
0
 62
     1
100
AcDbBlockBegin
  2
\U+6768\U+5E86箭\U+59344
 70
     0
 10
0.0
 20
0.0
 30
0.0
  3
\U+6768\U+5E86箭\U+59344
  1

1001
AcadStringInfo
1000
MIFCodePage
1070
     5
  0
LINE
  5
234
330
230
100
AcDbEntity
  8
\U+56FE形\U+7EBF
 62
   251
370
     0
100
AcDbLine
 10
0.0
 20
0.0
 30
0.0
 11
-1.005978095097814
 21
0.1269699030526681
 31
0.0
1001
AcDbBlockRepETag
1070
     1
1071
        1
1005
234
  0
LINE
  5
235
330
230
100
AcDbEntity
  8
\U+56FE形\U+7EBF
 62
   251
370
     0
100
AcDbLine
 10
-0.7679864827150597
 20
0.0
 30
0.0
 11
-1.005978095097814
 21
0.1269699030526681
 31
0.0
1001
AcDbBlockRepETag
1070
     1
1071
        2
1005
235
  0
LINE
  5
236
330
230
100
AcDbEntity
  8
\U+56FE形\U+7EBF
 62
   251
370
     0
100
AcDbLine
 10
0.0
 20
0.0
 30
0.0
 11
-1.005978095097814
 21
-0.1269699030526681
 31
0.0
1001
AcDbBlockRepETag
1070
     1
1071
        3
1005
236
  0
LINE
  5
237
330
230
100
AcDbEntity
  8
\U+56FE形\U+7EBF
 62
   251
370
     0
100
AcDbLine
 10
-0.7679864827150597
 20
0.0
 30
0.0
 11
-1.005978095097814
 21
-0.1269699030526681
 31
0.0
1001
AcDbBlockRepETag
1070
     1
1071
        4
1005
237
  0
HATCH
  5
238
330
230
100
AcDbEntity
  8
0
100
AcDbHatch
 10
0.0
 20
0.0
 30
0.0
210
0.0
220
0.0
230
1.0
  2
SOLID
 70
     1
 71
     0
 91
        1
 92
        7
 72
     0
 73
     1
 93
        4
 10
-1.005978095097814
 20
0.1269699030526681
 10
-0.7679864827150597
 20
0.0
 10
-1.005978095097814
 20
-0.1269699030526681
 10
0.0
 20
0.0
 97
        0
 75
     0
 76
     1
 47
0.0017237639252227
 98
        1
 10
-0.5408754959935324
 20
0.0039740843640175
450
        0
451
        0
460
0.0
461
0.0
452
        1
462
1.0
453
        2
463
0.0
 63
     5
421
      255
463
1.0
 63
     7
421
 16777215
470
LINEAR
1001
AcDbBlockRepETag
1070
     1
1071
        6
1005
238
1001
ACAD
1010
0.0
1020
0.0
1030
0.0
  0
ENDBLK
  5
239
330
230
100
AcDbEntity
  8
0
 62
     1
100
AcDbBlockEnd
  0
BLOCK
  5
23B
330
23A
100
AcDbEntity
  8
0
100
AcDbBlockBegin
  2
*D2
 70
     1
 10
0.0
 20
0.0
 30
0.0
  3
*D2
  1

  0
LINE
  5
23C
330
23A
100
AcDbEntity
  8
0
 62
   252
440
 16777216
370
    15
100
AcDbLine
 10
12317.97012723126
 20
-365.5196740644702
 30
0.0
 11
12317.97012723126
 21
-369.6669637377409
 31
0.0
  0
LINE
  5
23D
330
23A
100
AcDbEntity
  8
0
 62
   252
440
 16777216
370
    15
100
AcDbLine
 10
12326.17012723127
 20
-365.5196740945052
 30
0.0
 11
12326.17012723127
 21
-369.6669637377409
 31
0.0
  0
LINE
  5
23E
330
23A
100
AcDbEntity
  8
0
 62
   252
440
 16777216
370
     9
100
AcDbLine
 10
12319.17012723126
 20
-369.367113737741
 30
0.0
 11
12324.97012723127
 21
-369.367113737741
 31
0.0
  0
INSERT
  5
23F
330
23A
100
AcDbEntity
  8
0
 62
   252
440
 16777216
370
     9
100
AcDbBlockReference
  2
\U+6768\U+5E86箭\U+59344
 10
12317.97012723126
 20
-369.367113737741
 30
0.0
 41
1.199999999999999
 42
1.199999999999999
 43
1.199999999999999
 50
180.0
  0
INSERT
  5
240
330
23A
100
AcDbEntity
  8
0
 62
   252
440
 16777216
370
     9
100
AcDbBlockReference
  2
\U+6768\U+5E86箭\U+59344
 10
12326.17012723127
 20
-369.367113737741
 30
0.0
 41
1.199999999999999
 42
1.199999999999999
 43
1.199999999999999
  0
MTEXT
  5
241
330
23A
100
AcDbEntity
  8
0
 62
     0
440
 16777216
100
AcDbMText
 10
12322.07012723126
 20
-368.317263737741
 30
0.0
 40
1.5
 41
0.0
 71
     5
 72
     1
  1
8.2
  7
楷体
 73
     1
 44
1.0
  0
POINT
  5
242
330
23A
100
AcDbEntity
  8
Defpoints
 62
     0
440
 16777216
100
AcDbPoint
 10
12317.97012723126
 20
-365.5196740644702
 30
0.0
  0
POINT
  5
243
330
23A
100
AcDbEntity
  8
Defpoints
 62
     0
440
 16777216
100
AcDbPoint
 10
12326.17012723127
 20
-365.5196740945052
 30
0.0
  0
POINT
  5
244
330
23A
100
AcDbEntity
  8
Defpoints
 62
     0
440
 16777216
100
AcDbPoint
 10
12326.17012723127
 20
-369.367113737741
 30
0.0
  0
ENDBLK
  5
245
330
23A
100
AcDbEntity
  8
0
100
AcDbBlockEnd
  0
BLOCK
  5
247
330
246
100
AcDbEntity
  8
0
100
AcDbBlockBegin
  2
*D3
 70
     1
 10
0.0
 20
0.0
 30
0.0
  3
*D3
  1

  0
LINE
  5
248
330
246
100
AcDbEntity
  8
0
 62
   252
440
 16777216
370
    15
100
AcDbLine
 10
12316.97012722759
 20
-366.5196740609995
 30
0.0
 11
12316.97012722759
 21
-372.1600014212082
 31
0.0
  0
LINE
  5
249
330
246
100
AcDbEntity
  8
0
 62
   252
440
 16777216
370
    15
100
AcDbLine
 10
12327.17018163386
 20
-366.7139608489983
 30
0.0
 11
12327.17018163386
 21
-372.1600014212082
 31
0.0
  0
LINE
  5
24A
330
246
100
AcDbEntity
  8
0
 62
   252
440
 16777216
370
     9
100
AcDbLine
 10
12318.17012722759
 20
-371.8601514212082
 30
0.0
 11
12325.97018163386
 21
-371.8601514212082
 31
0.0
  0
INSERT
  5
24B
330
246
100
AcDbEntity
  8
0
 62
   252
440
 16777216
370
     9
100
AcDbBlockReference
  2
\U+6768\U+5E86箭\U+59344
 10
12316.97012722759
 20
-371.8601514212082
 30
0.0
 41
1.199999999999999
 42
1.199999999999999
 43
1.199999999999999
 50
180.0
  0
INSERT
  5
24C
330
246
100
AcDbEntity
  8
0
 62
   252
440
 16777216
370
     9
100
AcDbBlockReference
  2
\U+6768\U+5E86箭\U+59344
 10
12327.17018163386
 20
-371.8601514212082
 30
0.0
 41
1.199999999999999
 42
1.199999999999999
 43
1.199999999999999
  0
MTEXT
  5
24D
330
246
100
AcDbEntity
  8
0
 62
     0
440
 16777216
100
AcDbMText
 10
12322.07015443073
 20
-370.8103014212082
 30
0.0
 40
1.5
 41
0.0
 71
     5
 72
     1
  1
10.2
  7
楷体
 73
     1
 44
1.0
  0
POINT
  5
24E
330
246
100
AcDbEntity
  8
Defpoints
 62
     0
440
 16777216
100
AcDbPoint
 10
12316.97012722759
 20
-366.5196740609995
 30
0.0
  0
POINT
  5
24F
330
246
100
AcDbEntity
  8
Defpoints
 62
     0
440
 16777216
100
AcDbPoint
 10
12327.17018163386
 20
-366.7139608489983
 30
0.0
  0
POINT
  5
250
330
246
100
AcDbEntity
  8
Defpoints
 62
     0
440
 16777216
100
AcDbPoint
 10
12327.17018163386
 20
-371.8601514212082
 30
0.0
  0
ENDBLK
  5
251
330
246
100
AcDbEntity
  8
0
100
AcDbBlockEnd
  0
BLOCK
  5
253
330
252
100
AcDbEntity
  8
0
100
AcDbBlockBegin
  2
*D4
 70
     1
 10
0.0
 20
0.0
 30
0.0
  3
*D4
  1

  0
LINE
  5
254
330
252
100
AcDbEntity
  8
0
 62
   252
440
 16777216
370
    15
100
AcDbLine
 10
12313.82012723496
 20
-364.5146304697505
 30
0.0
 11
12313.82012723496
 21
-375.2993574623025
 31
0.0
  0
LINE
  5
255
330
252
100
AcDbEntity
  8
0
 62
   252
440
 16777216
370
    15
100
AcDbLine
 10
12330.32012723496
 20
-364.5146305301919
 30
0.0
 11
12330.32012723496
 21
-375.2993574623025
 31
0.0
  0
LINE
  5
256
330
252
100
AcDbEntity
  8
0
 62
   252
440
 16777216
370
     9
100
AcDbLine
 10
12315.02012723496
 20
-374.9995074623025
 30
0.0
 11
12329.12012723496
 21
-374.9995074623025
 31
0.0
  0
INSERT
  5
257
330
252
100
AcDbEntity
  8
0
 62
   252
440
 16777216
370
     9
100
AcDbBlockReference
  2
\U+6768\U+5E86箭\U+59344
 10
12313.82012723496
 20
-374.9995074623025
 30
0.0
 41
1.199999999999999
 42
1.199999999999999
 43
1.199999999999999
 50
180.0
  0
INSERT
  5
258
330
252
100
AcDbEntity
  8
0
 62
   252
440
 16777216
370
     9
100
AcDbBlockReference
  2
\U+6768\U+5E86箭\U+59344
 10
12330.32012723496
 20
-374.9995074623025
 30
0.0
 41
1.199999999999999
 42
1.199999999999999
 43
1.199999999999999
  0
MTEXT
  5
259
330
252
100
AcDbEntity
  8
0
 62
     0
440
 16777216
100
AcDbMText
 10
12322.07012723496
 20
-373.9496574623025
 30
0.0
 40
1.5
 41
0.0
 71
     5
 72
     1
  1
16.5
  7
楷体
 73
     1
 44
1.0
  0
POINT
  5
25A
330
252
100
AcDbEntity
  8
Defpoints
 62
     0
440
 16777216
100
AcDbPoint
 10
12313.82012723496
 20
-364.5146304697505
 30
0.0
  0
POINT
  5
25B
330
252
100
AcDbEntity
  8
Defpoints
 62
     0
440
 16777216
100
AcDbPoint
 10
12330.32012723496
 20
-364.5146305301919
 30
0.0
  0
POINT
  5
25C
330
252
100
AcDbEntity
  8
Defpoints
 62
     0
440
 16777216
100
AcDbPoint
 10
12330.32012723496
 20
-374.9995074623025
 30
0.0
  0
ENDBLK
  5
25D
330
252
100
AcDbEntity
  8
0
100
AcDbBlockEnd
  0
BLOCK
  5
25F
330
25E
100
AcDbEntity
  8
0
100
AcDbBlockBegin
  2
*D5
 70
     1
 10
0.0
 20
0.0
 30
0.0
  3
*D5
  1

  0
LINE
  5
260
330
25E
100
AcDbEntity
  8
0
 62
   252
440
 16777216
370
    15
100
AcDbLine
 10
12307.07012723493
 20
-364.5196740242996
 30
0.0
 11
12307.07012723493
 21
-378.2874140172927
 31
0.0
  0
LINE
  5
261
330
25E
100
AcDbEntity
  8
0
 62
   252
440
 16777216
370
    15
100
AcDbLine
 10
12337.07012723493
 20
-364.5196741342321
 30
0.0
 11
12337.07012723493
 21
-378.2874140172927
 31
0.0
  0
LINE
  5
262
330
25E
100
AcDbEntity
  8
0
 62
   252
440
 16777216
370
     9
100
AcDbLine
 10
12308.27012723493
 20
-377.9875640172927
 30
0.0
 11
12335.87012723493
 21
-377.9875640172927
 31
0.0
  0
INSERT
  5
263
330
25E
100
AcDbEntity
  8
0
 62
   252
440
 16777216
370
     9
100
AcDbBlockReference
  2
\U+6768\U+5E86箭\U+59344
 10
12307.07012723493
 20
-377.9875640172927
 30
0.0
 41
1.199999999999999
 42
1.199999999999999
 43
1.199999999999999
 50
180.0
  0
INSERT
  5
264
330
25E
100
AcDbEntity
  8
0
 62
   252
440
 16777216
370
     9
100
AcDbBlockReference
  2
\U+6768\U+5E86箭\U+59344
 10
12337.07012723493
 20
-377.9875640172927
 30
0.0
 41
1.199999999999999
 42
1.199999999999999
 43
1.199999999999999
  0
MTEXT
  5
265
330
25E
100
AcDbEntity
  8
0
 62
     0
440
 16777216
100
AcDbMText
 10
12322.07012723493
 20
-376.9377140172927
 30
0.0
 40
1.5
 41
0.0
 71
     5
 72
     1
  1
30
  7
楷体
 73
     1
 44
1.0
  0
POINT
  5
266
330
25E
100
AcDbEntity
  8
Defpoints
 62
     0
440
 16777216
100
AcDbPoint
 10
12307.07012723493
 20
-364.5196740242996
 30
0.0
  0
POINT
  5
267
330
25E
100
AcDbEntity
  8
Defpoints
 62
     0
440
 16777216
100
AcDbPoint
 10
12337.07012723493
 20
-364.5196741342321
 30
0.0
  0
POINT
  5
268
330
25E
100
AcDbEntity
  8
Defpoints
 62
     0
440
 16777216
100
AcDbPoint
 10
12337.07012723493
 20
-377.9875640172927
 30
0.0
  0
ENDBLK
  5
269
330
25E
100
AcDbEntity
  8
0
100
AcDbBlockEnd
  0
BLOCK
  5
26B
330
26A
100
AcDbEntity
  8
0
100
AcDbBlockBegin
  2
*D6
 70
     1
 10
0.0
 20
0.0
 30
0.0
  3
*D6
  1

  0
LINE
  5
26C
330
26A
100
AcDbEntity
  8
0
 62
   252
440
 16777216
370
    15
100
AcDbLine
 10
12326.84342597102
 20
-366.020864721601
 30
0.0
 11
12339.83908335738
 21
-366.020864721601
 31
0.0
  0
LINE
  5
26D
330
26A
100
AcDbEntity
  8
0
 62
   252
440
 16777216
370
    15
100
AcDbLine
 10
12334.33001966902
 20
-367.0196741244023
 30
0.0
 11
12339.83908335738
 21
-367.0196741244023
 31
0.0
  0
LINE
  5
26E
330
26A
100
AcDbEntity
  8
0
 62
   252
440
 16777216
370
     9
100
AcDbLine
 10
12339.53923335738
 20
-364.820864721601
 30
0.0
 11
12339.53923335738
 21
-363.620864721601
 31
0.0
  0
LINE
  5
26F
330
26A
100
AcDbEntity
  8
0
 62
   252
440
 16777216
370
     9
100
AcDbLine
 10
12339.53923335738
 20
-368.2196741244023
 30
0.0
 11
12339.53923335738
 21
-370.6311059679777
 31
0.0
  0
LINE
  5
270
330
26A
100
AcDbEntity
  8
0
 62
   252
440
 16777216
370
     9
100
AcDbLine
 10
12339.53923335738
 20
-366.020864721601
 30
0.0
 11
12339.53923335738
 21
-367.0196741244023
 31
0.0
  0
INSERT
  5
271
330
26A
100
AcDbEntity
  8
0
 62
   252
440
 16777216
370
     9
100
AcDbBlockReference
  2
\U+6768\U+5E86箭\U+59344
 10
12339.53923335738
 20
-366.020864721601
 30
0.0
 41
1.199999999999999
 42
1.199999999999999
 43
1.199999999999999
 50
270.0
  0
INSERT
  5
272
330
26A
100
AcDbEntity
  8
0
 62
   252
440
 16777216
370
     9
100
AcDbBlockReference
  2
\U+6768\U+5E86箭\U+59344
 10
12339.53923335738
 20
-367.0196741244023
 30
0.0
 41
1.199999999999999
 42
1.199999999999999
 43
1.199999999999999
 50
90.0
  0
MTEXT
  5
273
330
26A
100
AcDbEntity
  8
0
 62
     0
440
 16777216
100
AcDbMText
 10
12338.48938335738
 20
-370.0253900461934
 30
0.0
 40
1.5
 41
0.0
 71
     5
 72
     1
  1
1
  7
楷体
 11
0.0000000000000001
 21
1.0
 31
0.0
 73
     1
 44
1.0
  0
POINT
  5
274
330
26A
100
AcDbEntity
  8
Defpoints
 62
     0
440
 16777216
100
AcDbPoint
 10
12326.84342597102
 20
-366.020864721601
 30
0.0
  0
POINT
  5
275
330
26A
100
AcDbEntity
  8
Defpoints
 62
     0
440
 16777216
100
AcDbPoint
 10
12334.33001966902
 20
-367.0196741244023
 30
0.0
  0
POINT
  5
276
330
26A
100
AcDbEntity
  8
Defpoints
 62
     0
440
 16777216
100
AcDbPoint
 10
12339.53923335738
 20
-367.0196741244023
 30
0.0
  0
ENDBLK
  5
277
330
26A
100
AcDbEntity
  8
0
100
AcDbBlockEnd
  0
BLOCK
  5
279
330
278
100
AcDbEntity
  8
0
100
AcDbBlockBegin
  2
*D7
 70
     1
 10
0.0
 20
0.0
 30
0.0
  3
*D7
  1

  0
LINE
  5
27A
330
278
100
AcDbEntity
  8
0
 62
   252
440
 16777216
370
    15
100
AcDbLine
 10
12330.23225928002
 20
-361.5960197061237
 30
0.0
 11
12343.13340464597
 21
-361.5960197061237
 31
0.0
  0
LINE
  5
27B
330
278
100
AcDbEntity
  8
0
 62
   252
440
 16777216
370
    15
100
AcDbLine
 10
12334.33001966902
 20
-367.0196741244023
 30
0.0
 11
12343.13340464597
 21
-367.0196741244023
 31
0.0
  0
LINE
  5
27C
330
278
100
AcDbEntity
  8
0
 62
   252
440
 16777216
370
     9
100
AcDbLine
 10
12342.83355464597
 20
-362.7960197061237
 30
0.0
 11
12342.83355464597
 21
-365.8196741244023
 31
0.0
  0
INSERT
  5
27D
330
278
100
AcDbEntity
  8
0
 62
   252
440
 16777216
370
     9
100
AcDbBlockReference
  2
\U+6768\U+5E86箭\U+59344
 10
12342.83355464597
 20
-361.5960197061237
 30
0.0
 41
1.199999999999999
 42
1.199999999999999
 43
1.199999999999999
 50
90.0
  0
INSERT
  5
27E
330
278
100
AcDbEntity
  8
0
 62
   252
440
 16777216
370
     9
100
AcDbBlockReference
  2
\U+6768\U+5E86箭\U+59344
 10
12342.83355464597
 20
-367.0196741244023
 30
0.0
 41
1.199999999999999
 42
1.199999999999999
 43
1.199999999999999
 50
270.0
  0
MTEXT
  5
27F
330
278
100
AcDbEntity
  8
0
 62
     0
440
 16777216
100
AcDbMText
 10
12341.78370464596
 20
-364.3078469152663
 30
0.0
 40
1.5
 41
0.0
 71
     5
 72
     1
  1
5.42
  7
楷体
 11
0.0000000000000001
 21
1.0
 31
0.0
 73
     1
 44
1.0
  0
POINT
  5
280
330
278
100
AcDbEntity
  8
Defpoints
 62
     0
440
 16777216
100
AcDbPoint
 10
12330.23225928002
 20
-361.5960197061237
 30
0.0
  0
POINT
  5
281
330
278
100
AcDbEntity
  8
Defpoints
 62
     0
440
 16777216
100
AcDbPoint
 10
12334.33001966902
 20
-367.0196741244023
 30
0.0
  0
POINT
  5
282
330
278
100
AcDbEntity
  8
Defpoints
 62
     0
440
 16777216
100
AcDbPoint
 10
12342.83355464597
 20
-367.0196741244023
 30
0.0
  0
ENDBLK
  5
283
330
278
100
AcDbEntity
  8
0
100
AcDbBlockEnd
  0
BLOCK
  5
285
330
284
100
AcDbEntity
  8
0
100
AcDbBlockBegin
  2
*D8
 70
     1
 10
0.0
 20
0.0
 30
0.0
  3
*D8
  1

  0
LINE
  5
286
330
284
100
AcDbEntity
  8
0
 62
   252
440
 16777216
370
    15
100
AcDbLine
 10
12326.4559136971
 20
-357.819674095556
 30
0.0
 11
12346.80194245988
 21
-357.819674095556
 31
0.0
  0
LINE
  5
287
330
284
100
AcDbEntity
  8
0
 62
   252
440
 16777216
370
    15
100
AcDbLine
 10
12336.28978331323
 20
-367.0196741315836
 30
0.0
 11
12346.80194245988
 21
-367.0196741315836
 31
0.0
  0
LINE
  5
288
330
284
100
AcDbEntity
  8
0
 62
   252
440
 16777216
370
     9
100
AcDbLine
 10
12346.50209245988
 20
-359.019674095556
 30
0.0
 11
12346.50209245988
 21
-365.8196741315837
 31
0.0
  0
INSERT
  5
289
330
284
100
AcDbEntity
  8
0
 62
   252
440
 16777216
370
     9
100
AcDbBlockReference
  2
\U+6768\U+5E86箭\U+59344
 10
12346.50209245988
 20
-357.819674095556
 30
0.0
 41
1.199999999999999
 42
1.199999999999999
 43
1.199999999999999
 50
90.0
  0
INSERT
  5
28A
330
284
100
AcDbEntity
  8
0
 62
   252
440
 16777216
370
     9
100
AcDbBlockReference
  2
\U+6768\U+5E86箭\U+59344
 10
12346.50209245988
 20
-367.0196741315836
 30
0.0
 41
1.199999999999999
 42
1.199999999999999
 43
1.199999999999999
 50
270.0
  0
MTEXT
  5
28B
330
284
100
AcDbEntity
  8
0
 62
     0
440
 16777216
100
AcDbMText
 10
12345.45224245988
 20
-362.4196741135733
 30
0.0
 40
1.5
 41
0.0
 71
     5
 72
     1
  1
9.2
  7
楷体
 11
0.0000000000000001
 21
1.0
 31
0.0
 73
     1
 44
1.0
  0
POINT
  5
28C
330
284
100
AcDbEntity
  8
Defpoints
 62
     0
440
 16777216
100
AcDbPoint
 10
12326.4559136971
 20
-357.819674095556
 30
0.0
  0
POINT
  5
28D
330
284
100
AcDbEntity
  8
Defpoints
 62
     0
440
 16777216
100
AcDbPoint
 10
12336.28978331323
 20
-367.0196741315836
 30
0.0
  0
POINT
  5
28E
330
284
100
AcDbEntity
  8
Defpoints
 62
     0
440
 16777216
100
AcDbPoint
 10
12346.50209245988
 20
-367.0196741315836
 30
0.0
  0
ENDBLK
  5
28F
330
284
100
AcDbEntity
  8
0
100
AcDbBlockEnd
  0
BLOCK
  5
291
330
290
100
AcDbEntity
  8
0
100
AcDbBlockBegin
  2
*D9
 70
     1
 10
0.0
 20
0.0
 30
0.0
  3
*D9
  1

  0
LINE
  5
292
330
290
100
AcDbEntity
  8
0
 62
   252
440
 16777216
370
    15
100
AcDbLine
 10
12334.57012733549
 20
-337.0196741252827
 30
0.0
 11
12349.935692243
 21
-337.0196741252827
 31
0.0
  0
LINE
  5
293
330
290
100
AcDbEntity
  8
0
 62
   252
440
 16777216
370
    15
100
AcDbLine
 10
12338.21442194064
 20
-367.019674138634
 30
0.0
 11
12349.935692243
 21
-367.019674138634
 31
0.0
  0
LINE
  5
294
330
290
100
AcDbEntity
  8
0
 62
   252
440
 16777216
370
     9
100
AcDbLine
 10
12349.635842243
 20
-338.2196741252827
 30
0.0
 11
12349.635842243
 21
-365.8196741386341
 31
0.0
  0
INSERT
  5
295
330
290
100
AcDbEntity
  8
0
 62
   252
440
 16777216
370
     9
100
AcDbBlockReference
  2
\U+6768\U+5E86箭\U+59344
 10
12349.635842243
 20
-337.0196741252827
 30
0.0
 41
1.199999999999999
 42
1.199999999999999
 43
1.199999999999999
 50
90.0
  0
INSERT
  5
296
330
290
100
AcDbEntity
  8
0
 62
   252
440
 16777216
370
     9
100
AcDbBlockReference
  2
\U+6768\U+5E86箭\U+59344
 10
12349.635842243
 20
-367.019674138634
 30
0.0
 41
1.199999999999999
 42
1.199999999999999
 43
1.199999999999999
 50
270.0
  0
MTEXT
  5
297
330
290
100
AcDbEntity
  8
0
 62
     0
440
 16777216
100
AcDbMText
 10
12348.585992243
 20
-352.0196741319618
 30
0.0
 40
1.5
 41
0.0
 71
     5
 72
     1
  1
30
  7
楷体
 11
0.0000000000000001
 21
1.0
 31
0.0
 73
     1
 44
1.0
  0
POINT
  5
298
330
290
100
AcDbEntity
  8
Defpoints
 62
     0
440
 16777216
100
AcDbPoint
 10
12334.57012733549
 20
-337.0196741252827
 30
0.0
  0
POINT
  5
299
330
290
100
AcDbEntity
  8
Defpoints
 62
     0
440
 16777216
100
AcDbPoint
 10
12338.21442194064
 20
-367.019674138634
 30
0.0
  0
POINT
  5
29A
330
290
100
AcDbEntity
  8
Defpoints
 62
     0
440
 16777216
100
AcDbPoint
 10
12349.635842243
 20
-367.019674138634
 30
0.0
  0
ENDBLK
  5
29B
330
290
100
AcDbEntity
  8
0
100
AcDbBlockEnd
  0
BLOCK
  5
29D
330
29C
100
AcDbEntity
  8
0
100
AcDbBlockBegin
  2
*D10
 70
     1
 10
0.0
 20
0.0
 30
0.0
  3
*D10
  1

  0
LINE
  5
29E
330
29C
100
AcDbEntity
  8
0
 62
   252
440
 16777216
370
     9
100
AcDbLine
 10
12301.6454602264
 20
-369.9187677582086
 30
0.0
 11
12306.51235201661
 21
-366.6029432706082
 31
0.0
  0
MTEXT
  5
29F
330
29C
100
AcDbEntity
  8
0
 62
     0
440
 16777216
100
AcDbMText
 10
12302.99193711083
 20
-367.7310599006887
 30
0.0
 40
1.5
 41
0.0
 71
     5
 72
     1
  1
R2.5
  7
楷体
 11
0.8264257346897128
 21
0.5630457397428457
 31
0.0
 73
     1
 44
1.0
  0
LINE
  5
2A0
330
29C
100
AcDbEntity
  8
0
 62
   252
440
 16777216
370
     9
100
AcDbLine
 10
12309.57012723513
 20
-364.5196740334487
 30
0.0
 11
12307.50406289824
 21
-365.9272883829162
 31
0.0
  0
INSERT
  5
2A1
330
29C
100
AcDbEntity
  8
0
 62
   252
440
 16777216
370
     9
100
AcDbBlockReference
  2
\U+6768\U+5E86箭\U+59344
 10
12307.50406289824
 20
-365.9272883829162
 30
0.0
 41
1.199999999999999
 42
1.199999999999999
 43
1.199999999999999
 50
34.26669375033808
  0
POINT
  5
2A2
330
29C
100
AcDbEntity
  8
Defpoints
 62
     0
440
 16777216
100
AcDbPoint
 10
12307.50406289824
 20
-365.9272883829162
 30
0.0
  0
POINT
  5
2A3
330
29C
100
AcDbEntity
  8
Defpoints
 62
     0
440
 16777216
100
AcDbPoint
 10
12309.57012723513
 20
-364.5196740334487
 30
0.0
  0
ENDBLK
  5
2A4
330
29C
100
AcDbEntity
  8
0
100
AcDbBlockEnd
  0
BLOCK
  5
2A6
330
2A5
100
AcDbEntity
  8
0
100
AcDbBlockBegin
  2
*D11
 70
     1
 10
0.0
 20
0.0
 30
0.0
  3
*D11
  1

  0
LINE
  5
2A7
330
2A5
100
AcDbEntity
  8
0
 62
   252
440
 16777216
370
    15
100
AcDbLine
 10
12329.80223408506
 20
-345.7017808890041
 30
0.0
 11
12329.18795880423
 21
-346.3160561653331
 31
0.0
  0
LINE
  5
2A8
330
2A5
100
AcDbEntity
  8
0
 62
   252
440
 16777216
370
    15
100
AcDbLine
 10
12328.38802052786
 20
-344.2875673214467
 30
0.0
 11
12327.77374524703
 21
-344.9018425977757
 31
0.0
  0
LINE
  5
2A9
330
2A5
100
AcDbEntity
  8
0
 62
   252
440
 16777216
370
     9
100
AcDbLine
 10
12330.24851290767
 20
-346.9525583383012
 30
0.0
 11
12331.09704104198
 21
-347.8010864788303
 31
0.0
  0
LINE
  5
2AA
330
2A5
100
AcDbEntity
  8
0
 62
   252
440
 16777216
370
     9
100
AcDbLine
 10
12327.13724308183
 20
-343.8412884896825
 30
0.0
 11
12326.28871494751
 21
-342.9927603491533
 31
0.0
  0
LINE
  5
2AB
330
2A5
100
AcDbEntity
  8
0
 62
   252
440
 16777216
370
     9
100
AcDbLine
 10
12329.39998477335
 20
-346.104030197771
 30
0.0
 11
12327.98577121615
 21
-344.6898166302134
 31
0.0
  0
INSERT
  5
2AC
330
2A5
100
AcDbEntity
  8
0
 62
   252
440
 16777216
370
     9
100
AcDbBlockReference
  2
\U+6768\U+5E86箭\U+59344
 10
12329.39998477335
 20
-346.104030197771
 30
0.0
 41
1.199999999999999
 42
1.199999999999999
 43
1.199999999999999
 50
134.9999997902641
  0
INSERT
  5
2AD
330
2A5
100
AcDbEntity
  8
0
 62
   252
440
 16777216
370
     9
100
AcDbBlockReference
  2
\U+6768\U+5E86箭\U+59344
 10
12327.98577121615
 20
-344.6898166302134
 30
0.0
 41
1.199999999999999
 42
1.199999999999999
 43
1.199999999999999
 50
314.9999997902642
  0
MTEXT
  5
2AE
330
2A5
100
AcDbEntity
  8
0
 62
     0
440
 16777216
100
AcDbMText
 10
12329.43523405169
 20
-344.6545673624815
 30
0.0
 40
1.5
 41
0.0
 71
     5
 72
     1
  1
2
  7
楷体
 11
0.7071067785981258
 21
-0.7071067837749693
 31
0.0
 73
     1
 44
1.0
  0
POINT
  5
2AF
330
2A5
100
AcDbEntity
  8
Defpoints
 62
     0
440
 16777216
100
AcDbPoint
 10
12329.80223408506
 20
-345.7017808890041
 30
0.0
  0
POINT
  5
2B0
330
2A5
100
AcDbEntity
  8
Defpoints
 62
     0
440
 16777216
100
AcDbPoint
 10
12328.38802052786
 20
-344.2875673214467
 30
0.0
  0
POINT
  5
2B1
330
2A5
100
AcDbEntity
  8
Defpoints
 62
     0
440
 16777216
100
AcDbPoint
 10
12327.98577121615
 20
-344.6898166302134
 30
0.0
  0
ENDBLK
  5
2B2
330
2A5
100
AcDbEntity
  8
0
100
AcDbBlockEnd
  0
BLOCK
  5
2B4
330
2B3
100
AcDbEntity
  8
0
100
AcDbBlockBegin
  2
*D12
 70
     1
 10
0.0
 20
0.0
 30
0.0
  3
*D12
  1

  0
LINE
  5
2B5
330
2B3
100
AcDbEntity
  8
0
 62
   252
440
 16777216
370
    15
100
AcDbLine
 10
12310.5988250343
 20
-338.3696740374603
 30
0.0
 11
12310.89867503881
 21
-338.3696740374603
 31
0.0
  0
LINE
  5
2B6
330
2B3
100
AcDbEntity
  8
0
 62
   252
440
 16777216
370
    15
100
AcDbLine
 10
12310.59882503925
 20
-337.0196740374619
 30
0.0
 11
12310.29897503882
 21
-337.0196740374619
 31
0.0
  0
LINE
  5
2B7
330
2B3
100
AcDbEntity
  8
0
 62
   252
440
 16777216
370
     9
100
AcDbLine
 10
12310.59882503882
 20
-339.5696740374603
 30
0.0
 11
12310.59882503882
 21
-340.7696740374604
 31
0.0
  0
LINE
  5
2B8
330
2B3
100
AcDbEntity
  8
0
 62
   252
440
 16777216
370
     9
100
AcDbLine
 10
12310.59882503882
 20
-335.8196740374619
 30
0.0
 11
12310.59882503882
 21
-330.1065662162328
 31
0.0
  0
LINE
  5
2B9
330
2B3
100
AcDbEntity
  8
0
 62
   252
440
 16777216
370
     9
100
AcDbLine
 10
12310.59882503882
 20
-338.3696740374603
 30
0.0
 11
12310.59882503882
 21
-337.0196740374619
 31
0.0
  0
INSERT
  5
2BA
330
2B3
100
AcDbEntity
  8
0
 62
   252
440
 16777216
370
     9
100
AcDbBlockReference
  2
\U+6768\U+5E86箭\U+59344
 10
12310.59882503882
 20
-338.3696740374603
 30
0.0
 41
1.199999999999999
 42
1.199999999999999
 43
1.199999999999999
 50
90.0
  0
INSERT
  5
2BB
330
2B3
100
AcDbEntity
  8
0
 62
   252
440
 16777216
370
     9
100
AcDbBlockReference
  2
\U+6768\U+5E86箭\U+59344
 10
12310.59882503882
 20
-337.0196740374619
 30
0.0
 41
1.199999999999999
 42
1.199999999999999
 43
1.199999999999999
 50
270.0
  0
MTEXT
  5
2BC
330
2B3
100
AcDbEntity
  8
0
 62
     0
440
 16777216
100
AcDbMText
 10
12309.54897503881
 20
-332.3631201268507
 30
0.0
 40
1.5
 41
0.0
 71
     5
 72
     1
  1
1.35
  7
楷体
 11
0.0000000000000001
 21
1.0
 31
0.0
 73
     1
 44
1.0
  0
POINT
  5
2BD
330
2B3
100
AcDbEntity
  8
Defpoints
 62
     0
440
 16777216
100
AcDbPoint
 10
12310.5988250343
 20
-338.3696740374603
 30
0.0
  0
POINT
  5
2BE
330
2B3
100
AcDbEntity
  8
Defpoints
 62
     0
440
 16777216
100
AcDbPoint
 10
12310.59882503925
 20
-337.0196740374619
 30
0.0
  0
POINT
  5
2BF
330
2B3
100
AcDbEntity
  8
Defpoints
 62
     0
440
 16777216
100
AcDbPoint
 10
12310.59882503882
 20
-337.0196740374619
 30
0.0
  0
ENDBLK
  5
2C0
330
2B3
100
AcDbEntity
  8
0
100
AcDbBlockEnd
  0
BLOCK
  5
2C2
330
2C1
100
AcDbEntity
  8
0
100
AcDbBlockBegin
  2
*D13
 70
     1
 10
0.0
 20
0.0
 30
0.0
  3
*D13
  1

  0
LINE
  5
2C3
330
2C1
100
AcDbEntity
  8
0
 62
   252
440
 16777216
370
    15
100
AcDbLine
 10
12308.42012732358
 20
-340.3196740294902
 30
0.0
 11
12308.42012732358
 21
-340.0198240245426
 31
0.0
  0
LINE
  5
2C4
330
2C1
100
AcDbEntity
  8
0
 62
   252
440
 16777216
370
    15
100
AcDbLine
 10
12307.07012732358
 20
-340.3196740245426
 30
0.0
 11
12307.07012732358
 21
-340.0198240245426
 31
0.0
  0
LINE
  5
2C5
330
2C1
100
AcDbEntity
  8
0
 62
   252
440
 16777216
370
     9
100
AcDbLine
 10
12309.62012732359
 20
-340.3196740245426
 30
0.0
 11
12310.82012732358
 21
-340.3196740245426
 31
0.0
  0
LINE
  5
2C6
330
2C1
100
AcDbEntity
  8
0
 62
   252
440
 16777216
370
     9
100
AcDbLine
 10
12305.87012732358
 20
-340.3196740245426
 30
0.0
 11
12300.15701950235
 21
-340.3196740245426
 31
0.0
  0
LINE
  5
2C7
330
2C1
100
AcDbEntity
  8
0
 62
   252
440
 16777216
370
     9
100
AcDbLine
 10
12308.42012732358
 20
-340.3196740245426
 30
0.0
 11
12307.07012732358
 21
-340.3196740245426
 31
0.0
  0
INSERT
  5
2C8
330
2C1
100
AcDbEntity
  8
0
 62
   252
440
 16777216
370
     9
100
AcDbBlockReference
  2
\U+6768\U+5E86箭\U+59344
 10
12308.42012732358
 20
-340.3196740245426
 30
0.0
 41
1.199999999999999
 42
1.199999999999999
 43
1.199999999999999
 50
180.0
  0
INSERT
  5
2C9
330
2C1
100
AcDbEntity
  8
0
 62
   252
440
 16777216
370
     9
100
AcDbBlockReference
  2
\U+6768\U+5E86箭\U+59344
 10
12307.07012732358
 20
-340.3196740245426
 30
0.0
 41
1.199999999999999
 42
1.199999999999999
 43
1.199999999999999
  0
MTEXT
  5
2CA
330
2C1
100
AcDbEntity
  8
0
 62
     0
440
 16777216
100
AcDbMText
 10
12302.41357341296
 20
-339.2698240245426
 30
0.0
 40
1.5
 41
0.0
 71
     5
 72
     1
  1
1.35
  7
楷体
 73
     1
 44
1.0
  0
POINT
  5
2CB
330
2C1
100
AcDbEntity
  8
Defpoints
 62
     0
440
 16777216
100
AcDbPoint
 10
12308.42012732358
 20
-340.3196740294902
 30
0.0
  0
POINT
  5
2CC
330
2C1
100
AcDbEntity
  8
Defpoints
 62
     0
440
 16777216
100
AcDbPoint
 10
12307.07012732358
 20
-340.3196740245426
 30
0.0
  0
POINT
  5
2CD
330
2C1
100
AcDbEntity
  8
Defpoints
 62
     0
440
 16777216
100
AcDbPoint
 10
12307.07012732358
 20
-340.3196740245426
 30
0.0
  0
ENDBLK
  5
2CE
330
2C1
100
AcDbEntity
  8
0
100
AcDbBlockEnd
  0
BLOCK
  5
2D0
330
2CF
100
AcDbEntity
  8
0
100
AcDbBlockBegin
  2
*D14
 70
     1
 10
0.0
 20
0.0
 30
0.0
  3
*D14
  1

  0
LINE
  5
2D1
330
2CF
100
AcDbEntity
  8
0
 62
   252
440
 16777216
370
     9
100
AcDbLine
 10
12311.81993274516
 20
-355.5742179699332
 30
0.0
 11
12317.72403078652
 21
-353.5268055477736
 31
0.0
  0
LINE
  5
2D2
330
2CF
100
AcDbEntity
  8
0
 62
   252
440
 16777216
370
     9
100
AcDbLine
 10
12326.416223775
 20
-350.5125426111198
 30
0.0
 11
12327.54998807784
 21
-350.1193778802531
 31
0.0
  0
MTEXT
  5
2D3
102
{ACAD_XDICTIONARY
360
2D4
102
}
330
2CF
100
AcDbEntity
  8
0
 62
     0
440
 16777216
100
AcDbMText
 10
12313.8611296205
 20
-353.7551920798369
 30
0.0
 40
1.5
 41
0.0
 71
     5
 72
     1
  1
\U+22056.8
  7
楷体
 11
0.944803585702879
 21
0.3276372757226846
 31
0.0
 73
     1
 44
1.0
  0
LINE
  5
2D5
330
2CF
100
AcDbEntity
  8
0
 62
   252
440
 16777216
370
     9
100
AcDbLine
 10
12325.28245947215
 20
-350.9057073419876
 30
0.0
 11
12318.85779508936
 21
-353.1336408169059
 31
0.0
  0
INSERT
  5
2D6
330
2CF
100
AcDbEntity
  8
0
 62
   252
440
 16777216
370
     9
100
AcDbBlockReference
  2
\U+6768\U+5E86箭\U+59344
 10
12325.28245947215
 20
-350.9057073419876
 30
0.0
 41
1.199999999999999
 42
1.199999999999999
 43
1.199999999999999
 50
199.1254303323487
  0
INSERT
  5
2D7
330
2CF
100
AcDbEntity
  8
0
 62
   252
440
 16777216
370
     9
100
AcDbBlockReference
  2
\U+6768\U+5E86箭\U+59344
 10
12318.85779508936
 20
-353.1336408169059
 30
0.0
 41
1.199999999999999
 42
1.199999999999999
 43
1.199999999999999
 50
19.12543033234866
  0
POINT
  5
2D8
330
2CF
100
AcDbEntity
  8
Defpoints
 62
     0
440
 16777216
100
AcDbPoint
 10
12318.85779508936
 20
-353.1336408169059
 30
0.0
  0
POINT
  5
2D9
330
2CF
100
AcDbEntity
  8
Defpoints
 62
     0
440
 16777216
100
AcDbPoint
 10
12325.28245947215
 20
-350.9057073419876
 30
0.0
  0
ENDBLK
  5
2DA
330
2CF
100
AcDbEntity
  8
0
100
AcDbBlockEnd
  0
BLOCK
  5
309
330
308
100
AcDbEntity
  8
0
100
AcDbBlockBegin
  2
*D15
 70
     1
 10
0.0
 20
0.0
 30
0.0
  3
*D15
  1

  0
LINE
  5
3A8
330
308
100
AcDbEntity
  8
0
 62
   252
440
 16777216
370
    15
100
AcDbLine
 10
2274.753711119585
 20
1141.432859481542
 30
0.0
 11
2274.753711119585
 21
1137.285569808271
 31
0.0
  0
LINE
  5
3A9
330
308
100
AcDbEntity
  8
0
 62
   252
440
 16777216
370
    15
100
AcDbLine
 10
2282.953711119597
 20
1141.432859451507
 30
0.0
 11
2282.953711119597
 21
1137.285569808271
 31
0.0
  0
LINE
  5
3AA
330
308
100
AcDbEntity
  8
0
 62
   252
440
 16777216
370
     9
100
AcDbLine
 10
2275.953711119585
 20
1137.585419808271
 30
0.0
 11
2281.753711119597
 21
1137.585419808271
 31
0.0
  0
INSERT
  5
3AB
330
308
100
AcDbEntity
  8
0
 62
   252
440
 16777216
370
     9
100
AcDbBlockReference
  2
\U+6768\U+5E86箭\U+59344
 10
2274.753711119585
 20
1137.585419808271
 30
0.0
 41
1.199999999999999
 42
1.199999999999999
 43
1.199999999999999
 50
180.0
  0
INSERT
  5
3AC
330
308
100
AcDbEntity
  8
0
 62
   252
440
 16777216
370
     9
100
AcDbBlockReference
  2
\U+6768\U+5E86箭\U+59344
 10
2282.953711119597
 20
1137.585419808271
 30
0.0
 41
1.199999999999999
 42
1.199999999999999
 43
1.199999999999999
  0
MTEXT
  5
3AD
330
308
100
AcDbEntity
  8
0
 62
     0
440
 16777216
100
AcDbMText
 10
2278.853711119591
 20
1138.635269808271
 30
0.0
 40
1.5
 41
0.0
 71
     5
 72
     1
  1
8.2
  7
楷体
 73
     1
 44
1.0
  0
POINT
  5
3AE
330
308
100
AcDbEntity
  8
Defpoints
 62
     0
440
 16777216
100
AcDbPoint
 10
2274.753711119585
 20
1141.432859481542
 30
0.0
  0
POINT
  5
3AF
330
308
100
AcDbEntity
  8
Defpoints
 62
     0
440
 16777216
100
AcDbPoint
 10
2282.953711119597
 20
1141.432859451507
 30
0.0
  0
POINT
  5
3B0
330
308
100
AcDbEntity
  8
Defpoints
 62
     0
440
 16777216
100
AcDbPoint
 10
2282.953711119597
 20
1137.585419808271
 30
0.0
  0
ENDBLK
  5
30A
330
308
100
AcDbEntity
  8
0
100
AcDbBlockEnd
  0
BLOCK
  5
315
330
314
100
AcDbEntity
  8
0
100
AcDbBlockBegin
  2
*D16
 70
     1
 10
0.0
 20
0.0
 30
0.0
  3
*D16
  1

  0
LINE
  5
3B1
330
314
100
AcDbEntity
  8
0
 62
   252
440
 16777216
370
    15
100
AcDbLine
 10
2273.753711115918
 20
1140.432859485012
 30
0.0
 11
2273.753711115918
 21
1134.792532124804
 31
0.0
  0
LINE
  5
3B2
330
314
100
AcDbEntity
  8
0
 62
   252
440
 16777216
370
    15
100
AcDbLine
 10
2283.953765522194
 20
1140.238572697014
 30
0.0
 11
2283.953765522194
 21
1134.792532124804
 31
0.0
  0
LINE
  5
3B3
330
314
100
AcDbEntity
  8
0
 62
   252
440
 16777216
370
     9
100
AcDbLine
 10
2274.953711115918
 20
1135.092382124804
 30
0.0
 11
2282.753765522194
 21
1135.092382124804
 31
0.0
  0
INSERT
  5
3B4
330
314
100
AcDbEntity
  8
0
 62
   252
440
 16777216
370
     9
100
AcDbBlockReference
  2
\U+6768\U+5E86箭\U+59344
 10
2273.753711115918
 20
1135.092382124804
 30
0.0
 41
1.199999999999999
 42
1.199999999999999
 43
1.199999999999999
 50
180.0
  0
INSERT
  5
3B5
330
314
100
AcDbEntity
  8
0
 62
   252
440
 16777216
370
     9
100
AcDbBlockReference
  2
\U+6768\U+5E86箭\U+59344
 10
2283.953765522194
 20
1135.092382124804
 30
0.0
 41
1.199999999999999
 42
1.199999999999999
 43
1.199999999999999
  0
MTEXT
  5
3B6
330
314
100
AcDbEntity
  8
0
 62
     0
440
 16777216
100
AcDbMText
 10
2278.853738319056
 20
1136.142232124804
 30
0.0
 40
1.5
 41
0.0
 71
     5
 72
     1
  1
10.2
  7
楷体
 73
     1
 44
1.0
  0
POINT
  5
3B7
330
314
100
AcDbEntity
  8
Defpoints
 62
     0
440
 16777216
100
AcDbPoint
 10
2273.753711115918
 20
1140.432859485012
 30
0.0
  0
POINT
  5
3B8
330
314
100
AcDbEntity
  8
Defpoints
 62
     0
440
 16777216
100
AcDbPoint
 10
2283.953765522194
 20
1140.238572697014
 30
0.0
  0
POINT
  5
3B9
330
314
100
AcDbEntity
  8
Defpoints
 62
     0
440
 16777216
100
AcDbPoint
 10
2283.953765522194
 20
1135.092382124804
 30
0.0
  0
ENDBLK
  5
316
330
314
100
AcDbEntity
  8
0
100
AcDbBlockEnd
  0
BLOCK
  5
321
330
320
100
AcDbEntity
  8
0
100
AcDbBlockBegin
  2
*D17
 70
     1
 10
0.0
 20
0.0
 30
0.0
  3
*D17
  1

  0
LINE
  5
3BA
330
320
100
AcDbEntity
  8
0
 62
   252
440
 16777216
370
    15
100
AcDbLine
 10
2270.603711123287
 20
1142.437903076261
 30
0.0
 11
2270.603711123287
 21
1131.653176083709
 31
0.0
  0
LINE
  5
3BB
330
320
100
AcDbEntity
  8
0
 62
   252
440
 16777216
370
    15
100
AcDbLine
 10
2287.103711123287
 20
1142.43790301582
 30
0.0
 11
2287.103711123287
 21
1131.653176083709
 31
0.0
  0
LINE
  5
3BC
330
320
100
AcDbEntity
  8
0
 62
   252
440
 16777216
370
     9
100
AcDbLine
 10
2271.803711123287
 20
1131.953026083709
 30
0.0
 11
2285.903711123288
 21
1131.953026083709
 31
0.0
  0
INSERT
  5
3BD
330
320
100
AcDbEntity
  8
0
 62
   252
440
 16777216
370
     9
100
AcDbBlockReference
  2
\U+6768\U+5E86箭\U+59344
 10
2270.603711123287
 20
1131.953026083709
 30
0.0
 41
1.199999999999999
 42
1.199999999999999
 43
1.199999999999999
 50
180.0
  0
INSERT
  5
3BE
330
320
100
AcDbEntity
  8
0
 62
   252
440
 16777216
370
     9
100
AcDbBlockReference
  2
\U+6768\U+5E86箭\U+59344
 10
2287.103711123287
 20
1131.953026083709
 30
0.0
 41
1.199999999999999
 42
1.199999999999999
 43
1.199999999999999
  0
MTEXT
  5
3BF
330
320
100
AcDbEntity
  8
0
 62
     0
440
 16777216
100
AcDbMText
 10
2278.853711123288
 20
1133.002876083709
 30
0.0
 40
1.5
 41
0.0
 71
     5
 72
     1
  1
16.5
  7
楷体
 73
     1
 44
1.0
  0
POINT
  5
3C0
330
320
100
AcDbEntity
  8
Defpoints
 62
     0
440
 16777216
100
AcDbPoint
 10
2270.603711123287
 20
1142.437903076261
 30
0.0
  0
POINT
  5
3C1
330
320
100
AcDbEntity
  8
Defpoints
 62
     0
440
 16777216
100
AcDbPoint
 10
2287.103711123287
 20
1142.43790301582
 30
0.0
  0
POINT
  5
3C2
330
320
100
AcDbEntity
  8
Defpoints
 62
     0
440
 16777216
100
AcDbPoint
 10
2287.103711123287
 20
1131.953026083709
 30
0.0
  0
ENDBLK
  5
322
330
320
100
AcDbEntity
  8
0
100
AcDbBlockEnd
  0
BLOCK
  5
32D
330
32C
100
AcDbEntity
  8
0
100
AcDbBlockBegin
  2
*D18
 70
     1
 10
0.0
 20
0.0
 30
0.0
  3
*D18
  1

  0
LINE
  5
3C3
330
32C
100
AcDbEntity
  8
0
 62
   252
440
 16777216
370
    15
100
AcDbLine
 10
2263.853711123258
 20
1142.432859521712
 30
0.0
 11
2263.853711123258
 21
1128.665119528719
 31
0.0
  0
LINE
  5
3C4
330
32C
100
AcDbEntity
  8
0
 62
   252
440
 16777216
370
    15
100
AcDbLine
 10
2293.853711123258
 20
1142.43285941178
 30
0.0
 11
2293.853711123258
 21
1128.665119528719
 31
0.0
  0
LINE
  5
3C5
330
32C
100
AcDbEntity
  8
0
 62
   252
440
 16777216
370
     9
100
AcDbLine
 10
2265.053711123258
 20
1128.964969528719
 30
0.0
 11
2292.653711123258
 21
1128.964969528719
 31
0.0
  0
INSERT
  5
3C6
330
32C
100
AcDbEntity
  8
0
 62
   252
440
 16777216
370
     9
100
AcDbBlockReference
  2
\U+6768\U+5E86箭\U+59344
 10
2263.853711123258
 20
1128.964969528719
 30
0.0
 41
1.199999999999999
 42
1.199999999999999
 43
1.199999999999999
 50
180.0
  0
INSERT
  5
3C7
330
32C
100
AcDbEntity
  8
0
 62
   252
440
 16777216
370
     9
100
AcDbBlockReference
  2
\U+6768\U+5E86箭\U+59344
 10
2293.853711123258
 20
1128.964969528719
 30
0.0
 41
1.199999999999999
 42
1.199999999999999
 43
1.199999999999999
  0
MTEXT
  5
3C8
330
32C
100
AcDbEntity
  8
0
 62
     0
440
 16777216
100
AcDbMText
 10
2278.853711123258
 20
1130.014819528719
 30
0.0
 40
1.5
 41
0.0
 71
     5
 72
     1
  1
30
  7
楷体
 73
     1
 44
1.0
  0
POINT
  5
3C9
330
32C
100
AcDbEntity
  8
Defpoints
 62
     0
440
 16777216
100
AcDbPoint
 10
2263.853711123258
 20
1142.432859521712
 30
0.0
  0
POINT
  5
3CA
330
32C
100
AcDbEntity
  8
Defpoints
 62
     0
440
 16777216
100
AcDbPoint
 10
2293.853711123258
 20
1142.43285941178
 30
0.0
  0
POINT
  5
3CB
330
32C
100
AcDbEntity
  8
Defpoints
 62
     0
440
 16777216
100
AcDbPoint
 10
2293.853711123258
 20
1128.964969528719
 30
0.0
  0
ENDBLK
  5
32E
330
32C
100
AcDbEntity
  8
0
100
AcDbBlockEnd
  0
BLOCK
  5
339
330
338
100
AcDbEntity
  8
0
100
AcDbBlockBegin
  2
*D19
 70
     1
 10
0.0
 20
0.0
 30
0.0
  3
*D19
  1

  0
LINE
  5
3CC
330
338
100
AcDbEntity
  8
0
 62
   252
440
 16777216
370
    15
100
AcDbLine
 10
2283.627009859338
 20
1140.931668824411
 30
0.0
 11
2296.622667245711
 21
1140.931668824411
 31
0.0
  0
LINE
  5
3CD
330
338
100
AcDbEntity
  8
0
 62
   252
440
 16777216
370
    15
100
AcDbLine
 10
2291.113603557343
 20
1139.93285942161
 30
0.0
 11
2296.622667245711
 21
1139.93285942161
 31
0.0
  0
LINE
  5
3CE
330
338
100
AcDbEntity
  8
0
 62
   252
440
 16777216
370
     9
100
AcDbLine
 10
2296.322817245711
 20
1142.131668824411
 30
0.0
 11
2296.322817245711
 21
1143.331668824411
 31
0.0
  0
LINE
  5
3CF
330
338
100
AcDbEntity
  8
0
 62
   252
440
 16777216
370
     9
100
AcDbLine
 10
2296.322817245711
 20
1138.73285942161
 30
0.0
 11
2296.322817245711
 21
1136.321427578034
 31
0.0
  0
LINE
  5
3D0
330
338
100
AcDbEntity
  8
0
 62
   252
440
 16777216
370
     9
100
AcDbLine
 10
2296.322817245711
 20
1140.931668824411
 30
0.0
 11
2296.322817245711
 21
1139.93285942161
 31
0.0
  0
INSERT
  5
3D1
330
338
100
AcDbEntity
  8
0
 62
   252
440
 16777216
370
     9
100
AcDbBlockReference
  2
\U+6768\U+5E86箭\U+59344
 10
2296.322817245711
 20
1140.931668824411
 30
0.0
 41
1.199999999999999
 42
1.199999999999999
 43
1.199999999999999
 50
270.0
  0
INSERT
  5
3D2
330
338
100
AcDbEntity
  8
0
 62
   252
440
 16777216
370
     9
100
AcDbBlockReference
  2
\U+6768\U+5E86箭\U+59344
 10
2296.322817245711
 20
1139.93285942161
 30
0.0
 41
1.199999999999999
 42
1.199999999999999
 43
1.199999999999999
 50
90.0
  0
MTEXT
  5
3D3
330
338
100
AcDbEntity
  8
0
 62
     0
440
 16777216
100
AcDbMText
 10
2295.272967245711
 20
1136.927143499822
 30
0.0
 40
1.5
 41
0.0
 71
     5
 72
     1
  1
1
  7
楷体
 11
0.0000000000000001
 21
1.0
 31
0.0
 73
     1
 44
1.0
  0
POINT
  5
3D4
330
338
100
AcDbEntity
  8
Defpoints
 62
     0
440
 16777216
100
AcDbPoint
 10
2283.627009859338
 20
1140.931668824411
 30
0.0
  0
POINT
  5
3D5
330
338
100
AcDbEntity
  8
Defpoints
 62
     0
440
 16777216
100
AcDbPoint
 10
2291.113603557343
 20
1139.93285942161
 30
0.0
  0
POINT
  5
3D6
330
338
100
AcDbEntity
  8
Defpoints
 62
     0
440
 16777216
100
AcDbPoint
 10
2296.322817245711
 20
1139.93285942161
 30
0.0
  0
ENDBLK
  5
33A
330
338
100
AcDbEntity
  8
0
100
AcDbBlockEnd
  0
BLOCK
  5
347
330
346
100
AcDbEntity
  8
0
100
AcDbBlockBegin
  2
*D20
 70
     1
 10
0.0
 20
0.0
 30
0.0
  3
*D20
  1

  0
LINE
  5
3D7
330
346
100
AcDbEntity
  8
0
 62
   252
440
 16777216
370
    15
100
AcDbLine
 10
2287.015843168338
 20
1145.356513839888
 30
0.0
 11
2299.916988534299
 21
1145.356513839888
 31
0.0
  0
LINE
  5
3D8
330
346
100
AcDbEntity
  8
0
 62
   252
440
 16777216
370
    15
100
AcDbLine
 10
2291.113603557343
 20
1139.93285942161
 30
0.0
 11
2299.916988534299
 21
1139.93285942161
 31
0.0
  0
LINE
  5
3D9
330
346
100
AcDbEntity
  8
0
 62
   252
440
 16777216
370
     9
100
AcDbLine
 10
2299.617138534299
 20
1144.156513839888
 30
0.0
 11
2299.617138534299
 21
1141.13285942161
 31
0.0
  0
INSERT
  5
3DA
330
346
100
AcDbEntity
  8
0
 62
   252
440
 16777216
370
     9
100
AcDbBlockReference
  2
\U+6768\U+5E86箭\U+59344
 10
2299.617138534299
 20
1145.356513839888
 30
0.0
 41
1.199999999999999
 42
1.199999999999999
 43
1.199999999999999
 50
90.0
  0
INSERT
  5
3DB
330
346
100
AcDbEntity
  8
0
 62
   252
440
 16777216
370
     9
100
AcDbBlockReference
  2
\U+6768\U+5E86箭\U+59344
 10
2299.617138534299
 20
1139.93285942161
 30
0.0
 41
1.199999999999999
 42
1.199999999999999
 43
1.199999999999999
 50
270.0
  0
MTEXT
  5
3DC
330
346
100
AcDbEntity
  8
0
 62
     0
440
 16777216
100
AcDbMText
 10
2298.567288534298
 20
1142.644686630749
 30
0.0
 40
1.5
 41
0.0
 71
     5
 72
     1
  1
5.42
  7
楷体
 11
0.0000000000000001
 21
1.0
 31
0.0
 73
     1
 44
1.0
  0
POINT
  5
3DD
330
346
100
AcDbEntity
  8
Defpoints
 62
     0
440
 16777216
100
AcDbPoint
 10
2287.015843168338
 20
1145.356513839888
 30
0.0
  0
POINT
  5
3DE
330
346
100
AcDbEntity
  8
Defpoints
 62
     0
440
 16777216
100
AcDbPoint
 10
2291.113603557343
 20
1139.93285942161
 30
0.0
  0
POINT
  5
3DF
330
346
100
AcDbEntity
  8
Defpoints
 62
     0
440
 16777216
100
AcDbPoint
 10
2299.617138534299
 20
1139.93285942161
 30
0.0
  0
ENDBLK
  5
348
330
346
100
AcDbEntity
  8
0
100
AcDbBlockEnd
  0
BLOCK
  5
353
330
352
100
AcDbEntity
  8
0
100
AcDbBlockBegin
  2
*D21
 70
     1
 10
0.0
 20
0.0
 30
0.0
  3
*D21
  1

  0
LINE
  5
3E0
330
352
100
AcDbEntity
  8
0
 62
   252
440
 16777216
370
    15
100
AcDbLine
 10
2283.239497585426
 20
1149.132859450456
 30
0.0
 11
2303.585526348207
 21
1149.132859450456
 31
0.0
  0
LINE
  5
3E1
330
352
100
AcDbEntity
  8
0
 62
   252
440
 16777216
370
    15
100
AcDbLine
 10
2293.073367201548
 20
1139.932859414428
 30
0.0
 11
2303.585526348207
 21
1139.932859414428
 31
0.0
  0
LINE
  5
3E2
330
352
100
AcDbEntity
  8
0
 62
   252
440
 16777216
370
     9
100
AcDbLine
 10
2303.285676348207
 20
1147.932859450456
 30
0.0
 11
2303.285676348207
 21
1141.132859414428
 31
0.0
  0
INSERT
  5
3E3
330
352
100
AcDbEntity
  8
0
 62
   252
440
 16777216
370
     9
100
AcDbBlockReference
  2
\U+6768\U+5E86箭\U+59344
 10
2303.285676348207
 20
1149.132859450456
 30
0.0
 41
1.199999999999999
 42
1.199999999999999
 43
1.199999999999999
 50
90.0
  0
INSERT
  5
3E4
330
352
100
AcDbEntity
  8
0
 62
   252
440
 16777216
370
     9
100
AcDbBlockReference
  2
\U+6768\U+5E86箭\U+59344
 10
2303.285676348207
 20
1139.932859414428
 30
0.0
 41
1.199999999999999
 42
1.199999999999999
 43
1.199999999999999
 50
270.0
  0
MTEXT
  5
3E5
330
352
100
AcDbEntity
  8
0
 62
     0
440
 16777216
100
AcDbMText
 10
2302.235826348207
 20
1144.532859432442
 30
0.0
 40
1.5
 41
0.0
 71
     5
 72
     1
  1
9.2
  7
楷体
 11
0.0000000000000001
 21
1.0
 31
0.0
 73
     1
 44
1.0
  0
POINT
  5
3E6
330
352
100
AcDbEntity
  8
Defpoints
 62
     0
440
 16777216
100
AcDbPoint
 10
2283.239497585426
 20
1149.132859450456
 30
0.0
  0
POINT
  5
3E7
330
352
100
AcDbEntity
  8
Defpoints
 62
     0
440
 16777216
100
AcDbPoint
 10
2293.073367201548
 20
1139.932859414428
 30
0.0
  0
POINT
  5
3E8
330
352
100
AcDbEntity
  8
Defpoints
 62
     0
440
 16777216
100
AcDbPoint
 10
2303.285676348207
 20
1139.932859414428
 30
0.0
  0
ENDBLK
  5
354
330
352
100
AcDbEntity
  8
0
100
AcDbBlockEnd
  0
BLOCK
  5
35F
330
35E
100
AcDbEntity
  8
0
100
AcDbBlockBegin
  2
*D22
 70
     1
 10
0.0
 20
0.0
 30
0.0
  3
*D22
  1

  0
LINE
  5
3E9
330
35E
100
AcDbEntity
  8
0
 62
   252
440
 16777216
370
    15
100
AcDbLine
 10
2291.353711223812
 20
1169.932859420729
 30
0.0
 11
2306.719276131333
 21
1169.932859420729
 31
0.0
  0
LINE
  5
3EA
330
35E
100
AcDbEntity
  8
0
 62
   252
440
 16777216
370
    15
100
AcDbLine
 10
2294.998005828966
 20
1139.932859407378
 30
0.0
 11
2306.719276131333
 21
1139.932859407378
 31
0.0
  0
LINE
  5
3EB
330
35E
100
AcDbEntity
  8
0
 62
   252
440
 16777216
370
     9
100
AcDbLine
 10
2306.419426131333
 20
1168.732859420729
 30
0.0
 11
2306.419426131333
 21
1141.132859407378
 31
0.0
  0
INSERT
  5
3EC
330
35E
100
AcDbEntity
  8
0
 62
   252
440
 16777216
370
     9
100
AcDbBlockReference
  2
\U+6768\U+5E86箭\U+59344
 10
2306.419426131333
 20
1169.932859420729
 30
0.0
 41
1.199999999999999
 42
1.199999999999999
 43
1.199999999999999
 50
90.0
  0
INSERT
  5
3ED
330
35E
100
AcDbEntity
  8
0
 62
   252
440
 16777216
370
     9
100
AcDbBlockReference
  2
\U+6768\U+5E86箭\U+59344
 10
2306.419426131333
 20
1139.932859407378
 30
0.0
 41
1.199999999999999
 42
1.199999999999999
 43
1.199999999999999
 50
270.0
  0
MTEXT
  5
3EE
330
35E
100
AcDbEntity
  8
0
 62
     0
440
 16777216
100
AcDbMText
 10
2305.369576131333
 20
1154.932859414054
 30
0.0
 40
1.5
 41
0.0
 71
     5
 72
     1
  1
30
  7
楷体
 11
0.0000000000000001
 21
1.0
 31
0.0
 73
     1
 44
1.0
  0
POINT
  5
3EF
330
35E
100
AcDbEntity
  8
Defpoints
 62
     0
440
 16777216
100
AcDbPoint
 10
2291.353711223812
 20
1169.932859420729
 30
0.0
  0
POINT
  5
3F0
330
35E
100
AcDbEntity
  8
Defpoints
 62
     0
440
 16777216
100
AcDbPoint
 10
2294.998005828966
 20
1139.932859407378
 30
0.0
  0
POINT
  5
3F1
330
35E
100
AcDbEntity
  8
Defpoints
 62
     0
440
 16777216
100
AcDbPoint
 10
2306.419426131333
 20
1139.932859407378
 30
0.0
  0
ENDBLK
  5
360
330
35E
100
AcDbEntity
  8
0
100
AcDbBlockEnd
  0
BLOCK
  5
36B
330
36A
100
AcDbEntity
  8
0
100
AcDbBlockBegin
  2
*D23
 70
     1
 10
0.0
 20
0.0
 30
0.0
  3
*D23
  1

  0
LINE
  5
3F2
330
36A
100
AcDbEntity
  8
0
 62
   252
440
 16777216
370
     9
100
AcDbLine
 10
2258.429044114732
 20
1137.033765787803
 30
0.0
 11
2263.295935904944
 21
1140.349590275404
 31
0.0
  0
MTEXT
  5
3F3
330
36A
100
AcDbEntity
  8
0
 62
     0
440
 16777216
100
AcDbMText
 10
2259.775520999155
 20
1139.221473645322
 30
0.0
 40
1.5
 41
0.0
 71
     5
 72
     1
  1
R2.5
  7
楷体
 11
0.8264257346897128
 21
0.5630457397428457
 31
0.0
 73
     1
 44
1.0
  0
LINE
  5
3F4
330
36A
100
AcDbEntity
  8
0
 62
   252
440
 16777216
370
     9
100
AcDbLine
 10
2266.353711123458
 20
1142.432859512563
 30
0.0
 11
2264.287646786571
 21
1141.025245163096
 31
0.0
  0
INSERT
  5
3F5
330
36A
100
AcDbEntity
  8
0
 62
   252
440
 16777216
370
     9
100
AcDbBlockReference
  2
\U+6768\U+5E86箭\U+59344
 10
2264.287646786571
 20
1141.025245163096
 30
0.0
 41
1.199999999999999
 42
1.199999999999999
 43
1.199999999999999
 50
34.26669375033808
  0
POINT
  5
3F6
330
36A
100
AcDbEntity
  8
Defpoints
 62
     0
440
 16777216
100
AcDbPoint
 10
2264.287646786571
 20
1141.025245163096
 30
0.0
  0
POINT
  5
3F7
330
36A
100
AcDbEntity
  8
Defpoints
 62
     0
440
 16777216
100
AcDbPoint
 10
2266.353711123458
 20
1142.432859512563
 30
0.0
  0
ENDBLK
  5
36C
330
36A
100
AcDbEntity
  8
0
100
AcDbBlockEnd
  0
BLOCK
  5
374
330
373
100
AcDbEntity
  8
0
100
AcDbBlockBegin
  2
*D24
 70
     1
 10
0.0
 20
0.0
 30
0.0
  3
*D24
  1

  0
LINE
  5
3F8
330
373
100
AcDbEntity
  8
0
 62
   252
440
 16777216
370
    15
100
AcDbLine
 10
2286.585817973392
 20
1161.250752657008
 30
0.0
 11
2285.971542692565
 21
1160.636477380678
 31
0.0
  0
LINE
  5
3F9
330
373
100
AcDbEntity
  8
0
 62
   252
440
 16777216
370
    15
100
AcDbLine
 10
2285.171604416188
 20
1162.664966224566
 30
0.0
 11
2284.557329135362
 21
1162.050690948236
 31
0.0
  0
LINE
  5
3FA
330
373
100
AcDbEntity
  8
0
 62
   252
440
 16777216
370
     9
100
AcDbLine
 10
2287.032096795997
 20
1159.999975207711
 30
0.0
 11
2287.880624930315
 21
1159.151447067181
 31
0.0
  0
LINE
  5
3FB
330
373
100
AcDbEntity
  8
0
 62
   252
440
 16777216
370
     9
100
AcDbLine
 10
2283.920826970158
 20
1163.111245056329
 30
0.0
 11
2283.07229883584
 21
1163.959773196859
 31
0.0
  0
LINE
  5
3FC
330
373
100
AcDbEntity
  8
0
 62
   252
440
 16777216
370
     9
100
AcDbLine
 10
2286.18356866168
 20
1160.848503348241
 30
0.0
 11
2284.769355104476
 21
1162.262716915799
 31
0.0
  0
INSERT
  5
3FD
330
373
100
AcDbEntity
  8
0
 62
   252
440
 16777216
370
     9
100
AcDbBlockReference
  2
\U+6768\U+5E86箭\U+59344
 10
2286.18356866168
 20
1160.848503348241
 30
0.0
 41
1.199999999999999
 42
1.199999999999999
 43
1.199999999999999
 50
134.9999997902641
  0
INSERT
  5
3FE
330
373
100
AcDbEntity
  8
0
 62
   252
440
 16777216
370
     9
100
AcDbBlockReference
  2
\U+6768\U+5E86箭\U+59344
 10
2284.769355104476
 20
1162.262716915799
 30
0.0
 41
1.199999999999999
 42
1.199999999999999
 43
1.199999999999999
 50
314.9999997902642
  0
MTEXT
  5
3FF
330
373
100
AcDbEntity
  8
0
 62
     0
440
 16777216
100
AcDbMText
 10
2286.218817940024
 20
1162.297966183531
 30
0.0
 40
1.5
 41
0.0
 71
     5
 72
     1
  1
2
  7
楷体
 11
0.7071067785981258
 21
-0.7071067837749693
 31
0.0
 73
     1
 44
1.0
  0
POINT
  5
400
330
373
100
AcDbEntity
  8
Defpoints
 62
     0
440
 16777216
100
AcDbPoint
 10
2286.585817973392
 20
1161.250752657008
 30
0.0
  0
POINT
  5
401
330
373
100
AcDbEntity
  8
Defpoints
 62
     0
440
 16777216
100
AcDbPoint
 10
2285.171604416188
 20
1162.664966224566
 30
0.0
  0
POINT
  5
402
330
373
100
AcDbEntity
  8
Defpoints
 62
     0
440
 16777216
100
AcDbPoint
 10
2284.769355104476
 20
1162.262716915799
 30
0.0
  0
ENDBLK
  5
375
330
373
100
AcDbEntity
  8
0
100
AcDbBlockEnd
  0
BLOCK
  5
382
330
381
100
AcDbEntity
  8
0
100
AcDbBlockBegin
  2
*D25
 70
     1
 10
0.0
 20
0.0
 30
0.0
  3
*D25
  1

  0
LINE
  5
403
330
381
100
AcDbEntity
  8
0
 62
   252
440
 16777216
370
    15
100
AcDbLine
 10
2267.382408922625
 20
1168.582859508552
 30
0.0
 11
2267.682258927146
 21
1168.582859508552
 31
0.0
  0
LINE
  5
404
330
381
100
AcDbEntity
  8
0
 62
   252
440
 16777216
370
    15
100
AcDbLine
 10
2267.382408927574
 20
1169.93285950855
 30
0.0
 11
2267.082558927146
 21
1169.93285950855
 31
0.0
  0
LINE
  5
405
330
381
100
AcDbEntity
  8
0
 62
   252
440
 16777216
370
     9
100
AcDbLine
 10
2267.382408927145
 20
1167.382859508552
 30
0.0
 11
2267.382408927145
 21
1166.182859508551
 31
0.0
  0
LINE
  5
406
330
381
100
AcDbEntity
  8
0
 62
   252
440
 16777216
370
     9
100
AcDbLine
 10
2267.382408927145
 20
1171.13285950855
 30
0.0
 11
2267.382408927145
 21
1176.845967329779
 31
0.0
  0
LINE
  5
407
330
381
100
AcDbEntity
  8
0
 62
   252
440
 16777216
370
     9
100
AcDbLine
 10
2267.382408927145
 20
1168.582859508552
 30
0.0
 11
2267.382408927145
 21
1169.93285950855
 31
0.0
  0
INSERT
  5
408
330
381
100
AcDbEntity
  8
0
 62
   252
440
 16777216
370
     9
100
AcDbBlockReference
  2
\U+6768\U+5E86箭\U+59344
 10
2267.382408927145
 20
1168.582859508552
 30
0.0
 41
1.199999999999999
 42
1.199999999999999
 43
1.199999999999999
 50
90.0
  0
INSERT
  5
409
330
381
100
AcDbEntity
  8
0
 62
   252
440
 16777216
370
     9
100
AcDbBlockReference
  2
\U+6768\U+5E86箭\U+59344
 10
2267.382408927145
 20
1169.93285950855
 30
0.0
 41
1.199999999999999
 42
1.199999999999999
 43
1.199999999999999
 50
270.0
  0
MTEXT
  5
40A
330
381
100
AcDbEntity
  8
0
 62
     0
440
 16777216
100
AcDbMText
 10
2266.332558927146
 20
1174.589413419165
 30
0.0
 40
1.5
 41
0.0
 71
     5
 72
     1
  1
1.35
  7
楷体
 11
0.0000000000000001
 21
1.0
 31
0.0
 73
     1
 44
1.0
  0
POINT
  5
40B
330
381
100
AcDbEntity
  8
Defpoints
 62
     0
440
 16777216
100
AcDbPoint
 10
2267.382408922625
 20
1168.582859508552
 30
0.0
  0
POINT
  5
40C
330
381
100
AcDbEntity
  8
Defpoints
 62
     0
440
 16777216
100
AcDbPoint
 10
2267.382408927574
 20
1169.93285950855
 30
0.0
  0
POINT
  5
40D
330
381
100
AcDbEntity
  8
Defpoints
 62
     0
440
 16777216
100
AcDbPoint
 10
2267.382408927145
 20
1169.93285950855
 30
0.0
  0
ENDBLK
  5
383
330
381
100
AcDbEntity
  8
0
100
AcDbBlockEnd
  0
BLOCK
  5
390
330
38F
100
AcDbEntity
  8
0
100
AcDbBlockBegin
  2
*D26
 70
     1
 10
0.0
 20
0.0
 30
0.0
  3
*D26
  1

  0
LINE
  5
40E
330
38F
100
AcDbEntity
  8
0
 62
   252
440
 16777216
370
    15
100
AcDbLine
 10
2265.203711211914
 20
1166.632859516522
 30
0.0
 11
2265.203711211914
 21
1166.932709521469
 31
0.0
  0
LINE
  5
40F
330
38F
100
AcDbEntity
  8
0
 62
   252
440
 16777216
370
    15
100
AcDbLine
 10
2263.853711211909
 20
1166.632859521469
 30
0.0
 11
2263.853711211909
 21
1166.932709521469
 31
0.0
  0
LINE
  5
410
330
38F
100
AcDbEntity
  8
0
 62
   252
440
 16777216
370
     9
100
AcDbLine
 10
2266.403711211914
 20
1166.632859521469
 30
0.0
 11
2267.603711211914
 21
1166.632859521469
 31
0.0
  0
LINE
  5
411
330
38F
100
AcDbEntity
  8
0
 62
   252
440
 16777216
370
     9
100
AcDbLine
 10
2262.653711211909
 20
1166.632859521469
 30
0.0
 11
2256.940603390679
 21
1166.632859521469
 31
0.0
  0
LINE
  5
412
330
38F
100
AcDbEntity
  8
0
 62
   252
440
 16777216
370
     9
100
AcDbLine
 10
2265.203711211914
 20
1166.632859521469
 30
0.0
 11
2263.853711211909
 21
1166.632859521469
 31
0.0
  0
INSERT
  5
413
330
38F
100
AcDbEntity
  8
0
 62
   252
440
 16777216
370
     9
100
AcDbBlockReference
  2
\U+6768\U+5E86箭\U+59344
 10
2265.203711211914
 20
1166.632859521469
 30
0.0
 41
1.199999999999999
 42
1.199999999999999
 43
1.199999999999999
 50
180.0
  0
INSERT
  5
414
330
38F
100
AcDbEntity
  8
0
 62
   252
440
 16777216
370
     9
100
AcDbBlockReference
  2
\U+6768\U+5E86箭\U+59344
 10
2263.853711211909
 20
1166.632859521469
 30
0.0
 41
1.199999999999999
 42
1.199999999999999
 43
1.199999999999999
  0
MTEXT
  5
415
330
38F
100
AcDbEntity
  8
0
 62
     0
440
 16777216
100
AcDbMText
 10
2259.197157301294
 20
1167.682709521469
 30
0.0
 40
1.5
 41
0.0
 71
     5
 72
     1
  1
1.35
  7
楷体
 73
     1
 44
1.0
  0
POINT
  5
416
330
38F
100
AcDbEntity
  8
Defpoints
 62
     0
440
 16777216
100
AcDbPoint
 10
2265.203711211914
 20
1166.632859516522
 30
0.0
  0
POINT
  5
417
330
38F
100
AcDbEntity
  8
Defpoints
 62
     0
440
 16777216
100
AcDbPoint
 10
2263.853711211909
 20
1166.632859521469
 30
0.0
  0
POINT
  5
418
330
38F
100
AcDbEntity
  8
Defpoints
 62
     0
440
 16777216
100
AcDbPoint
 10
2263.853711211909
 20
1166.632859521469
 30
0.0
  0
ENDBLK
  5
391
330
38F
100
AcDbEntity
  8
0
100
AcDbBlockEnd
  0
BLOCK
  5
39E
330
39D
100
AcDbEntity
  8
0
100
AcDbBlockBegin
  2
*D27
 70
     1
 10
0.0
 20
0.0
 30
0.0
  3
*D27
  1

  0
LINE
  5
419
330
39D
100
AcDbEntity
  8
0
 62
   252
440
 16777216
370
     9
100
AcDbLine
 10
2268.60351663349
 20
1151.378315576079
 30
0.0
 11
2274.507614674847
 21
1153.425727998239
 31
0.0
  0
LINE
  5
41A
330
39D
100
AcDbEntity
  8
0
 62
   252
440
 16777216
370
     9
100
AcDbLine
 10
2283.199807663327
 20
1156.439990934891
 30
0.0
 11
2284.333571966171
 21
1156.833155665758
 31
0.0
  0
MTEXT
  5
41B
102
{ACAD_XDICTIONARY
360
95E
102
}
330
39D
100
AcDbEntity
  8
0
 62
     0
440
 16777216
100
AcDbMText
 10
2270.64471350883
 20
1153.197341466176
 30
0.0
 40
1.5
 41
0.0
 71
     5
 72
     1
  1
\U+22056.8
  7
楷体
 11
0.9448035857029207
 21
0.3276372757225647
 31
0.0
 73
     1
 44
1.0
  0
LINE
  5
41C
330
39D
100
AcDbEntity
  8
0
 62
   252
440
 16777216
370
     9
100
AcDbLine
 10
2282.066043360484
 20
1156.046826204024
 30
0.0
 11
2275.641378977691
 21
1153.818892729106
 31
0.0
  0
INSERT
  5
41D
330
39D
100
AcDbEntity
  8
0
 62
   252
440
 16777216
370
     9
100
AcDbBlockReference
  2
\U+6768\U+5E86箭\U+59344
 10
2282.066043360484
 20
1156.046826204024
 30
0.0
 41
1.199999999999999
 42
1.199999999999999
 43
1.199999999999999
 50
199.1254303323414
  0
INSERT
  5
41E
330
39D
100
AcDbEntity
  8
0
 62
   252
440
 16777216
370
     9
100
AcDbBlockReference
  2
\U+6768\U+5E86箭\U+59344
 10
2275.641378977691
 20
1153.818892729106
 30
0.0
 41
1.199999999999999
 42
1.199999999999999
 43
1.199999999999999
 50
19.12543033234139
  0
POINT
  5
41F
330
39D
100
AcDbEntity
  8
Defpoints
 62
     0
440
 16777216
100
AcDbPoint
 10
2275.641378977691
 20
1153.818892729106
 30
0.0
  0
POINT
  5
420
330
39D
100
AcDbEntity
  8
Defpoints
 62
     0
440
 16777216
100
AcDbPoint
 10
2282.066043360484
 20
1156.046826204024
 30
0.0
  0
ENDBLK
  5
39F
330
39D
100
AcDbEntity
  8
0
100
AcDbBlockEnd
  0
BLOCK
  5
446
330
445
100
AcDbEntity
  8
0
100
AcDbBlockBegin
  2
*D28
 70
     1
 10
0.0
 20
0.0
 30
0.0
  3
*D28
  1

  0
LINE
  5
447
330
445
100
AcDbEntity
  8
0
 62
     0
440
 16777216
370
    -2
100
AcDbLine
 10
8807.852640123698
 20
353.9629063744269
 30
0.0
 11
8820.91641119241
 21
353.9629063744269
 31
0.0
  0
LINE
  5
448
330
445
100
AcDbEntity
  8
0
 62
     0
440
 16777216
370
    -2
100
AcDbLine
 10
8807.852640123698
 20
383.9629063744269
 30
0.0
 11
8820.91641119241
 21
383.9629063744269
 31
0.0
  0
LINE
  5
449
330
445
100
AcDbEntity
  8
0
 62
     0
440
 16777216
370
    -2
100
AcDbLine
 10
8820.51661119241
 20
355.5629063744269
 30
0.0
 11
8820.51661119241
 21
367.5412782707434
 31
0.0
  0
LINE
  5
44A
330
445
100
AcDbEntity
  8
0
 62
     0
440
 16777216
370
    -2
100
AcDbLine
 10
8820.51661119241
 20
382.3629063744269
 30
0.0
 11
8820.51661119241
 21
370.3845344781104
 31
0.0
  0
SOLID
  5
44B
330
445
100
AcDbEntity
  8
0
 62
     0
440
 16777216
100
AcDbTrace
 10
8820.249944525743
 20
355.5629063744269
 30
0.0
 11
8820.783277859076
 21
355.5629063744269
 31
0.0
 12
8820.51661119241
 22
353.9629063744269
 32
0.0
 13
8820.51661119241
 23
353.9629063744269
 33
0.0
  0
SOLID
  5
44C
330
445
100
AcDbEntity
  8
0
 62
     0
440
 16777216
100
AcDbTrace
 10
8820.249944525743
 20
382.3629063744269
 30
0.0
 11
8820.783277859076
 21
382.3629063744269
 31
0.0
 12
8820.51661119241
 22
383.9629063744269
 32
0.0
 13
8820.51661119241
 23
383.9629063744269
 33
0.0
  0
MTEXT
  5
44D
330
445
100
AcDbEntity
  8
0
 62
     0
440
 16777216
370
    -3
100
AcDbMText
 10
8820.516611192408
 20
368.9629063744243
 30
0.0
 40
2.0
 41
0.0
 71
     5
 72
     1
  1
\A1;30.0
 73
     1
 44
1.0
  0
POINT
  5
44E
330
445
100
AcDbEntity
  8
Defpoints
 62
     0
440
 16777216
100
AcDbPoint
 10
8807.452840123699
 20
353.9629063744269
 30
0.0
  0
POINT
  5
44F
330
445
100
AcDbEntity
  8
Defpoints
 62
     0
440
 16777216
100
AcDbPoint
 10
8807.452840123699
 20
383.9629063744269
 30
0.0
  0
POINT
  5
450
330
445
100
AcDbEntity
  8
Defpoints
 62
     0
440
 16777216
100
AcDbPoint
 10
8820.51661119241
 20
383.9629063744269
 30
0.0
  0
ENDBLK
  5
451
330
445
100
AcDbEntity
  8
0
100
AcDbBlockEnd
  0
BLOCK
  5
453
330
452
100
AcDbEntity
  8
0
100
AcDbBlockBegin
  2
*D29
 70
     1
 10
0.0
 20
0.0
 30
0.0
  3
*D29
  1

  0
LINE
  5
454
330
452
100
AcDbEntity
  8
0
 62
     0
440
 16777216
370
    -2
100
AcDbLine
 10
8779.452840123694
 20
382.3627063744268
 30
0.0
 11
8779.452840123694
 21
395.6627094835099
 31
0.0
  0
LINE
  5
455
330
452
100
AcDbEntity
  8
0
 62
     0
440
 16777216
370
    -2
100
AcDbLine
 10
8809.452840123695
 20
382.3627063744268
 30
0.0
 11
8809.452840123695
 21
395.6627094835099
 31
0.0
  0
LINE
  5
456
330
452
100
AcDbEntity
  8
0
 62
     0
440
 16777216
370
    -2
100
AcDbLine
 10
8781.052840123695
 20
395.2629094835099
 30
0.0
 11
8791.459588554801
 21
395.2629094835099
 31
0.0
  0
LINE
  5
457
330
452
100
AcDbEntity
  8
0
 62
     0
440
 16777216
370
    -2
100
AcDbLine
 10
8807.852840123695
 20
395.2629094835099
 30
0.0
 11
8797.44609169259
 21
395.2629094835099
 31
0.0
  0
SOLID
  5
458
330
452
100
AcDbEntity
  8
0
 62
     0
440
 16777216
100
AcDbTrace
 10
8781.052840123695
 20
395.5295761501765
 30
0.0
 11
8781.052840123695
 21
394.9962428168431
 31
0.0
 12
8779.452840123694
 22
395.2629094835099
 32
0.0
 13
8779.452840123694
 23
395.2629094835099
 33
0.0
  0
SOLID
  5
459
330
452
100
AcDbEntity
  8
0
 62
     0
440
 16777216
100
AcDbTrace
 10
8807.852840123695
 20
395.5295761501765
 30
0.0
 11
8807.852840123695
 21
394.9962428168431
 31
0.0
 12
8809.452840123695
 22
395.2629094835099
 32
0.0
 13
8809.452840123695
 23
395.2629094835099
 33
0.0
  0
MTEXT
  5
45A
330
452
100
AcDbEntity
  8
0
 62
     0
440
 16777216
370
    -3
100
AcDbMText
 10
8794.452840123694
 20
395.2629094835099
 30
0.0
 40
2.0
 41
0.0
 71
     5
 72
     1
  1
\A1;30.0
 73
     1
 44
1.0
  0
POINT
  5
45B
330
452
100
AcDbEntity
  8
Defpoints
 62
     0
440
 16777216
100
AcDbPoint
 10
8779.452840123694
 20
381.9629063744268
 30
0.0
  0
POINT
  5
45C
330
452
100
AcDbEntity
  8
Defpoints
 62
     0
440
 16777216
100
AcDbPoint
 10
8809.452840123695
 20
381.9629063744268
 30
0.0
  0
POINT
  5
45D
330
452
100
AcDbEntity
  8
Defpoints
 62
     0
440
 16777216
100
AcDbPoint
 10
8809.452840123695
 20
395.2629094835099
 30
0.0
  0
ENDBLK
  5
45E
330
452
100
AcDbEntity
  8
0
100
AcDbBlockEnd
  0
BLOCK
  5
460
330
45F
100
AcDbEntity
  8
0
100
AcDbBlockBegin
  2
*D30
 70
     1
 10
0.0
 20
0.0
 30
0.0
  3
*D30
  1

  0
LINE
  5
461
330
45F
100
AcDbEntity
  8
0
 62
     0
440
 16777216
370
    -2
100
AcDbLine
 10
8800.735519424806
 20
376.1648244910802
 30
0.0
 11
8800.21815353349
 21
375.647458599763
 31
0.0
  0
LINE
  5
462
330
45F
100
AcDbEntity
  8
0
 62
     0
440
 16777216
370
    -2
100
AcDbLine
 10
8801.654758240347
 20
375.2455856755378
 30
0.0
 11
8801.137392349032
 21
374.7282197842205
 31
0.0
  0
LINE
  5
463
330
45F
100
AcDbEntity
  8
0
 62
     0
440
 16777216
370
    -2
100
AcDbLine
 10
8799.369483974707
 20
377.0615307407798
 30
0.0
 11
8798.238113124808
 21
378.1929015906781
 31
0.0
  0
LINE
  5
464
330
45F
100
AcDbEntity
  8
0
 62
     0
440
 16777216
370
    -2
100
AcDbLine
 10
8802.551464490047
 20
373.8795502254399
 30
0.0
 11
8803.682835339946
 21
372.7481793755414
 31
0.0
  0
LINE
  5
465
330
45F
100
AcDbEntity
  8
0
 62
     0
440
 16777216
370
    -2
100
AcDbLine
 10
8803.682835339946
 20
372.7481793755414
 30
0.0
 11
8805.282835339946
 21
372.7481793755414
 31
0.0
  0
SOLID
  5
466
330
45F
100
AcDbEntity
  8
0
 62
     0
440
 16777216
100
AcDbTrace
 10
8799.558045783024
 20
377.2500925490958
 30
0.0
 11
8799.180922166391
 21
376.8729689324629
 31
0.0
 12
8800.500854824608
 22
375.9301598908813
 32
0.0
 13
8800.500854824608
 23
375.9301598908813
 33
0.0
  0
SOLID
  5
467
330
45F
100
AcDbEntity
  8
0
 62
     0
440
 16777216
100
AcDbTrace
 10
8802.740026298364
 20
374.0681120337558
 30
0.0
 11
8802.362902681734
 21
373.6909884171228
 31
0.0
 12
8801.420093640151
 22
375.0109210753389
 32
0.0
 13
8801.420093640151
 23
375.0109210753389
 33
0.0
  0
MTEXT
  5
468
330
45F
100
AcDbEntity
  8
0
 62
     0
440
 16777216
370
    -3
100
AcDbMText
 10
8807.409101915663
 20
372.7481793755405
 30
0.0
 40
2.0
 41
0.0
 71
     5
 72
     1
  1
\A1;1.3
 73
     1
 44
1.0
  0
POINT
  5
469
330
45F
100
AcDbEntity
  8
Defpoints
 62
     0
440
 16777216
100
AcDbPoint
 10
8801.018220715922
 20
376.4475257821997
 30
0.0
  0
POINT
  5
46A
330
45F
100
AcDbEntity
  8
Defpoints
 62
     0
440
 16777216
100
AcDbPoint
 10
8801.937459531465
 20
375.5282869666562
 30
0.0
  0
POINT
  5
46B
330
45F
100
AcDbEntity
  8
Defpoints
 62
     0
440
 16777216
100
AcDbPoint
 10
8801.420093640151
 20
375.0109210753389
 30
0.0
  0
ENDBLK
  5
46C
330
45F
100
AcDbEntity
  8
0
100
AcDbBlockEnd
  0
BLOCK
  5
46E
330
46D
100
AcDbEntity
  8
0
100
AcDbBlockBegin
  2
*D31
 70
     1
 10
0.0
 20
0.0
 30
0.0
  3
*D31
  1

  0
LINE
  5
46F
330
46D
100
AcDbEntity
  8
0
 62
     0
440
 16777216
370
    -2
100
AcDbLine
 10
8781.513763780814
 20
368.5512610237723
 30
0.0
 11
8789.455368550383
 21
368.803916205139
 31
0.0
  0
MTEXT
  5
470
102
{ACAD_XDICTIONARY
360
471
102
}
330
46D
100
AcDbEntity
  8
0
 62
     0
440
 16777216
370
    -3
100
AcDbMText
 10
8778.203322580267
 20
368.5512610237722
 30
0.0
 40
2.0
 41
0.0
 71
     5
 72
     1
  1
\A1;\U+22056.8
 73
     1
 44
1.0
  0
SOLID
  5
472
330
46D
100
AcDbEntity
  8
0
 62
     0
440
 16777216
100
AcDbTrace
 10
8789.446889074685
 20
369.0704480223823
 30
0.0
 11
8789.463848026077
 21
368.5373843878957
 31
0.0
 12
8791.054559453844
 22
368.8547930593111
 32
0.0
 13
8791.054559453844
 23
368.8547930593111
 33
0.0
  0
LINE
  5
473
330
46D
100
AcDbEntity
  8
0
 62
     0
440
 16777216
370
    -2
100
AcDbLine
 10
8794.362840123696
 20
368.9629063744267
 30
0.0
 11
8794.542840123696
 21
368.9629063744268
 31
0.0
  0
LINE
  5
474
330
46D
100
AcDbEntity
  8
0
 62
     0
440
 16777216
370
    -2
100
AcDbLine
 10
8794.452840123696
 20
368.8729063744268
 30
0.0
 11
8794.452840123696
 21
369.0529063744268
 31
0.0
  0
POINT
  5
475
330
46D
100
AcDbEntity
  8
Defpoints
 62
     0
440
 16777216
100
AcDbPoint
 10
8791.054559453844
 20
368.8547930593111
 30
0.0
  0
POINT
  5
476
330
46D
100
AcDbEntity
  8
Defpoints
 62
     0
440
 16777216
100
AcDbPoint
 10
8797.85112079355
 20
369.0710196895425
 30
0.0
  0
ENDBLK
  5
477
330
46D
100
AcDbEntity
  8
0
100
AcDbBlockEnd
  0
BLOCK
  5
479
330
478
100
AcDbEntity
  8
0
100
AcDbBlockBegin
  2
*D32
 70
     1
 10
0.0
 20
0.0
 30
0.0
  3
*D32
  1

  0
LINE
  5
47A
330
478
100
AcDbEntity
  8
0
 62
     0
440
 16777216
370
    -2
100
AcDbLine
 10
8790.252840123697
 20
383.0627063744269
 30
0.0
 11
8790.252840123697
 21
386.9148461640309
 31
0.0
  0
LINE
  5
47B
330
478
100
AcDbEntity
  8
0
 62
     0
440
 16777216
370
    -2
100
AcDbLine
 10
8798.652840123692
 20
383.0627063744269
 30
0.0
 11
8798.652840123692
 21
386.9148461640309
 31
0.0
  0
LINE
  5
47C
330
478
100
AcDbEntity
  8
0
 62
     0
440
 16777216
370
    -2
100
AcDbLine
 10
8788.652840123694
 20
386.5150461640308
 30
0.0
 11
8787.052840123694
 21
386.5150461640308
 31
0.0
  0
LINE
  5
47D
330
478
100
AcDbEntity
  8
0
 62
     0
440
 16777216
370
    -2
100
AcDbLine
 10
8800.252840123695
 20
386.5150461640308
 30
0.0
 11
8801.852840123695
 21
386.5150461640308
 31
0.0
  0
SOLID
  5
47E
330
478
100
AcDbEntity
  8
0
 62
     0
440
 16777216
100
AcDbTrace
 10
8788.652840123694
 20
386.7817128306975
 30
0.0
 11
8788.652840123694
 21
386.2483794973642
 31
0.0
 12
8790.252840123697
 22
386.5150461640308
 32
0.0
 13
8790.252840123697
 23
386.5150461640308
 33
0.0
  0
SOLID
  5
47F
330
478
100
AcDbEntity
  8
0
 62
     0
440
 16777216
100
AcDbTrace
 10
8800.252840123695
 20
386.7817128306975
 30
0.0
 11
8800.252840123695
 21
386.2483794973642
 31
0.0
 12
8798.652840123692
 22
386.5150461640308
 32
0.0
 13
8798.652840123692
 23
386.5150461640308
 33
0.0
  0
MTEXT
  5
480
330
478
100
AcDbEntity
  8
0
 62
     0
440
 16777216
370
    -3
100
AcDbMText
 10
8794.452840123694
 20
386.5150461640308
 30
0.0
 40
2.0
 41
0.0
 71
     5
 72
     1
  1
\A1;8.4
 73
     1
 44
1.0
  0
POINT
  5
481
330
478
100
AcDbEntity
  8
Defpoints
 62
     0
440
 16777216
100
AcDbPoint
 10
8790.252840123697
 20
382.6629063744268
 30
0.0
  0
POINT
  5
482
330
478
100
AcDbEntity
  8
Defpoints
 62
     0
440
 16777216
100
AcDbPoint
 10
8798.652840123692
 20
382.6629063744268
 30
0.0
  0
POINT
  5
483
330
478
100
AcDbEntity
  8
Defpoints
 62
     0
440
 16777216
100
AcDbPoint
 10
8798.652840123692
 20
386.5150461640308
 30
0.0
  0
ENDBLK
  5
484
330
478
100
AcDbEntity
  8
0
100
AcDbBlockEnd
  0
BLOCK
  5
486
330
485
100
AcDbEntity
  8
0
100
AcDbBlockBegin
  2
*D33
 70
     1
 10
0.0
 20
0.0
 30
0.0
  3
*D33
  1

  0
LINE
  5
487
330
485
100
AcDbEntity
  8
0
 62
     0
440
 16777216
370
    -2
100
AcDbLine
 10
8786.202840123698
 20
382.2627063744268
 30
0.0
 11
8786.202840123698
 21
390.9442219424463
 31
0.0
  0
LINE
  5
488
330
485
100
AcDbEntity
  8
0
 62
     0
440
 16777216
370
    -2
100
AcDbLine
 10
8802.702840123695
 20
382.2627063744268
 30
0.0
 11
8802.702840123695
 21
390.9442219424463
 31
0.0
  0
LINE
  5
489
330
485
100
AcDbEntity
  8
0
 62
     0
440
 16777216
370
    -2
100
AcDbLine
 10
8787.802840123697
 20
390.5444219424464
 30
0.0
 11
8791.542126071854
 21
390.5444219424464
 31
0.0
  0
LINE
  5
48A
330
485
100
AcDbEntity
  8
0
 62
     0
440
 16777216
370
    -2
100
AcDbLine
 10
8801.102840123695
 20
390.5444219424464
 30
0.0
 11
8797.363554175536
 21
390.5444219424464
 31
0.0
  0
SOLID
  5
48B
330
485
100
AcDbEntity
  8
0
 62
     0
440
 16777216
100
AcDbTrace
 10
8787.802840123697
 20
390.811088609113
 30
0.0
 11
8787.802840123697
 21
390.2777552757797
 31
0.0
 12
8786.202840123698
 22
390.5444219424464
 32
0.0
 13
8786.202840123698
 23
390.5444219424464
 33
0.0
  0
SOLID
  5
48C
330
485
100
AcDbEntity
  8
0
 62
     0
440
 16777216
100
AcDbTrace
 10
8801.102840123695
 20
390.811088609113
 30
0.0
 11
8801.102840123695
 21
390.2777552757797
 31
0.0
 12
8802.702840123695
 22
390.5444219424464
 32
0.0
 13
8802.702840123695
 23
390.5444219424464
 33
0.0
  0
MTEXT
  5
48D
330
485
100
AcDbEntity
  8
0
 62
     0
440
 16777216
370
    -3
100
AcDbMText
 10
8794.452840123694
 20
390.5444219424464
 30
0.0
 40
2.0
 41
0.0
 71
     5
 72
     1
  1
\A1;16.5
 73
     1
 44
1.0
  0
POINT
  5
48E
330
485
100
AcDbEntity
  8
Defpoints
 62
     0
440
 16777216
100
AcDbPoint
 10
8786.202840123698
 20
381.8629063744268
 30
0.0
  0
POINT
  5
48F
330
485
100
AcDbEntity
  8
Defpoints
 62
     0
440
 16777216
100
AcDbPoint
 10
8802.702840123695
 20
381.8629063744268
 30
0.0
  0
POINT
  5
490
330
485
100
AcDbEntity
  8
Defpoints
 62
     0
440
 16777216
100
AcDbPoint
 10
8802.702840123695
 20
390.5444219424464
 30
0.0
  0
ENDBLK
  5
491
330
485
100
AcDbEntity
  8
0
100
AcDbBlockEnd
  0
BLOCK
  5
493
330
492
100
AcDbEntity
  8
0
100
AcDbBlockBegin
  2
*D34
 70
     1
 10
0.0
 20
0.0
 30
0.0
  3
*D34
  1

  0
LINE
  5
494
330
492
100
AcDbEntity
  8
0
 62
     0
440
 16777216
370
    -2
100
AcDbLine
 10
8807.852640123698
 20
383.9629063744269
 30
0.0
 11
8817.204044483949
 21
383.9629063744269
 31
0.0
  0
LINE
  5
495
330
492
100
AcDbEntity
  8
0
 62
     0
440
 16777216
370
    -2
100
AcDbLine
 10
8799.609137239441
 20
374.7629063744269
 30
0.0
 11
8817.204044483949
 21
374.7629063744269
 31
0.0
  0
LINE
  5
496
330
492
100
AcDbEntity
  8
0
 62
     0
440
 16777216
370
    -2
100
AcDbLine
 10
8816.80424448395
 20
382.3629063744269
 30
0.0
 11
8816.80424448395
 21
380.7838523498703
 31
0.0
  0
LINE
  5
497
330
492
100
AcDbEntity
  8
0
 62
     0
440
 16777216
370
    -2
100
AcDbLine
 10
8816.80424448395
 20
376.3629063744269
 30
0.0
 11
8816.80424448395
 21
377.9419603989836
 31
0.0
  0
SOLID
  5
498
330
492
100
AcDbEntity
  8
0
 62
     0
440
 16777216
100
AcDbTrace
 10
8816.537577817284
 20
382.3629063744269
 30
0.0
 11
8817.070911150617
 21
382.3629063744269
 31
0.0
 12
8816.80424448395
 22
383.9629063744269
 32
0.0
 13
8816.80424448395
 23
383.9629063744269
 33
0.0
  0
SOLID
  5
499
330
492
100
AcDbEntity
  8
0
 62
     0
440
 16777216
100
AcDbTrace
 10
8816.537577817284
 20
376.3629063744269
 30
0.0
 11
8817.070911150617
 21
376.3629063744269
 31
0.0
 12
8816.80424448395
 22
374.7629063744269
 32
0.0
 13
8816.80424448395
 23
374.7629063744269
 33
0.0
  0
MTEXT
  5
49A
330
492
100
AcDbEntity
  8
0
 62
     0
440
 16777216
370
    -3
100
AcDbMText
 10
8816.804244483948
 20
379.3629063744244
 30
0.0
 40
2.0
 41
0.0
 71
     5
 72
     1
  1
\A1;9.2
 73
     1
 44
1.0
  0
POINT
  5
49B
330
492
100
AcDbEntity
  8
Defpoints
 62
     0
440
 16777216
100
AcDbPoint
 10
8807.452840123699
 20
383.9629063744269
 30
0.0
  0
POINT
  5
49C
330
492
100
AcDbEntity
  8
Defpoints
 62
     0
440
 16777216
100
AcDbPoint
 10
8799.209337239444
 20
374.7629063744269
 30
0.0
  0
POINT
  5
49D
330
492
100
AcDbEntity
  8
Defpoints
 62
     0
440
 16777216
100
AcDbPoint
 10
8816.80424448395
 20
374.7629063744269
 30
0.0
  0
ENDBLK
  5
49E
330
492
100
AcDbEntity
  8
0
100
AcDbBlockEnd
  0
BLOCK
  5
4A0
330
49F
100
AcDbEntity
  8
0
100
AcDbBlockBegin
  2
*D35
 70
     1
 10
0.0
 20
0.0
 30
0.0
  3
*D35
  1

  0
LINE
  5
4A1
330
49F
100
AcDbEntity
  8
0
 62
     0
440
 16777216
370
    -2
100
AcDbLine
 10
8802.047272032083
 20
382.1629063744269
 30
0.0
 11
8812.906745800733
 21
382.1629063744269
 31
0.0
  0
LINE
  5
4A2
330
49F
100
AcDbEntity
  8
0
 62
     0
440
 16777216
370
    -2
100
AcDbLine
 10
8802.047272032083
 20
383.9629063744269
 30
0.0
 11
8812.906745800733
 21
383.9629063744269
 31
0.0
  0
LINE
  5
4A3
330
49F
100
AcDbEntity
  8
0
 62
     0
440
 16777216
370
    -2
100
AcDbLine
 10
8812.506945800732
 20
380.5629063744269
 30
0.0
 11
8812.506945800732
 21
378.9629063744269
 31
0.0
  0
LINE
  5
4A4
330
49F
100
AcDbEntity
  8
0
 62
     0
440
 16777216
370
    -2
100
AcDbLine
 10
8812.506945800732
 20
385.562906374427
 30
0.0
 11
8812.506945800732
 21
387.1629063744269
 31
0.0
  0
LINE
  5
4A5
330
49F
100
AcDbEntity
  8
0
 62
     0
440
 16777216
370
    -2
100
AcDbLine
 10
8812.506945800732
 20
387.1629063744269
 30
0.0
 11
8814.106945800734
 21
387.1629063744269
 31
0.0
  0
SOLID
  5
4A6
330
49F
100
AcDbEntity
  8
0
 62
     0
440
 16777216
100
AcDbTrace
 10
8812.240279134066
 20
380.5629063744269
 30
0.0
 11
8812.773612467401
 21
380.5629063744269
 31
0.0
 12
8812.506945800732
 22
382.1629063744269
 32
0.0
 13
8812.506945800732
 23
382.1629063744269
 33
0.0
  0
SOLID
  5
4A7
330
49F
100
AcDbEntity
  8
0
 62
     0
440
 16777216
100
AcDbTrace
 10
8812.240279134066
 20
385.562906374427
 30
0.0
 11
8812.773612467401
 21
385.562906374427
 31
0.0
 12
8812.506945800732
 22
383.9629063744269
 32
0.0
 13
8812.506945800732
 23
383.9629063744269
 33
0.0
  0
MTEXT
  5
4A8
330
49F
100
AcDbEntity
  8
0
 62
     0
440
 16777216
370
    -3
100
AcDbMText
 10
8816.235258761167
 20
387.1629063744244
 30
0.0
 40
2.0
 41
0.0
 71
     5
 72
     1
  1
\A1;1.8
 73
     1
 44
1.0
  0
POINT
  5
4A9
330
49F
100
AcDbEntity
  8
Defpoints
 62
     0
440
 16777216
100
AcDbPoint
 10
8801.647472032085
 20
382.1629063744269
 30
0.0
  0
POINT
  5
4AA
330
49F
100
AcDbEntity
  8
Defpoints
 62
     0
440
 16777216
100
AcDbPoint
 10
8801.647472032085
 20
383.9629063744269
 30
0.0
  0
POINT
  5
4AB
330
49F
100
AcDbEntity
  8
Defpoints
 62
     0
440
 16777216
100
AcDbPoint
 10
8812.506945800732
 20
383.9629063744269
 30
0.0
  0
ENDBLK
  5
4AC
330
49F
100
AcDbEntity
  8
0
100
AcDbBlockEnd
  0
BLOCK
  5
4AE
330
4AD
100
AcDbEntity
  8
0
100
AcDbBlockBegin
  2
*D36
 70
     1
 10
0.0
 20
0.0
 30
0.0
  3
*D36
  1

  0
LINE
  5
4AF
330
4AD
100
AcDbEntity
  8
0
 62
     0
440
 16777216
370
    -2
100
AcDbLine
 10
8770.400602971553
 20
387.8044968869572
 30
0.0
 11
8774.331435168004
 21
387.8044968869572
 31
0.0
  0
LINE
  5
4B0
330
4AD
100
AcDbEntity
  8
0
 62
     0
440
 16777216
370
    -2
100
AcDbLine
 10
8774.331435168004
 20
387.8044968869572
 30
0.0
 11
8778.669466761
 21
384.246069251627
 31
0.0
  0
MTEXT
  5
4B1
330
4AD
100
AcDbEntity
  8
0
 62
     0
440
 16777216
370
    -3
100
AcDbMText
 10
8767.226587419029
 20
387.8044968869581
 30
0.0
 40
2.0
 41
0.0
 71
     5
 72
     1
  1
\A1;R2.0
 73
     1
 44
1.0
  0
SOLID
  5
4B2
330
4AD
100
AcDbEntity
  8
0
 62
     0
440
 16777216
100
AcDbTrace
 10
8778.838589937087
 20
384.4522450562718
 30
0.0
 11
8778.50034358491
 21
384.0398934469831
 31
0.0
 12
8779.906521588864
 22
383.2313301950926
 32
0.0
 13
8779.906521588864
 23
383.2313301950926
 33
0.0
  0
LINE
  5
4B3
330
4AD
100
AcDbEntity
  8
0
 62
     0
440
 16777216
370
    -2
100
AcDbLine
 10
8781.362840123691
 20
381.9629063744278
 30
0.0
 11
8781.542840123693
 21
381.9629063744278
 31
0.0
  0
LINE
  5
4B4
330
4AD
100
AcDbEntity
  8
0
 62
     0
440
 16777216
370
    -2
100
AcDbLine
 10
8781.452840123693
 20
381.8729063744286
 30
0.0
 11
8781.452840123693
 21
382.052906374428
 31
0.0
  0
POINT
  5
4B5
330
4AD
100
AcDbEntity
  8
Defpoints
 62
     0
440
 16777216
100
AcDbPoint
 10
8779.906521588864
 20
383.2313301950926
 30
0.0
  0
POINT
  5
4B6
330
4AD
100
AcDbEntity
  8
Defpoints
 62
     0
440
 16777216
100
AcDbPoint
 10
8781.452840123693
 20
381.9629063744278
 30
0.0
  0
ENDBLK
  5
4B7
330
4AD
100
AcDbEntity
  8
0
100
AcDbBlockEnd
  0
BLOCK
  5
4B9
330
4B8
100
AcDbEntity
  8
0
100
AcDbBlockBegin
  2
*D37
 70
     1
 10
0.0
 20
0.0
 30
0.0
  3
*D37
  1

  0
LINE
  5
4BA
330
4B8
100
AcDbEntity
  8
0
 62
   252
440
 16777216
370
    -2
100
AcDbLine
 10
8790.252840123697
 20
384.1879063744268
 30
0.0
 11
8790.252840123697
 21
408.3731734726407
 31
0.0
  0
LINE
  5
4BB
330
4B8
100
AcDbEntity
  8
0
 62
   252
440
 16777216
370
    -2
100
AcDbLine
 10
8798.652840123695
 20
384.1879063744268
 30
0.0
 11
8798.652840123695
 21
408.3731734726407
 31
0.0
  0
LINE
  5
4BC
330
4B8
100
AcDbEntity
  8
0
 62
   252
440
 16777216
370
    -2
100
AcDbLine
 10
8792.752840123695
 20
407.1231734726405
 30
0.0
 11
8796.152840123696
 21
407.1231734726405
 31
0.0
  0
SOLID
  5
4BD
330
4B8
100
AcDbEntity
  8
0
 62
   252
440
 16777216
100
AcDbTrace
 10
8792.752840123695
 20
407.5398401393074
 30
0.0
 11
8792.752840123695
 21
406.7065068059736
 31
0.0
 12
8790.252840123697
 22
407.1231734726405
 32
0.0
 13
8790.252840123697
 23
407.1231734726405
 33
0.0
  0
SOLID
  5
4BE
330
4B8
100
AcDbEntity
  8
0
 62
   252
440
 16777216
100
AcDbTrace
 10
8796.152840123696
 20
407.5398401393074
 30
0.0
 11
8796.152840123696
 21
406.7065068059736
 31
0.0
 12
8798.652840123695
 22
407.1231734726405
 32
0.0
 13
8798.652840123695
 23
407.1231734726405
 33
0.0
  0
MTEXT
  5
4BF
330
4B8
100
AcDbEntity
  8
0
440
 16777216
100
AcDbMText
 10
8794.452840123694
 20
409.0246059419449
 30
0.0
 40
2.5
 41
0.0
 71
     5
 72
     1
  1
8.4
 73
     1
 44
1.0
  0
POINT
  5
4C0
330
4B8
100
AcDbEntity
  8
Defpoints
 62
     0
440
 16777216
100
AcDbPoint
 10
8790.252840123697
 20
382.5629063744268
 30
0.0
  0
POINT
  5
4C1
330
4B8
100
AcDbEntity
  8
Defpoints
 62
     0
440
 16777216
100
AcDbPoint
 10
8798.652840123695
 20
382.5629063744268
 30
0.0
  0
POINT
  5
4C2
330
4B8
100
AcDbEntity
  8
Defpoints
 62
     0
440
 16777216
100
AcDbPoint
 10
8798.652840123695
 20
407.1231734726405
 30
0.0
  0
ENDBLK
  5
4C3
330
4B8
100
AcDbEntity
  8
0
100
AcDbBlockEnd
  0
BLOCK
  5
503
330
502
100
AcDbEntity
  8
0
100
AcDbBlockBegin
  2
*D38
 70
     1
 10
0.0
 20
0.0
 30
0.0
  3
*D38
  1

  0
LINE
  5
5DD
330
502
100
AcDbEntity
  8
0
 62
     0
440
 16777216
370
    -2
100
AcDbLine
 10
28.36155934205166
 20
-0.0640581234392094
 30
0.0
 11
41.4253304107668
 21
-0.0640581234392131
 31
0.0
  0
LINE
  5
5DE
330
502
100
AcDbEntity
  8
0
 62
     0
440
 16777216
370
    -2
100
AcDbLine
 10
28.36155934205166
 20
29.93594187656079
 30
0.0
 11
41.4253304107668
 21
29.93594187656079
 31
0.0
  0
LINE
  5
5DF
330
502
100
AcDbEntity
  8
0
 62
     0
440
 16777216
370
    -2
100
AcDbLine
 10
41.0255304107668
 20
1.535941876560787
 30
0.0
 11
41.0255304107668
 21
13.53614187656078
 31
0.0
  0
LINE
  5
5E0
330
502
100
AcDbEntity
  8
0
 62
     0
440
 16777216
370
    -2
100
AcDbLine
 10
41.02553041076681
 20
28.33594187656079
 30
0.0
 11
41.02553041076681
 21
16.33574187656078
 31
0.0
  0
SOLID
  5
5E1
330
502
100
AcDbEntity
  8
0
 62
     0
440
 16777216
100
AcDbTrace
 10
40.75886374410013
 20
1.535941876560787
 30
0.0
 11
41.29219707743346
 21
1.535941876560787
 31
0.0
 12
41.0255304107668
 22
-0.064058123439213
 32
0.0
 13
41.0255304107668
 23
-0.064058123439213
 33
0.0
  0
SOLID
  5
5E2
330
502
100
AcDbEntity
  8
0
 62
     0
440
 16777216
100
AcDbTrace
 10
40.75886374410013
 20
28.33594187656079
 30
0.0
 11
41.29219707743346
 21
28.33594187656079
 31
0.0
 12
41.02553041076681
 22
29.93594187656079
 32
0.0
 13
41.02553041076681
 23
29.93594187656079
 33
0.0
  0
MTEXT
  5
5E3
330
502
100
AcDbEntity
  8
0
 62
     0
440
 16777216
370
    -3
100
AcDbMText
 10
41.0255304107668
 20
14.93594187656079
 30
0.0
 40
2.0
 41
0.0
 71
     5
 72
     1
  1
\A1;30.0
 73
     1
 44
1.0
  0
POINT
  5
5E4
330
502
100
AcDbEntity
  8
Defpoints
 62
     0
440
 16777216
100
AcDbPoint
 10
27.96175934205166
 20
-0.0640581234392093
 30
0.0
  0
POINT
  5
5E5
330
502
100
AcDbEntity
  8
Defpoints
 62
     0
440
 16777216
100
AcDbPoint
 10
27.96175934205166
 20
29.93594187656079
 30
0.0
  0
POINT
  5
5E6
330
502
100
AcDbEntity
  8
Defpoints
 62
     0
440
 16777216
100
AcDbPoint
 10
41.02553041076681
 20
29.93594187656079
 30
0.0
  0
ENDBLK
  5
504
330
502
100
AcDbEntity
  8
0
100
AcDbBlockEnd
  0
BLOCK
  5
510
330
50F
100
AcDbEntity
  8
0
100
AcDbBlockBegin
  2
*D39
 70
     1
 10
0.0
 20
0.0
 30
0.0
  3
*D39
  1

  0
LINE
  5
5E7
330
50F
100
AcDbEntity
  8
0
 62
     0
440
 16777216
370
    -2
100
AcDbLine
 10
-0.0382406579483359
 20
28.33574187656079
 30
0.0
 11
-0.038240657948335
 21
41.63574498564388
 31
0.0
  0
LINE
  5
5E8
330
50F
100
AcDbEntity
  8
0
 62
     0
440
 16777216
370
    -2
100
AcDbLine
 10
29.96175934205167
 20
28.33574187656079
 30
0.0
 11
29.96175934205167
 21
41.63574498564388
 31
0.0
  0
LINE
  5
5E9
330
50F
100
AcDbEntity
  8
0
 62
     0
440
 16777216
370
    -2
100
AcDbLine
 10
1.561759342051665
 20
41.23594498564388
 30
0.0
 11
11.85804872752652
 21
41.23594498564388
 31
0.0
  0
LINE
  5
5EA
330
50F
100
AcDbEntity
  8
0
 62
     0
440
 16777216
370
    -2
100
AcDbLine
 10
28.36175934205166
 20
41.23594498564388
 30
0.0
 11
18.0654699565768
 21
41.23594498564388
 31
0.0
  0
SOLID
  5
5EB
330
50F
100
AcDbEntity
  8
0
 62
     0
440
 16777216
100
AcDbTrace
 10
1.561759342051665
 20
41.50261165231055
 30
0.0
 11
1.561759342051665
 21
40.96927831897722
 31
0.0
 12
-0.0382406579483351
 22
41.23594498564388
 32
0.0
 13
-0.0382406579483351
 23
41.23594498564388
 33
0.0
  0
SOLID
  5
5EC
330
50F
100
AcDbEntity
  8
0
 62
     0
440
 16777216
100
AcDbTrace
 10
28.36175934205166
 20
41.50261165231055
 30
0.0
 11
28.36175934205166
 21
40.96927831897722
 31
0.0
 12
29.96175934205167
 22
41.23594498564388
 32
0.0
 13
29.96175934205167
 23
41.23594498564388
 33
0.0
  0
MTEXT
  5
5ED
330
50F
100
AcDbEntity
  8
0
 62
     0
440
 16777216
370
    -3
100
AcDbMText
 10
14.96175934205166
 20
41.23594498564388
 30
0.0
 40
2.0
 41
0.0
 71
     5
 72
     1
  1
\A1;30.0
 73
     1
 44
1.0
  0
POINT
  5
5EE
330
50F
100
AcDbEntity
  8
Defpoints
 62
     0
440
 16777216
100
AcDbPoint
 10
-0.0382406579483359
 20
27.93594187656079
 30
0.0
  0
POINT
  5
5EF
330
50F
100
AcDbEntity
  8
Defpoints
 62
     0
440
 16777216
100
AcDbPoint
 10
29.96175934205167
 20
27.93594187656079
 30
0.0
  0
POINT
  5
5F0
330
50F
100
AcDbEntity
  8
Defpoints
 62
     0
440
 16777216
100
AcDbPoint
 10
29.96175934205167
 20
41.23594498564388
 30
0.0
  0
ENDBLK
  5
511
330
50F
100
AcDbEntity
  8
0
100
AcDbBlockEnd
  0
BLOCK
  5
51D
330
51C
100
AcDbEntity
  8
0
100
AcDbBlockBegin
  2
*D40
 70
     1
 10
0.0
 20
0.0
 30
0.0
  3
*D40
  1

  0
LINE
  5
5F1
330
51C
100
AcDbEntity
  8
0
 62
     0
440
 16777216
370
    -2
100
AcDbLine
 10
21.24443864316169
 20
22.13785999321363
 30
0.0
 11
20.72707275184571
 21
21.62049410189761
 31
0.0
  0
LINE
  5
5F2
330
51C
100
AcDbEntity
  8
0
 62
     0
440
 16777216
370
    -2
100
AcDbLine
 10
22.16367745870417
 20
21.2186211776712
 30
0.0
 11
21.64631156738819
 21
20.70125528635518
 31
0.0
  0
LINE
  5
5F3
330
51C
100
AcDbEntity
  8
0
 62
     0
440
 16777216
370
    -2
100
AcDbLine
 10
19.87840319306556
 20
23.03456624291444
 30
0.0
 11
18.74703234316706
 21
24.16593709281288
 31
0.0
  0
LINE
  5
5F4
330
51C
100
AcDbEntity
  8
0
 62
     0
440
 16777216
370
    -2
100
AcDbLine
 10
23.06038370840508
 20
19.85258572757513
 30
0.0
 11
24.19175455830359
 21
18.72121487767669
 31
0.0
  0
LINE
  5
5F5
330
51C
100
AcDbEntity
  8
0
 62
     0
440
 16777216
370
    -2
100
AcDbLine
 10
24.19175455830359
 20
18.72121487767669
 30
0.0
 11
25.79175455830359
 21
18.72121487767669
 31
0.0
  0
SOLID
  5
5F6
330
51C
100
AcDbEntity
  8
0
 62
     0
440
 16777216
100
AcDbTrace
 10
20.06696500138197
 20
23.22312805123086
 30
0.0
 11
19.68984138474916
 21
22.84600443459803
 31
0.0
 12
21.00977404296408
 22
21.903195393016
 32
0.0
 13
21.00977404296408
 23
21.903195393016
 33
0.0
  0
SOLID
  5
5F7
330
51C
100
AcDbEntity
  8
0
 62
     0
440
 16777216
100
AcDbTrace
 10
23.24894551672148
 20
20.04114753589155
 30
0.0
 11
22.87182190008867
 21
19.66402391925871
 31
0.0
 12
21.92901285850656
 22
20.98395657747357
 32
0.0
 13
21.92901285850656
 23
20.98395657747357
 33
0.0
  0
MTEXT
  5
5F8
330
51C
100
AcDbEntity
  8
0
 62
     0
440
 16777216
370
    -3
100
AcDbMText
 10
28.08540930690694
 20
18.72121487767669
 30
0.0
 40
2.0
 41
0.0
 71
     5
 72
     1
  1
\A1;1.3
 73
     1
 44
1.0
  0
POINT
  5
5F9
330
51C
100
AcDbEntity
  8
Defpoints
 62
     0
440
 16777216
100
AcDbPoint
 10
21.52713993428006
 20
22.42056128433201
 30
0.0
  0
POINT
  5
5FA
330
51C
100
AcDbEntity
  8
Defpoints
 62
     0
440
 16777216
100
AcDbPoint
 10
22.44637874982255
 20
21.50132246878959
 30
0.0
  0
POINT
  5
5FB
330
51C
100
AcDbEntity
  8
Defpoints
 62
     0
440
 16777216
100
AcDbPoint
 10
21.92901285850656
 20
20.98395657747357
 30
0.0
  0
ENDBLK
  5
51E
330
51C
100
AcDbEntity
  8
0
100
AcDbBlockEnd
  0
BLOCK
  5
52B
330
52A
100
AcDbEntity
  8
0
100
AcDbBlockBegin
  2
*D41
 70
     1
 10
0.0
 20
0.0
 30
0.0
  3
*D41
  1

  0
LINE
  5
5FC
330
52A
100
AcDbEntity
  8
0
 62
     0
440
 16777216
370
    -2
100
AcDbLine
 10
2.022682999173424
 20
14.52429652590636
 30
0.0
 11
9.964287768740195
 21
14.776951707273
 31
0.0
  0
MTEXT
  5
5FD
102
{ACAD_XDICTIONARY
360
963
102
}
330
52A
100
AcDbEntity
  8
0
 62
     0
440
 16777216
370
    -3
100
AcDbMText
 10
-1.468583157357856
 20
14.52429652590636
 30
0.0
 40
2.0
 41
0.0
 71
     5
 72
     1
  1
\A1;\U+22056.8
 73
     1
 44
1.0
  0
SOLID
  5
5FE
330
52A
100
AcDbEntity
  8
0
 62
     0
440
 16777216
100
AcDbTrace
 10
9.955808293044846
 20
15.04348352451636
 30
0.0
 11
9.972767244435543
 21
14.51041989002965
 31
0.0
 12
11.5634786722003
 22
14.82782856144509
 32
0.0
 13
11.5634786722003
 23
14.82782856144509
 33
0.0
  0
LINE
  5
5FF
330
52A
100
AcDbEntity
  8
0
 62
     0
440
 16777216
370
    -2
100
AcDbLine
 10
14.87175934205349
 20
14.93594187656079
 30
0.0
 11
15.05175934205349
 21
14.93594187656079
 31
0.0
  0
LINE
  5
600
330
52A
100
AcDbEntity
  8
0
 62
     0
440
 16777216
370
    -2
100
AcDbLine
 10
14.96175934205349
 20
14.84594187656079
 30
0.0
 11
14.96175934205349
 21
15.02594187656079
 31
0.0
  0
POINT
  5
601
330
52A
100
AcDbEntity
  8
Defpoints
 62
     0
440
 16777216
100
AcDbPoint
 10
11.5634786722003
 20
14.82782856144509
 30
0.0
  0
POINT
  5
602
330
52A
100
AcDbEntity
  8
Defpoints
 62
     0
440
 16777216
100
AcDbPoint
 10
18.36004001190667
 20
15.04405519167649
 30
0.0
  0
ENDBLK
  5
52C
330
52A
100
AcDbEntity
  8
0
100
AcDbBlockEnd
  0
BLOCK
  5
535
330
534
100
AcDbEntity
  8
0
100
AcDbBlockBegin
  2
*D42
 70
     1
 10
0.0
 20
0.0
 30
0.0
  3
*D42
  1

  0
LINE
  5
603
330
534
100
AcDbEntity
  8
0
 62
     0
440
 16777216
370
    -2
100
AcDbLine
 10
10.76175934205093
 20
29.03574187656083
 30
0.0
 11
10.76175934205093
 21
32.88788166616489
 31
0.0
  0
LINE
  5
604
330
534
100
AcDbEntity
  8
0
 62
     0
440
 16777216
370
    -2
100
AcDbLine
 10
19.16175934205057
 20
29.03574187656083
 30
0.0
 11
19.16175934205057
 21
32.88788166616489
 31
0.0
  0
LINE
  5
605
330
534
100
AcDbEntity
  8
0
 62
     0
440
 16777216
370
    -2
100
AcDbLine
 10
9.161759342050935
 20
32.48808166616489
 30
0.0
 11
7.561759342050936
 21
32.48808166616489
 31
0.0
  0
LINE
  5
606
330
534
100
AcDbEntity
  8
0
 62
     0
440
 16777216
370
    -2
100
AcDbLine
 10
20.76175934205057
 20
32.48808166616489
 30
0.0
 11
22.36175934205057
 21
32.48808166616489
 31
0.0
  0
SOLID
  5
607
330
534
100
AcDbEntity
  8
0
 62
     0
440
 16777216
100
AcDbTrace
 10
9.161759342050935
 20
32.75474833283155
 30
0.0
 11
9.161759342050935
 21
32.22141499949823
 31
0.0
 12
10.76175934205093
 22
32.48808166616489
 32
0.0
 13
10.76175934205093
 23
32.48808166616489
 33
0.0
  0
SOLID
  5
608
330
534
100
AcDbEntity
  8
0
 62
     0
440
 16777216
100
AcDbTrace
 10
20.76175934205057
 20
32.75474833283155
 30
0.0
 11
20.76175934205057
 21
32.22141499949823
 31
0.0
 12
19.16175934205057
 22
32.48808166616489
 32
0.0
 13
19.16175934205057
 23
32.48808166616489
 33
0.0
  0
MTEXT
  5
609
330
534
100
AcDbEntity
  8
0
 62
     0
440
 16777216
370
    -3
100
AcDbMText
 10
14.96175934205075
 20
32.48808166616489
 30
0.0
 40
2.0
 41
0.0
 71
     5
 72
     1
  1
\A1;8.4
 73
     1
 44
1.0
  0
POINT
  5
60A
330
534
100
AcDbEntity
  8
Defpoints
 62
     0
440
 16777216
100
AcDbPoint
 10
10.76175934205093
 20
28.63594187656083
 30
0.0
  0
POINT
  5
60B
330
534
100
AcDbEntity
  8
Defpoints
 62
     0
440
 16777216
100
AcDbPoint
 10
19.16175934205057
 20
28.63594187656083
 30
0.0
  0
POINT
  5
60C
330
534
100
AcDbEntity
  8
Defpoints
 62
     0
440
 16777216
100
AcDbPoint
 10
19.16175934205057
 20
32.48808166616489
 30
0.0
  0
ENDBLK
  5
536
330
534
100
AcDbEntity
  8
0
100
AcDbBlockEnd
  0
BLOCK
  5
542
330
541
100
AcDbEntity
  8
0
100
AcDbBlockBegin
  2
*D43
 70
     1
 10
0.0
 20
0.0
 30
0.0
  3
*D43
  1

  0
LINE
  5
60D
330
541
100
AcDbEntity
  8
0
 62
     0
440
 16777216
370
    -2
100
AcDbLine
 10
6.711759342051665
 20
28.23574187656077
 30
0.0
 11
6.711759342051665
 21
36.9172574445804
 31
0.0
  0
LINE
  5
60E
330
541
100
AcDbEntity
  8
0
 62
     0
440
 16777216
370
    -2
100
AcDbLine
 10
23.21175934205166
 20
28.23574187656077
 30
0.0
 11
23.21175934205166
 21
36.9172574445804
 31
0.0
  0
LINE
  5
60F
330
541
100
AcDbEntity
  8
0
 62
     0
440
 16777216
370
    -2
100
AcDbLine
 10
8.311759342051662
 20
36.5174574445804
 30
0.0
 11
11.95302079456563
 21
36.5174574445804
 31
0.0
  0
LINE
  5
610
330
541
100
AcDbEntity
  8
0
 62
     0
440
 16777216
370
    -2
100
AcDbLine
 10
21.61175934205166
 20
36.5174574445804
 30
0.0
 11
17.9704978895377
 21
36.5174574445804
 31
0.0
  0
SOLID
  5
611
330
541
100
AcDbEntity
  8
0
 62
     0
440
 16777216
100
AcDbTrace
 10
8.311759342051662
 20
36.78412411124706
 30
0.0
 11
8.311759342051662
 21
36.25079077791372
 31
0.0
 12
6.711759342051665
 22
36.5174574445804
 32
0.0
 13
6.711759342051665
 23
36.5174574445804
 33
0.0
  0
SOLID
  5
612
330
541
100
AcDbEntity
  8
0
 62
     0
440
 16777216
100
AcDbTrace
 10
21.61175934205166
 20
36.78412411124706
 30
0.0
 11
21.61175934205166
 21
36.25079077791372
 31
0.0
 12
23.21175934205166
 22
36.5174574445804
 32
0.0
 13
23.21175934205166
 23
36.5174574445804
 33
0.0
  0
MTEXT
  5
613
330
541
100
AcDbEntity
  8
0
 62
     0
440
 16777216
370
    -3
100
AcDbMText
 10
14.96175934205166
 20
36.5174574445804
 30
0.0
 40
2.0
 41
0.0
 71
     5
 72
     1
  1
\A1;16.5
 73
     1
 44
1.0
  0
POINT
  5
614
330
541
100
AcDbEntity
  8
Defpoints
 62
     0
440
 16777216
100
AcDbPoint
 10
6.711759342051665
 20
27.83594187656077
 30
0.0
  0
POINT
  5
615
330
541
100
AcDbEntity
  8
Defpoints
 62
     0
440
 16777216
100
AcDbPoint
 10
23.21175934205166
 20
27.83594187656077
 30
0.0
  0
POINT
  5
616
330
541
100
AcDbEntity
  8
Defpoints
 62
     0
440
 16777216
100
AcDbPoint
 10
23.21175934205166
 20
36.5174574445804
 30
0.0
  0
ENDBLK
  5
543
330
541
100
AcDbEntity
  8
0
100
AcDbBlockEnd
  0
BLOCK
  5
54F
330
54E
100
AcDbEntity
  8
0
100
AcDbBlockBegin
  2
*D44
 70
     1
 10
0.0
 20
0.0
 30
0.0
  3
*D44
  1

  0
LINE
  5
617
330
54E
100
AcDbEntity
  8
0
 62
     0
440
 16777216
370
    -2
100
AcDbLine
 10
28.36155934205166
 20
29.93594187656079
 30
0.0
 11
37.71296370230706
 21
29.93594187656079
 31
0.0
  0
LINE
  5
618
330
54E
100
AcDbEntity
  8
0
 62
     0
440
 16777216
370
    -2
100
AcDbLine
 10
20.11805645779609
 20
20.7359418765608
 30
0.0
 11
37.71296370230706
 21
20.7359418765608
 31
0.0
  0
LINE
  5
619
330
54E
100
AcDbEntity
  8
0
 62
     0
440
 16777216
370
    -2
100
AcDbLine
 10
37.31316370230707
 20
28.33594187656079
 30
0.0
 11
37.31316370230707
 21
26.73574187656079
 31
0.0
  0
LINE
  5
61A
330
54E
100
AcDbEntity
  8
0
 62
     0
440
 16777216
370
    -2
100
AcDbLine
 10
37.31316370230707
 20
22.3359418765608
 30
0.0
 11
37.31316370230707
 21
23.9361418765608
 31
0.0
  0
SOLID
  5
61B
330
54E
100
AcDbEntity
  8
0
 62
     0
440
 16777216
100
AcDbTrace
 10
37.0464970356404
 20
28.33594187656079
 30
0.0
 11
37.57983036897373
 21
28.33594187656079
 31
0.0
 12
37.31316370230707
 22
29.93594187656079
 32
0.0
 13
37.31316370230707
 23
29.93594187656079
 33
0.0
  0
SOLID
  5
61C
330
54E
100
AcDbEntity
  8
0
 62
     0
440
 16777216
100
AcDbTrace
 10
37.0464970356404
 20
22.3359418765608
 30
0.0
 11
37.57983036897373
 21
22.3359418765608
 31
0.0
 12
37.31316370230707
 22
20.7359418765608
 32
0.0
 13
37.31316370230707
 23
20.7359418765608
 33
0.0
  0
MTEXT
  5
61D
330
54E
100
AcDbEntity
  8
0
 62
     0
440
 16777216
370
    -3
100
AcDbMText
 10
37.31316370230707
 20
25.3359418765608
 30
0.0
 40
2.0
 41
0.0
 71
     5
 72
     1
  1
\A1;9.2
 73
     1
 44
1.0
  0
POINT
  5
61E
330
54E
100
AcDbEntity
  8
Defpoints
 62
     0
440
 16777216
100
AcDbPoint
 10
27.96175934205166
 20
29.93594187656079
 30
0.0
  0
POINT
  5
61F
330
54E
100
AcDbEntity
  8
Defpoints
 62
     0
440
 16777216
100
AcDbPoint
 10
19.71825645779609
 20
20.7359418765608
 30
0.0
  0
POINT
  5
620
330
54E
100
AcDbEntity
  8
Defpoints
 62
     0
440
 16777216
100
AcDbPoint
 10
37.31316370230707
 20
20.7359418765608
 30
0.0
  0
ENDBLK
  5
550
330
54E
100
AcDbEntity
  8
0
100
AcDbBlockEnd
  0
BLOCK
  5
55C
330
55B
100
AcDbEntity
  8
0
100
AcDbBlockBegin
  2
*D45
 70
     1
 10
0.0
 20
0.0
 30
0.0
  3
*D45
  1

  0
LINE
  5
621
330
55B
100
AcDbEntity
  8
0
 62
     0
440
 16777216
370
    -2
100
AcDbLine
 10
22.55619125043708
 20
28.13594187656078
 30
0.0
 11
33.41566501908969
 21
28.13594187656077
 31
0.0
  0
LINE
  5
622
330
55B
100
AcDbEntity
  8
0
 62
     0
440
 16777216
370
    -2
100
AcDbLine
 10
22.55619125043708
 20
29.93594187656079
 30
0.0
 11
33.41566501908969
 21
29.93594187656079
 31
0.0
  0
LINE
  5
623
330
55B
100
AcDbEntity
  8
0
 62
     0
440
 16777216
370
    -2
100
AcDbLine
 10
33.01586501908969
 20
26.53594187656077
 30
0.0
 11
33.01586501908969
 21
24.93594187656078
 31
0.0
  0
LINE
  5
624
330
55B
100
AcDbEntity
  8
0
 62
     0
440
 16777216
370
    -2
100
AcDbLine
 10
33.01586501908969
 20
31.53594187656079
 30
0.0
 11
33.01586501908969
 21
33.13594187656079
 31
0.0
  0
LINE
  5
625
330
55B
100
AcDbEntity
  8
0
 62
     0
440
 16777216
370
    -2
100
AcDbLine
 10
33.01586501908969
 20
33.13594187656079
 30
0.0
 11
34.61586501908969
 21
33.13594187656079
 31
0.0
  0
SOLID
  5
626
330
55B
100
AcDbEntity
  8
0
 62
     0
440
 16777216
100
AcDbTrace
 10
32.74919835242303
 20
26.53594187656077
 30
0.0
 11
33.28253168575635
 21
26.53594187656077
 31
0.0
 12
33.01586501908969
 22
28.13594187656077
 32
0.0
 13
33.01586501908969
 23
28.13594187656077
 33
0.0
  0
SOLID
  5
627
330
55B
100
AcDbEntity
  8
0
 62
     0
440
 16777216
100
AcDbTrace
 10
32.74919835242303
 20
31.53594187656079
 30
0.0
 11
33.28253168575635
 21
31.53594187656079
 31
0.0
 12
33.01586501908969
 22
29.93594187656079
 32
0.0
 13
33.01586501908969
 23
29.93594187656079
 33
0.0
  0
MTEXT
  5
628
330
55B
100
AcDbEntity
  8
0
 62
     0
440
 16777216
370
    -3
100
AcDbMText
 10
36.91510635987182
 20
33.13594187656079
 30
0.0
 40
2.0
 41
0.0
 71
     5
 72
     1
  1
\A1;1.8
 73
     1
 44
1.0
  0
POINT
  5
629
330
55B
100
AcDbEntity
  8
Defpoints
 62
     0
440
 16777216
100
AcDbPoint
 10
22.15639125043708
 20
28.13594187656078
 30
0.0
  0
POINT
  5
62A
330
55B
100
AcDbEntity
  8
Defpoints
 62
     0
440
 16777216
100
AcDbPoint
 10
22.15639125043708
 20
29.93594187656079
 30
0.0
  0
POINT
  5
62B
330
55B
100
AcDbEntity
  8
Defpoints
 62
     0
440
 16777216
100
AcDbPoint
 10
33.01586501908969
 20
29.93594187656079
 30
0.0
  0
ENDBLK
  5
55D
330
55B
100
AcDbEntity
  8
0
100
AcDbBlockEnd
  0
BLOCK
  5
56A
330
569
100
AcDbEntity
  8
0
100
AcDbBlockBegin
  2
*D46
 70
     1
 10
0.0
 20
0.0
 30
0.0
  3
*D46
  1

  0
LINE
  5
62C
330
569
100
AcDbEntity
  8
0
 62
     0
440
 16777216
370
    -2
100
AcDbLine
 10
-9.121676602835947
 20
33.77753238909209
 30
0.0
 11
-5.159645613647324
 21
33.77753238909209
 31
0.0
  0
LINE
  5
62D
330
569
100
AcDbEntity
  8
0
 62
     0
440
 16777216
370
    -2
100
AcDbLine
 10
-5.159645613647324
 20
33.77753238909209
 30
0.0
 11
-0.8216140206445441
 21
30.21910475376029
 31
0.0
  0
MTEXT
  5
62E
330
569
100
AcDbEntity
  8
0
 62
     0
440
 16777216
370
    -3
100
AcDbMText
 10
-12.26449336261248
 20
33.77753238909209
 30
0.0
 40
2.0
 41
0.0
 71
     5
 72
     1
  1
\A1;R2.0
 73
     1
 44
1.0
  0
SOLID
  5
62F
330
569
100
AcDbEntity
  8
0
 62
     0
440
 16777216
100
AcDbTrace
 10
-0.6524908445555973
 20
30.42528055840453
 30
0.0
 11
-0.990737196733489
 21
30.01292894911606
 31
0.0
 12
0.4154408072208772
 22
29.20436569722662
 32
0.0
 13
0.4154408072208772
 23
29.20436569722662
 33
0.0
  0
LINE
  5
630
330
569
100
AcDbEntity
  8
0
 62
     0
440
 16777216
370
    -2
100
AcDbLine
 10
1.871759342049843
 20
27.93594187656181
 30
0.0
 11
2.051759342049845
 21
27.93594187656181
 31
0.0
  0
LINE
  5
631
330
569
100
AcDbEntity
  8
0
 62
     0
440
 16777216
370
    -2
100
AcDbLine
 10
1.961759342049846
 20
27.84594187656181
 30
0.0
 11
1.961759342049846
 21
28.02594187656182
 31
0.0
  0
POINT
  5
632
330
569
100
AcDbEntity
  8
Defpoints
 62
     0
440
 16777216
100
AcDbPoint
 10
0.4154408072208772
 20
29.20436569722662
 30
0.0
  0
POINT
  5
633
330
569
100
AcDbEntity
  8
Defpoints
 62
     0
440
 16777216
100
AcDbPoint
 10
1.961759342049844
 20
27.93594187656181
 30
0.0
  0
ENDBLK
  5
56B
330
569
100
AcDbEntity
  8
0
100
AcDbBlockEnd
  0
BLOCK
  5
5D0
330
5CF
100
AcDbEntity
  8
0
100
AcDbBlockBegin
  2
*D47
 70
     1
 10
0.0
 20
0.0
 30
0.0
  3
*D47
  1

  0
LINE
  5
634
330
5CF
100
AcDbEntity
  8
0
 62
   252
440
 16777216
370
    -2
100
AcDbLine
 10
10.76175934205093
 20
30.16094187656082
 30
0.0
 11
10.76175934205094
 21
54.34620897477471
 31
0.0
  0
LINE
  5
635
330
5CF
100
AcDbEntity
  8
0
 62
   252
440
 16777216
370
    -2
100
AcDbLine
 10
19.16175934205239
 20
30.16094187656082
 30
0.0
 11
19.16175934205239
 21
54.34620897477471
 31
0.0
  0
LINE
  5
636
330
5CF
100
AcDbEntity
  8
0
 62
   252
440
 16777216
370
    -2
100
AcDbLine
 10
13.26175934205094
 20
53.09620897477471
 30
0.0
 11
16.66175934205239
 21
53.09620897477471
 31
0.0
  0
SOLID
  5
637
330
5CF
100
AcDbEntity
  8
0
 62
   252
440
 16777216
100
AcDbTrace
 10
13.26175934205094
 20
53.51287564144135
 30
0.0
 11
13.26175934205094
 21
52.67954230810804
 31
0.0
 12
10.76175934205094
 22
53.09620897477471
 32
0.0
 13
10.76175934205094
 23
53.09620897477471
 33
0.0
  0
SOLID
  5
638
330
5CF
100
AcDbEntity
  8
0
 62
   252
440
 16777216
100
AcDbTrace
 10
16.66175934205239
 20
53.51287564144135
 30
0.0
 11
16.66175934205239
 21
52.67954230810804
 31
0.0
 12
19.16175934205239
 22
53.09620897477471
 32
0.0
 13
19.16175934205239
 23
53.09620897477471
 33
0.0
  0
MTEXT
  5
639
330
5CF
100
AcDbEntity
  8
0
440
 16777216
100
AcDbMText
 10
14.96175934205166
 20
54.97120897477471
 30
0.0
 40
2.5
 41
0.0
 71
     5
 72
     1
  1
8.4
 73
     1
 44
1.0
  0
POINT
  5
63A
330
5CF
100
AcDbEntity
  8
Defpoints
 62
     0
440
 16777216
100
AcDbPoint
 10
10.76175934205093
 20
28.53594187656081
 30
0.0
  0
POINT
  5
63B
330
5CF
100
AcDbEntity
  8
Defpoints
 62
     0
440
 16777216
100
AcDbPoint
 10
19.16175934205239
 20
28.53594187656081
 30
0.0
  0
POINT
  5
63C
330
5CF
100
AcDbEntity
  8
Defpoints
 62
     0
440
 16777216
100
AcDbPoint
 10
19.16175934205239
 20
53.09620897477471
 30
0.0
  0
ENDBLK
  5
5D1
330
5CF
100
AcDbEntity
  8
0
100
AcDbBlockEnd
  0
BLOCK
  5
75C
330
75B
100
AcDbEntity
  8
0
100
AcDbBlockBegin
  2
*D48
 70
     1
 10
0.0
 20
0.0
 30
0.0
  3
*D48
  1

  0
LINE
  5
75D
330
75B
100
AcDbEntity
  8
0
 62
     0
440
 16777216
370
    -2
100
AcDbLine
 10
8956.925155770328
 20
389.486461828581
 30
0.0
 11
8972.284857764424
 21
389.486461828581
 31
0.0
  0
LINE
  5
75E
330
75B
100
AcDbEntity
  8
0
 62
     0
440
 16777216
370
    -2
100
AcDbLine
 10
8956.925155770328
 20
349.4864618285806
 30
0.0
 11
8972.284857764424
 21
349.4864618285806
 31
0.0
  0
LINE
  5
75F
330
75B
100
AcDbEntity
  8
0
 62
     0
440
 16777216
370
    -2
100
AcDbLine
 10
8971.885057764424
 20
387.8864618285809
 30
0.0
 11
8971.885057764424
 21
370.9074078040242
 31
0.0
  0
LINE
  5
760
330
75B
100
AcDbEntity
  8
0
 62
     0
440
 16777216
370
    -2
100
AcDbLine
 10
8971.885057764424
 20
351.0864618285806
 30
0.0
 11
8971.885057764424
 21
368.0655158531374
 31
0.0
  0
SOLID
  5
761
330
75B
100
AcDbEntity
  8
0
 62
     0
440
 16777216
100
AcDbTrace
 10
8971.618391097758
 20
387.8864618285809
 30
0.0
 11
8972.151724431091
 21
387.8864618285809
 31
0.0
 12
8971.885057764424
 22
389.486461828581
 32
0.0
 13
8971.885057764424
 23
389.486461828581
 33
0.0
  0
SOLID
  5
762
330
75B
100
AcDbEntity
  8
0
 62
     0
440
 16777216
100
AcDbTrace
 10
8971.618391097758
 20
351.0864618285806
 30
0.0
 11
8972.151724431091
 21
351.0864618285806
 31
0.0
 12
8971.885057764424
 22
349.4864618285806
 32
0.0
 13
8971.885057764424
 23
349.4864618285806
 33
0.0
  0
MTEXT
  5
763
330
75B
100
AcDbEntity
  8
0
 62
     0
440
 16777216
370
    -3
100
AcDbMText
 10
8971.885057764422
 20
369.4864618285782
 30
0.0
 40
2.0
 41
0.0
 71
     5
 72
     1
  1
\A1;40.0
 73
     1
 44
1.0
  0
POINT
  5
764
330
75B
100
AcDbEntity
  8
Defpoints
 62
     0
440
 16777216
100
AcDbPoint
 10
8956.525355770329
 20
389.486461828581
 30
0.0
  0
POINT
  5
765
330
75B
100
AcDbEntity
  8
Defpoints
 62
     0
440
 16777216
100
AcDbPoint
 10
8956.525355770329
 20
349.4864618285806
 30
0.0
  0
POINT
  5
766
330
75B
100
AcDbEntity
  8
Defpoints
 62
     0
440
 16777216
100
AcDbPoint
 10
8971.885057764424
 20
349.4864618285806
 30
0.0
  0
ENDBLK
  5
767
330
75B
100
AcDbEntity
  8
0
100
AcDbBlockEnd
  0
BLOCK
  5
769
330
768
100
AcDbEntity
  8
0
100
AcDbBlockBegin
  2
*D49
 70
     1
 10
0.0
 20
0.0
 30
0.0
  3
*D49
  1

  0
LINE
  5
76A
330
768
100
AcDbEntity
  8
0
 62
     0
440
 16777216
370
    -2
100
AcDbLine
 10
8919.025355770326
 20
387.3862618285805
 30
0.0
 11
8919.025355770326
 21
404.1573632096095
 31
0.0
  0
LINE
  5
76B
330
768
100
AcDbEntity
  8
0
 62
     0
440
 16777216
370
    -2
100
AcDbLine
 10
8959.025355770325
 20
387.3862618285805
 30
0.0
 11
8959.025355770325
 21
404.1573632096095
 31
0.0
  0
LINE
  5
76C
330
768
100
AcDbEntity
  8
0
 62
     0
440
 16777216
370
    -2
100
AcDbLine
 10
8920.625355770326
 20
403.7575632096098
 30
0.0
 11
8935.991176507025
 21
403.7575632096098
 31
0.0
  0
LINE
  5
76D
330
768
100
AcDbEntity
  8
0
 62
     0
440
 16777216
370
    -2
100
AcDbLine
 10
8957.425355770325
 20
403.7575632096098
 30
0.0
 11
8942.059535033626
 21
403.7575632096098
 31
0.0
  0
SOLID
  5
76E
330
768
100
AcDbEntity
  8
0
 62
     0
440
 16777216
100
AcDbTrace
 10
8920.625355770326
 20
404.0242298762763
 30
0.0
 11
8920.625355770326
 21
403.4908965429432
 31
0.0
 12
8919.025355770326
 22
403.7575632096098
 32
0.0
 13
8919.025355770326
 23
403.7575632096098
 33
0.0
  0
SOLID
  5
76F
330
768
100
AcDbEntity
  8
0
 62
     0
440
 16777216
100
AcDbTrace
 10
8957.425355770325
 20
404.0242298762763
 30
0.0
 11
8957.425355770325
 21
403.4908965429432
 31
0.0
 12
8959.025355770325
 22
403.7575632096098
 32
0.0
 13
8959.025355770325
 23
403.7575632096098
 33
0.0
  0
MTEXT
  5
770
330
768
100
AcDbEntity
  8
0
 62
     0
440
 16777216
370
    -3
100
AcDbMText
 10
8939.025355770326
 20
403.7575632096098
 30
0.0
 40
2.0
 41
0.0
 71
     5
 72
     1
  1
\A1;40.0
 73
     1
 44
1.0
  0
POINT
  5
771
330
768
100
AcDbEntity
  8
Defpoints
 62
     0
440
 16777216
100
AcDbPoint
 10
8919.025355770326
 20
386.9864618285804
 30
0.0
  0
POINT
  5
772
330
768
100
AcDbEntity
  8
Defpoints
 62
     0
440
 16777216
100
AcDbPoint
 10
8959.025355770325
 20
386.9864618285804
 30
0.0
  0
POINT
  5
773
330
768
100
AcDbEntity
  8
Defpoints
 62
     0
440
 16777216
100
AcDbPoint
 10
8959.025355770325
 20
403.7575632096098
 30
0.0
  0
ENDBLK
  5
774
330
768
100
AcDbEntity
  8
0
100
AcDbBlockEnd
  0
BLOCK
  5
776
330
775
100
AcDbEntity
  8
0
100
AcDbBlockBegin
  2
*D50
 70
     1
 10
0.0
 20
0.0
 30
0.0
  3
*D50
  1

  0
LINE
  5
777
330
775
100
AcDbEntity
  8
0
 62
     0
440
 16777216
370
    -2
100
AcDbLine
 10
8943.125355770325
 20
388.5862618285803
 30
0.0
 11
8943.125355770325
 21
394.8189903110283
 31
0.0
  0
LINE
  5
778
330
775
100
AcDbEntity
  8
0
 62
     0
440
 16777216
370
    -2
100
AcDbLine
 10
8934.925355770323
 20
388.5862618285791
 30
0.0
 11
8934.925355770323
 21
394.8189903110283
 31
0.0
  0
LINE
  5
779
330
775
100
AcDbEntity
  8
0
 62
     0
440
 16777216
370
    -2
100
AcDbLine
 10
8944.725355770328
 20
394.4191903110282
 30
0.0
 11
8946.325355770326
 21
394.4191903110282
 31
0.0
  0
LINE
  5
77A
330
775
100
AcDbEntity
  8
0
 62
     0
440
 16777216
370
    -2
100
AcDbLine
 10
8933.325355770325
 20
394.4191903110282
 30
0.0
 11
8931.725355770323
 21
394.4191903110282
 31
0.0
  0
SOLID
  5
77B
330
775
100
AcDbEntity
  8
0
 62
     0
440
 16777216
100
AcDbTrace
 10
8944.725355770328
 20
394.6858569776949
 30
0.0
 11
8944.725355770328
 21
394.1525236443616
 31
0.0
 12
8943.125355770325
 22
394.4191903110282
 32
0.0
 13
8943.125355770325
 23
394.4191903110282
 33
0.0
  0
SOLID
  5
77C
330
775
100
AcDbEntity
  8
0
 62
     0
440
 16777216
100
AcDbTrace
 10
8933.325355770325
 20
394.6858569776949
 30
0.0
 11
8933.325355770325
 21
394.1525236443616
 31
0.0
 12
8934.925355770323
 22
394.4191903110282
 32
0.0
 13
8934.925355770323
 23
394.4191903110282
 33
0.0
  0
MTEXT
  5
77D
330
775
100
AcDbEntity
  8
0
 62
     0
440
 16777216
370
    -3
100
AcDbMText
 10
8939.025355770326
 20
394.4191903110282
 30
0.0
 40
2.0
 41
0.0
 71
     5
 72
     1
  1
\A1;8.2
 73
     1
 44
1.0
  0
POINT
  5
77E
330
775
100
AcDbEntity
  8
Defpoints
 62
     0
440
 16777216
100
AcDbPoint
 10
8943.125355770325
 20
388.1864618285803
 30
0.0
  0
POINT
  5
77F
330
775
100
AcDbEntity
  8
Defpoints
 62
     0
440
 16777216
100
AcDbPoint
 10
8934.925355770323
 20
388.1864618285791
 30
0.0
  0
POINT
  5
780
330
775
100
AcDbEntity
  8
Defpoints
 62
     0
440
 16777216
100
AcDbPoint
 10
8934.925355770323
 20
394.4191903110282
 30
0.0
  0
ENDBLK
  5
781
330
775
100
AcDbEntity
  8
0
100
AcDbBlockEnd
  0
BLOCK
  5
783
330
782
100
AcDbEntity
  8
0
100
AcDbBlockBegin
  2
*D51
 70
     1
 10
0.0
 20
0.0
 30
0.0
  3
*D51
  1

  0
LINE
  5
784
330
782
100
AcDbEntity
  8
0
 62
     0
440
 16777216
370
    -2
100
AcDbLine
 10
8928.775355770325
 20
386.8862618285803
 30
0.0
 11
8928.775355770325
 21
399.4842759957462
 31
0.0
  0
LINE
  5
785
330
782
100
AcDbEntity
  8
0
 62
     0
440
 16777216
370
    -2
100
AcDbLine
 10
8949.275355770325
 20
386.8862618285798
 30
0.0
 11
8949.275355770325
 21
399.4842759957462
 31
0.0
  0
LINE
  5
786
330
782
100
AcDbEntity
  8
0
 62
     0
440
 16777216
370
    -2
100
AcDbLine
 10
8930.375355770326
 20
399.0844759957462
 30
0.0
 11
8936.003454815345
 21
399.0844759957462
 31
0.0
  0
LINE
  5
787
330
782
100
AcDbEntity
  8
0
 62
     0
440
 16777216
370
    -2
100
AcDbLine
 10
8947.675355770325
 20
399.0844759957462
 30
0.0
 11
8942.047256725306
 21
399.0844759957462
 31
0.0
  0
SOLID
  5
788
330
782
100
AcDbEntity
  8
0
 62
     0
440
 16777216
100
AcDbTrace
 10
8930.375355770326
 20
399.3511426624128
 30
0.0
 11
8930.375355770326
 21
398.8178093290795
 31
0.0
 12
8928.775355770325
 22
399.0844759957462
 32
0.0
 13
8928.775355770325
 23
399.0844759957462
 33
0.0
  0
SOLID
  5
789
330
782
100
AcDbEntity
  8
0
 62
     0
440
 16777216
100
AcDbTrace
 10
8947.675355770325
 20
399.3511426624128
 30
0.0
 11
8947.675355770325
 21
398.8178093290795
 31
0.0
 12
8949.275355770325
 22
399.0844759957462
 32
0.0
 13
8949.275355770325
 23
399.0844759957462
 33
0.0
  0
MTEXT
  5
78A
330
782
100
AcDbEntity
  8
0
 62
     0
440
 16777216
370
    -3
100
AcDbMText
 10
8939.025355770326
 20
399.0844759957462
 30
0.0
 40
2.0
 41
0.0
 71
     5
 72
     1
  1
\A1;20.5
 73
     1
 44
1.0
  0
POINT
  5
78B
330
782
100
AcDbEntity
  8
Defpoints
 62
     0
440
 16777216
100
AcDbPoint
 10
8928.775355770325
 20
386.4864618285801
 30
0.0
  0
POINT
  5
78C
330
782
100
AcDbEntity
  8
Defpoints
 62
     0
440
 16777216
100
AcDbPoint
 10
8949.275355770325
 20
386.4864618285798
 30
0.0
  0
POINT
  5
78D
330
782
100
AcDbEntity
  8
Defpoints
 62
     0
440
 16777216
100
AcDbPoint
 10
8949.275355770325
 20
399.0844759957462
 30
0.0
  0
ENDBLK
  5
78E
330
782
100
AcDbEntity
  8
0
100
AcDbBlockEnd
  0
BLOCK
  5
790
330
78F
100
AcDbEntity
  8
0
100
AcDbBlockBegin
  2
*D52
 70
     1
 10
0.0
 20
0.0
 30
0.0
  3
*D52
  1

  0
LINE
  5
791
330
78F
100
AcDbEntity
  8
0
 62
     0
440
 16777216
370
    -2
100
AcDbLine
 10
8944.825155770329
 20
389.4864618285808
 30
0.0
 11
8968.703053929434
 21
389.4864618285808
 31
0.0
  0
LINE
  5
792
330
78F
100
AcDbEntity
  8
0
 62
     0
440
 16777216
370
    -2
100
AcDbLine
 10
8945.428099495485
 20
377.1864618285837
 30
0.0
 11
8968.703053929434
 21
377.1864618285837
 31
0.0
  0
LINE
  5
793
330
78F
100
AcDbEntity
  8
0
 62
     0
440
 16777216
370
    -2
100
AcDbLine
 10
8968.303253929432
 20
387.8864618285808
 30
0.0
 11
8968.303253929432
 21
384.7580899322658
 31
0.0
  0
LINE
  5
794
330
78F
100
AcDbEntity
  8
0
 62
     0
440
 16777216
370
    -2
100
AcDbLine
 10
8968.303253929432
 20
378.7864618285837
 30
0.0
 11
8968.303253929432
 21
381.9148337248988
 31
0.0
  0
SOLID
  5
795
330
78F
100
AcDbEntity
  8
0
 62
     0
440
 16777216
100
AcDbTrace
 10
8968.036587262769
 20
387.8864618285808
 30
0.0
 11
8968.569920596101
 21
387.8864618285808
 31
0.0
 12
8968.303253929432
 22
389.4864618285808
 32
0.0
 13
8968.303253929432
 23
389.4864618285808
 33
0.0
  0
SOLID
  5
796
330
78F
100
AcDbEntity
  8
0
 62
     0
440
 16777216
100
AcDbTrace
 10
8968.036587262769
 20
378.7864618285837
 30
0.0
 11
8968.569920596101
 21
378.7864618285837
 31
0.0
 12
8968.303253929432
 22
377.1864618285837
 32
0.0
 13
8968.303253929432
 23
377.1864618285837
 33
0.0
  0
MTEXT
  5
797
330
78F
100
AcDbEntity
  8
0
 62
     0
440
 16777216
370
    -3
100
AcDbMText
 10
8968.303253929432
 20
383.3364618285796
 30
0.0
 40
2.0
 41
0.0
 71
     5
 72
     1
  1
\A1;12.3
 73
     1
 44
1.0
  0
POINT
  5
798
330
78F
100
AcDbEntity
  8
Defpoints
 62
     0
440
 16777216
100
AcDbPoint
 10
8944.425355770331
 20
389.4864618285808
 30
0.0
  0
POINT
  5
799
330
78F
100
AcDbEntity
  8
Defpoints
 62
     0
440
 16777216
100
AcDbPoint
 10
8945.028299495483
 20
377.1864618285837
 30
0.0
  0
POINT
  5
79A
330
78F
100
AcDbEntity
  8
Defpoints
 62
     0
440
 16777216
100
AcDbPoint
 10
8968.303253929432
 20
377.1864618285837
 30
0.0
  0
ENDBLK
  5
79B
330
78F
100
AcDbEntity
  8
0
100
AcDbBlockEnd
  0
BLOCK
  5
79D
330
79C
100
AcDbEntity
  8
0
100
AcDbBlockBegin
  2
*D53
 70
     1
 10
0.0
 20
0.0
 30
0.0
  3
*D53
  1

  0
LINE
  5
79E
330
79C
100
AcDbEntity
  8
0
 62
     0
440
 16777216
370
    -2
100
AcDbLine
 10
8944.775155770328
 20
384.9864618285806
 30
0.0
 11
8964.179903173761
 21
384.9864618285806
 31
0.0
  0
LINE
  5
79F
330
79C
100
AcDbEntity
  8
0
 62
     0
440
 16777216
370
    -2
100
AcDbLine
 10
8954.734025470477
 20
389.4864618285808
 30
0.0
 11
8964.179903173761
 21
389.4864618285808
 31
0.0
  0
LINE
  5
7A0
330
79C
100
AcDbEntity
  8
0
 62
     0
440
 16777216
370
    -2
100
AcDbLine
 10
8963.780103173762
 20
386.5864618285806
 30
0.0
 11
8963.780103173762
 21
387.8864618285809
 31
0.0
  0
LINE
  5
7A1
330
79C
100
AcDbEntity
  8
0
 62
     0
440
 16777216
370
    -2
100
AcDbLine
 10
8963.780103173762
 20
389.4864618285808
 30
0.0
 11
8963.780103173762
 21
391.0864618285809
 31
0.0
  0
LINE
  5
7A2
330
79C
100
AcDbEntity
  8
0
 62
     0
440
 16777216
370
    -2
100
AcDbLine
 10
8963.780103173762
 20
391.0864618285809
 30
0.0
 11
8965.380103173762
 21
391.0864618285809
 31
0.0
  0
SOLID
  5
7A3
330
79C
100
AcDbEntity
  8
0
 62
     0
440
 16777216
100
AcDbTrace
 10
8963.513436507096
 20
386.5864618285806
 30
0.0
 11
8964.046769840427
 21
386.5864618285806
 31
0.0
 12
8963.780103173762
 22
384.9864618285806
 32
0.0
 13
8963.780103173762
 23
384.9864618285806
 33
0.0
  0
SOLID
  5
7A4
330
79C
100
AcDbEntity
  8
0
 62
     0
440
 16777216
100
AcDbTrace
 10
8963.513436507096
 20
387.8864618285809
 30
0.0
 11
8964.046769840427
 21
387.8864618285809
 31
0.0
 12
8963.780103173762
 22
389.4864618285808
 32
0.0
 13
8963.780103173762
 23
389.4864618285808
 33
0.0
  0
MTEXT
  5
7A5
330
79C
100
AcDbEntity
  8
0
 62
     0
440
 16777216
370
    -3
100
AcDbMText
 10
8967.648252423421
 20
391.0864618285783
 30
0.0
 40
2.0
 41
0.0
 71
     5
 72
     1
  1
\A1;4.5
 73
     1
 44
1.0
  0
POINT
  5
7A6
330
79C
100
AcDbEntity
  8
Defpoints
 62
     0
440
 16777216
100
AcDbPoint
 10
8944.375355770329
 20
384.9864618285806
 30
0.0
  0
POINT
  5
7A7
330
79C
100
AcDbEntity
  8
Defpoints
 62
     0
440
 16777216
100
AcDbPoint
 10
8954.334225470478
 20
389.4864618285808
 30
0.0
  0
POINT
  5
7A8
330
79C
100
AcDbEntity
  8
Defpoints
 62
     0
440
 16777216
100
AcDbPoint
 10
8963.780103173762
 20
389.4864618285808
 30
0.0
  0
ENDBLK
  5
7A9
330
79C
100
AcDbEntity
  8
0
100
AcDbBlockEnd
  0
BLOCK
  5
7AB
330
7AA
100
AcDbEntity
  8
0
100
AcDbBlockBegin
  2
*D54
 70
     1
 10
0.0
 20
0.0
 30
0.0
  3
*D54
  1

  0
LINE
  5
7AC
330
7AA
100
AcDbEntity
  8
0
 62
     0
440
 16777216
370
    -2
100
AcDbLine
 10
8910.312374534525
 20
372.2430399362555
 30
0.0
 11
8934.048239906186
 21
369.9642878166993
 31
0.0
  0
MTEXT
  5
7AD
102
{ACAD_XDICTIONARY
360
7AE
102
}
330
7AA
100
AcDbEntity
  8
0
 62
     0
440
 16777216
370
    -3
100
AcDbMText
 10
8907.001933333978
 20
372.2430399362555
 30
0.0
 40
2.0
 41
0.0
 71
     5
 72
     1
  1
\A1;\U+22056.8
 73
     1
 44
1.0
  0
SOLID
  5
7AF
330
7AA
100
AcDbEntity
  8
0
 62
     0
440
 16777216
100
AcDbTrace
 10
8934.073723958883
 20
370.2297339961202
 30
0.0
 11
8934.022755853488
 21
369.6988416372783
 31
0.0
 12
8935.640916982713
 22
369.8113835005063
 32
0.0
 13
8935.640916982713
 23
369.8113835005063
 33
0.0
  0
LINE
  5
7B0
330
7AA
100
AcDbEntity
  8
0
 62
     0
440
 16777216
370
    -2
100
AcDbLine
 10
8938.935355770327
 20
369.4864618285966
 30
0.0
 11
8939.115355770326
 21
369.4864618285968
 31
0.0
  0
LINE
  5
7B1
330
7AA
100
AcDbEntity
  8
0
 62
     0
440
 16777216
370
    -2
100
AcDbLine
 10
8939.025355770327
 20
369.3964618285968
 30
0.0
 11
8939.025355770327
 21
369.5764618285963
 31
0.0
  0
ARC
  5
7B2
330
7AA
100
AcDbEntity
  8
0
 62
     0
440
 16777216
370
    -2
100
AcDbCircle
 10
8939.025355770327
 20
369.4864618285966
 30
0.0
 40
3.399999999996906
100
AcDbArc
 50
171.4828427651301
 51
178.9467687589497
  0
POINT
  5
7B3
330
7AA
100
AcDbEntity
  8
Defpoints
 62
     0
440
 16777216
100
AcDbPoint
 10
8935.640916982713
 20
369.8113835005063
 30
0.0
  0
POINT
  5
7B4
330
7AA
100
AcDbEntity
  8
Defpoints
 62
     0
440
 16777216
100
AcDbPoint
 10
8942.409794557942
 20
369.161540156687
 30
0.0
  0
ENDBLK
  5
7B5
330
7AA
100
AcDbEntity
  8
0
100
AcDbBlockEnd
  0
BLOCK
  5
7B7
330
7B6
100
AcDbEntity
  8
0
100
AcDbBlockBegin
  2
*D55
 70
     1
 10
0.0
 20
0.0
 30
0.0
  3
*D55
  1

  0
LINE
  5
7B8
330
7B6
100
AcDbEntity
  8
0
 62
     0
440
 16777216
370
    -2
100
AcDbLine
 10
8931.181585198867
 20
379.0272886748862
 30
0.0
 11
8931.356355109359
 21
378.8525187643936
 31
0.0
  0
LINE
  5
7B9
330
7B6
100
AcDbEntity
  8
0
 62
     0
440
 16777216
370
    -2
100
AcDbLine
 10
8929.484528924019
 20
377.3302324000388
 30
0.0
 11
8929.659298834511
 21
377.1554624895462
 31
0.0
  0
LINE
  5
7BA
330
7B6
100
AcDbEntity
  8
0
 62
     0
440
 16777216
370
    -2
100
AcDbLine
 10
8932.205024668141
 20
380.2665909054113
 30
0.0
 11
8933.336395518038
 21
381.3979617553087
 31
0.0
  0
LINE
  5
7BB
330
7B6
100
AcDbEntity
  8
0
 62
     0
440
 16777216
370
    -2
100
AcDbLine
 10
8928.245226693492
 20
376.3067929307663
 30
0.0
 11
8927.113855843591
 21
375.175422080868
 31
0.0
  0
LINE
  5
7BC
330
7B6
100
AcDbEntity
  8
0
 62
     0
440
 16777216
370
    -2
100
AcDbLine
 10
8927.113855843591
 20
375.175422080868
 30
0.0
 11
8925.513855843595
 21
375.175422080868
 31
0.0
  0
SOLID
  5
7BD
330
7B6
100
AcDbEntity
  8
0
 62
     0
440
 16777216
100
AcDbTrace
 10
8932.016462859825
 20
380.4551527137273
 30
0.0
 11
8932.393586476457
 21
380.0780290970952
 31
0.0
 12
8931.073653818241
 22
379.135220055512
 32
0.0
 13
8931.073653818241
 23
379.135220055512
 33
0.0
  0
SOLID
  5
7BE
330
7B6
100
AcDbEntity
  8
0
 62
     0
440
 16777216
100
AcDbTrace
 10
8928.056664885181
 20
376.4953547390823
 30
0.0
 11
8928.433788501811
 21
376.1182311224502
 31
0.0
 12
8929.376597543393
 22
377.4381637806646
 32
0.0
 13
8929.376597543393
 23
377.4381637806646
 33
0.0
  0
MTEXT
  5
7BF
330
7B6
100
AcDbEntity
  8
0
 62
     0
440
 16777216
370
    -3
100
AcDbMText
 10
8923.280495134182
 20
375.1754220808689
 30
0.0
 40
2.0
 41
0.0
 71
     5
 72
     1
  1
\A1;2.4
 73
     1
 44
1.0
  0
POINT
  5
7C0
330
7B6
100
AcDbEntity
  8
Defpoints
 62
     0
440
 16777216
100
AcDbPoint
 10
8930.898883907749
 20
379.3099899660056
 30
0.0
  0
POINT
  5
7C1
330
7B6
100
AcDbEntity
  8
Defpoints
 62
     0
440
 16777216
100
AcDbPoint
 10
8929.201827632899
 20
377.6129336911582
 30
0.0
  0
POINT
  5
7C2
330
7B6
100
AcDbEntity
  8
Defpoints
 62
     0
440
 16777216
100
AcDbPoint
 10
8929.376597543393
 20
377.4381637806646
 30
0.0
  0
ENDBLK
  5
7C3
330
7B6
100
AcDbEntity
  8
0
100
AcDbBlockEnd
  0
BLOCK
  5
7C5
330
7C4
100
AcDbEntity
  8
0
100
AcDbBlockBegin
  2
*D56
 70
     1
 10
0.0
 20
0.0
 30
0.0
  3
*D56
  1

  0
LINE
  5
7C6
330
7C4
100
AcDbEntity
  8
0
 62
     0
440
 16777216
370
    -2
100
AcDbLine
 10
8939.025355770361
 20
352.8864618285806
 30
0.0
 11
8939.025355770361
 21
354.4864618285806
 31
0.0
  0
LINE
  5
7C7
330
7C4
100
AcDbEntity
  8
0
 62
     0
440
 16777216
370
    -2
100
AcDbLine
 10
8939.025355770361
 20
347.8864618285807
 30
0.0
 11
8939.025355770361
 21
346.2864618285807
 31
0.0
  0
LINE
  5
7C8
330
7C4
100
AcDbEntity
  8
0
 62
     0
440
 16777216
370
    -2
100
AcDbLine
 10
8939.025355770361
 20
346.2864618285807
 30
0.0
 11
8937.425355770361
 21
346.2864618285807
 31
0.0
  0
SOLID
  5
7C9
330
7C4
100
AcDbEntity
  8
0
 62
     0
440
 16777216
100
AcDbTrace
 10
8938.758689103698
 20
352.8864618285806
 30
0.0
 11
8939.292022437028
 21
352.8864618285806
 31
0.0
 12
8939.025355770361
 22
351.2864618285806
 32
0.0
 13
8939.025355770361
 23
351.2864618285806
 33
0.0
  0
SOLID
  5
7CA
330
7C4
100
AcDbEntity
  8
0
 62
     0
440
 16777216
100
AcDbTrace
 10
8938.758689103698
 20
347.8864618285807
 30
0.0
 11
8939.292022437028
 21
347.8864618285807
 31
0.0
 12
8939.025355770361
 22
349.4864618285807
 32
0.0
 13
8939.025355770361
 23
349.4864618285807
 33
0.0
  0
MTEXT
  5
7CB
330
7C4
100
AcDbEntity
  8
0
 62
     0
440
 16777216
370
    -3
100
AcDbMText
 10
8935.297042809926
 20
346.2864618285781
 30
0.0
 40
2.0
 41
0.0
 71
     5
 72
     1
  1
\A1;1.8
 73
     1
 44
1.0
  0
POINT
  5
7CC
330
7C4
100
AcDbEntity
  8
Defpoints
 62
     0
440
 16777216
100
AcDbPoint
 10
8939.025355770329
 20
351.2864618285806
 30
0.0
  0
POINT
  5
7CD
330
7C4
100
AcDbEntity
  8
Defpoints
 62
     0
440
 16777216
100
AcDbPoint
 10
8939.025355770329
 20
349.4864618285807
 30
0.0
  0
POINT
  5
7CE
330
7C4
100
AcDbEntity
  8
Defpoints
 62
     0
440
 16777216
100
AcDbPoint
 10
8939.025355770361
 20
349.4864618285807
 30
0.0
  0
ENDBLK
  5
7CF
330
7C4
100
AcDbEntity
  8
0
100
AcDbBlockEnd
  0
BLOCK
  5
7ED
330
7EC
100
AcDbEntity
  8
0
100
AcDbBlockBegin
  2
*D57
 70
     1
 10
0.0
 20
0.0
 30
0.0
  3
*D57
  1

  0
LINE
  5
860
330
7EC
100
AcDbEntity
  8
0
 62
     0
440
 16777216
370
    -2
100
AcDbLine
 10
44.37072213063115
 20
-53.90129450260364
 30
0.0
 11
59.73042412473009
 21
-53.90129450260367
 31
0.0
  0
LINE
  5
861
330
7EC
100
AcDbEntity
  8
0
 62
     0
440
 16777216
370
    -2
100
AcDbLine
 10
44.37072213063115
 20
-93.90129450260387
 30
0.0
 11
59.73042412473009
 21
-93.90129450260387
 31
0.0
  0
LINE
  5
862
330
7EC
100
AcDbEntity
  8
0
 62
     0
440
 16777216
370
    -2
100
AcDbLine
 10
59.3306241247301
 20
-55.50129450260367
 30
0.0
 11
59.3306241247301
 21
-72.5014945026038
 31
0.0
  0
LINE
  5
863
330
7EC
100
AcDbEntity
  8
0
 62
     0
440
 16777216
370
    -2
100
AcDbLine
 10
59.3306241247301
 20
-92.3012945026039
 30
0.0
 11
59.3306241247301
 21
-75.3010945026038
 31
0.0
  0
SOLID
  5
864
330
7EC
100
AcDbEntity
  8
0
 62
     0
440
 16777216
100
AcDbTrace
 10
59.06395745806342
 20
-55.50129450260367
 30
0.0
 11
59.59729079139677
 21
-55.50129450260367
 31
0.0
 12
59.3306241247301
 22
-53.90129450260367
 32
0.0
 13
59.3306241247301
 23
-53.90129450260367
 33
0.0
  0
SOLID
  5
865
330
7EC
100
AcDbEntity
  8
0
 62
     0
440
 16777216
100
AcDbTrace
 10
59.06395745806342
 20
-92.3012945026039
 30
0.0
 11
59.59729079139676
 21
-92.3012945026039
 31
0.0
 12
59.3306241247301
 22
-93.90129450260387
 32
0.0
 13
59.3306241247301
 23
-93.90129450260387
 33
0.0
  0
MTEXT
  5
866
330
7EC
100
AcDbEntity
  8
0
 62
     0
440
 16777216
370
    -3
100
AcDbMText
 10
59.3306241247301
 20
-73.90129450260378
 30
0.0
 40
2.0
 41
0.0
 71
     5
 72
     1
  1
\A1;40.0
 73
     1
 44
1.0
  0
POINT
  5
867
330
7EC
100
AcDbEntity
  8
Defpoints
 62
     0
440
 16777216
100
AcDbPoint
 10
43.97092213063115
 20
-53.90129450260364
 30
0.0
  0
POINT
  5
868
330
7EC
100
AcDbEntity
  8
Defpoints
 62
     0
440
 16777216
100
AcDbPoint
 10
43.97092213063115
 20
-93.90129450260387
 30
0.0
  0
POINT
  5
869
330
7EC
100
AcDbEntity
  8
Defpoints
 62
     0
440
 16777216
100
AcDbPoint
 10
59.3306241247301
 20
-93.90129450260387
 30
0.0
  0
ENDBLK
  5
7EE
330
7EC
100
AcDbEntity
  8
0
100
AcDbBlockEnd
  0
BLOCK
  5
7FA
330
7F9
100
AcDbEntity
  8
0
100
AcDbBlockBegin
  2
*D58
 70
     1
 10
0.0
 20
0.0
 30
0.0
  3
*D58
  1

  0
LINE
  5
86A
330
7F9
100
AcDbEntity
  8
0
 62
     0
440
 16777216
370
    -2
100
AcDbLine
 10
6.470922130631151
 20
-56.00149450260395
 30
0.0
 11
6.470922130631151
 21
-39.23039312157456
 31
0.0
  0
LINE
  5
86B
330
7F9
100
AcDbEntity
  8
0
 62
     0
440
 16777216
370
    -2
100
AcDbLine
 10
46.47092213063115
 20
-56.00149450260395
 30
0.0
 11
46.47092213063115
 21
-39.23039312157456
 31
0.0
  0
LINE
  5
86C
330
7F9
100
AcDbEntity
  8
0
 62
     0
440
 16777216
370
    -2
100
AcDbLine
 10
8.070922130631151
 20
-39.63019312157456
 30
0.0
 11
23.33369196303339
 21
-39.63019312157456
 31
0.0
  0
LINE
  5
86D
330
7F9
100
AcDbEntity
  8
0
 62
     0
440
 16777216
370
    -2
100
AcDbLine
 10
44.87092213063115
 20
-39.63019312157456
 30
0.0
 11
29.60815229822891
 21
-39.63019312157456
 31
0.0
  0
SOLID
  5
86E
330
7F9
100
AcDbEntity
  8
0
 62
     0
440
 16777216
100
AcDbTrace
 10
8.070922130631151
 20
-39.3635264549079
 30
0.0
 11
8.070922130631151
 21
-39.89685978824122
 31
0.0
 12
6.470922130631151
 22
-39.63019312157456
 32
0.0
 13
6.470922130631151
 23
-39.63019312157456
 33
0.0
  0
SOLID
  5
86F
330
7F9
100
AcDbEntity
  8
0
 62
     0
440
 16777216
100
AcDbTrace
 10
44.87092213063115
 20
-39.3635264549079
 30
0.0
 11
44.87092213063115
 21
-39.89685978824122
 31
0.0
 12
46.47092213063115
 22
-39.63019312157456
 32
0.0
 13
46.47092213063115
 23
-39.63019312157456
 33
0.0
  0
MTEXT
  5
870
330
7F9
100
AcDbEntity
  8
0
 62
     0
440
 16777216
370
    -3
100
AcDbMText
 10
26.47092213063114
 20
-39.63019312157456
 30
0.0
 40
2.0
 41
0.0
 71
     5
 72
     1
  1
\A1;40.0
 73
     1
 44
1.0
  0
POINT
  5
871
330
7F9
100
AcDbEntity
  8
Defpoints
 62
     0
440
 16777216
100
AcDbPoint
 10
6.470922130631151
 20
-56.40129450260396
 30
0.0
  0
POINT
  5
872
330
7F9
100
AcDbEntity
  8
Defpoints
 62
     0
440
 16777216
100
AcDbPoint
 10
46.47092213063115
 20
-56.40129450260396
 30
0.0
  0
POINT
  5
873
330
7F9
100
AcDbEntity
  8
Defpoints
 62
     0
440
 16777216
100
AcDbPoint
 10
46.47092213063115
 20
-39.63019312157456
 30
0.0
  0
ENDBLK
  5
7FB
330
7F9
100
AcDbEntity
  8
0
100
AcDbBlockEnd
  0
BLOCK
  5
807
330
806
100
AcDbEntity
  8
0
100
AcDbBlockBegin
  2
*D59
 70
     1
 10
0.0
 20
0.0
 30
0.0
  3
*D59
  1

  0
LINE
  5
874
330
806
100
AcDbEntity
  8
0
 62
     0
440
 16777216
370
    -2
100
AcDbLine
 10
30.57092213063152
 20
-54.80149450260412
 30
0.0
 11
30.57092213063152
 21
-48.56876602015617
 31
0.0
  0
LINE
  5
875
330
806
100
AcDbEntity
  8
0
 62
     0
440
 16777216
370
    -2
100
AcDbLine
 10
22.37092213063079
 20
-54.80149450260532
 30
0.0
 11
22.37092213063079
 21
-48.56876602015617
 31
0.0
  0
LINE
  5
876
330
806
100
AcDbEntity
  8
0
 62
     0
440
 16777216
370
    -2
100
AcDbLine
 10
32.17092213063152
 20
-48.96856602015617
 30
0.0
 11
33.77092213063152
 21
-48.96856602015617
 31
0.0
  0
LINE
  5
877
330
806
100
AcDbEntity
  8
0
 62
     0
440
 16777216
370
    -2
100
AcDbLine
 10
20.77092213063079
 20
-48.96856602015617
 30
0.0
 11
19.17092213063079
 21
-48.96856602015617
 31
0.0
  0
SOLID
  5
878
330
806
100
AcDbEntity
  8
0
 62
     0
440
 16777216
100
AcDbTrace
 10
32.17092213063152
 20
-48.7018993534895
 30
0.0
 11
32.17092213063152
 21
-49.23523268682284
 31
0.0
 12
30.57092213063152
 22
-48.96856602015617
 32
0.0
 13
30.57092213063152
 23
-48.96856602015617
 33
0.0
  0
SOLID
  5
879
330
806
100
AcDbEntity
  8
0
 62
     0
440
 16777216
100
AcDbTrace
 10
20.77092213063079
 20
-48.7018993534895
 30
0.0
 11
20.77092213063079
 21
-49.23523268682284
 31
0.0
 12
22.37092213063079
 22
-48.96856602015617
 32
0.0
 13
22.37092213063079
 23
-48.96856602015617
 33
0.0
  0
MTEXT
  5
87A
330
806
100
AcDbEntity
  8
0
 62
     0
440
 16777216
370
    -3
100
AcDbMText
 10
26.47092213063114
 20
-48.96856602015617
 30
0.0
 40
2.0
 41
0.0
 71
     5
 72
     1
  1
\A1;8.2
 73
     1
 44
1.0
  0
POINT
  5
87B
330
806
100
AcDbEntity
  8
Defpoints
 62
     0
440
 16777216
100
AcDbPoint
 10
30.57092213063152
 20
-55.20129450260411
 30
0.0
  0
POINT
  5
87C
330
806
100
AcDbEntity
  8
Defpoints
 62
     0
440
 16777216
100
AcDbPoint
 10
22.37092213063079
 20
-55.20129450260532
 30
0.0
  0
POINT
  5
87D
330
806
100
AcDbEntity
  8
Defpoints
 62
     0
440
 16777216
100
AcDbPoint
 10
22.37092213063079
 20
-48.96856602015617
 30
0.0
  0
ENDBLK
  5
808
330
806
100
AcDbEntity
  8
0
100
AcDbBlockEnd
  0
BLOCK
  5
814
330
813
100
AcDbEntity
  8
0
100
AcDbBlockBegin
  2
*D60
 70
     1
 10
0.0
 20
0.0
 30
0.0
  3
*D60
  1

  0
LINE
  5
87E
330
813
100
AcDbEntity
  8
0
 62
     0
440
 16777216
370
    -2
100
AcDbLine
 10
16.22092213063115
 20
-56.50149450260418
 30
0.0
 11
16.22092213063115
 21
-43.90348033543825
 31
0.0
  0
LINE
  5
87F
330
813
100
AcDbEntity
  8
0
 62
     0
440
 16777216
370
    -2
100
AcDbLine
 10
36.72092213063115
 20
-56.50149450260464
 30
0.0
 11
36.72092213063115
 21
-43.90348033543825
 31
0.0
  0
LINE
  5
880
330
813
100
AcDbEntity
  8
0
 62
     0
440
 16777216
370
    -2
100
AcDbLine
 10
17.82092213063115
 20
-44.30328033543827
 30
0.0
 11
23.37279810828478
 21
-44.30328033543827
 31
0.0
  0
LINE
  5
881
330
813
100
AcDbEntity
  8
0
 62
     0
440
 16777216
370
    -2
100
AcDbLine
 10
35.12092213063115
 20
-44.30328033543827
 30
0.0
 11
29.56904615297752
 21
-44.30328033543827
 31
0.0
  0
SOLID
  5
882
330
813
100
AcDbEntity
  8
0
 62
     0
440
 16777216
100
AcDbTrace
 10
17.82092213063115
 20
-44.03661366877161
 30
0.0
 11
17.82092213063115
 21
-44.56994700210493
 31
0.0
 12
16.22092213063115
 22
-44.30328033543827
 32
0.0
 13
16.22092213063115
 23
-44.30328033543827
 33
0.0
  0
SOLID
  5
883
330
813
100
AcDbEntity
  8
0
 62
     0
440
 16777216
100
AcDbTrace
 10
35.12092213063115
 20
-44.03661366877161
 30
0.0
 11
35.12092213063115
 21
-44.56994700210493
 31
0.0
 12
36.72092213063115
 22
-44.30328033543827
 32
0.0
 13
36.72092213063115
 23
-44.30328033543827
 33
0.0
  0
MTEXT
  5
884
330
813
100
AcDbEntity
  8
0
 62
     0
440
 16777216
370
    -3
100
AcDbMText
 10
26.47092213063114
 20
-44.30328033543827
 30
0.0
 40
2.0
 41
0.0
 71
     5
 72
     1
  1
\A1;20.5
 73
     1
 44
1.0
  0
POINT
  5
885
330
813
100
AcDbEntity
  8
Defpoints
 62
     0
440
 16777216
100
AcDbPoint
 10
16.22092213063115
 20
-56.90129450260418
 30
0.0
  0
POINT
  5
886
330
813
100
AcDbEntity
  8
Defpoints
 62
     0
440
 16777216
100
AcDbPoint
 10
36.72092213063115
 20
-56.90129450260464
 30
0.0
  0
POINT
  5
887
330
813
100
AcDbEntity
  8
Defpoints
 62
     0
440
 16777216
100
AcDbPoint
 10
36.72092213063115
 20
-44.30328033543827
 30
0.0
  0
ENDBLK
  5
815
330
813
100
AcDbEntity
  8
0
100
AcDbBlockEnd
  0
BLOCK
  5
821
330
820
100
AcDbEntity
  8
0
100
AcDbBlockBegin
  2
*D61
 70
     1
 10
0.0
 20
0.0
 30
0.0
  3
*D61
  1

  0
LINE
  5
888
330
820
100
AcDbEntity
  8
0
 62
     0
440
 16777216
370
    -2
100
AcDbLine
 10
32.27072213063079
 20
-53.90129450260378
 30
0.0
 11
56.14862028974025
 21
-53.90129450260378
 31
0.0
  0
LINE
  5
889
330
820
100
AcDbEntity
  8
0
 62
     0
440
 16777216
370
    -2
100
AcDbLine
 10
32.87366585578534
 20
-66.20129450260083
 30
0.0
 11
56.14862028974025
 21
-66.20129450260083
 31
0.0
  0
LINE
  5
88A
330
820
100
AcDbEntity
  8
0
 62
     0
440
 16777216
370
    -2
100
AcDbLine
 10
55.74882028974023
 20
-55.50129450260378
 30
0.0
 11
55.74882028974023
 21
-58.65149450260231
 31
0.0
  0
LINE
  5
88B
330
820
100
AcDbEntity
  8
0
 62
     0
440
 16777216
370
    -2
100
AcDbLine
 10
55.74882028974023
 20
-64.60129450260083
 30
0.0
 11
55.74882028974023
 21
-61.45109450260231
 31
0.0
  0
SOLID
  5
88C
330
820
100
AcDbEntity
  8
0
 62
     0
440
 16777216
100
AcDbTrace
 10
55.4821536230736
 20
-55.50129450260378
 30
0.0
 11
56.01548695640691
 21
-55.50129450260378
 31
0.0
 12
55.74882028974023
 22
-53.90129450260378
 32
0.0
 13
55.74882028974023
 23
-53.90129450260378
 33
0.0
  0
SOLID
  5
88D
330
820
100
AcDbEntity
  8
0
 62
     0
440
 16777216
100
AcDbTrace
 10
55.4821536230736
 20
-64.60129450260083
 30
0.0
 11
56.01548695640691
 21
-64.60129450260083
 31
0.0
 12
55.74882028974023
 22
-66.20129450260083
 32
0.0
 13
55.74882028974023
 23
-66.20129450260083
 33
0.0
  0
MTEXT
  5
88E
330
820
100
AcDbEntity
  8
0
 62
     0
440
 16777216
370
    -3
100
AcDbMText
 10
55.74882028974026
 20
-60.05129450260231
 30
0.0
 40
2.0
 41
0.0
 71
     5
 72
     1
  1
\A1;12.3
 73
     1
 44
1.0
  0
POINT
  5
88F
330
820
100
AcDbEntity
  8
Defpoints
 62
     0
440
 16777216
100
AcDbPoint
 10
31.87092213063079
 20
-53.90129450260378
 30
0.0
  0
POINT
  5
890
330
820
100
AcDbEntity
  8
Defpoints
 62
     0
440
 16777216
100
AcDbPoint
 10
32.47386585578534
 20
-66.20129450260083
 30
0.0
  0
POINT
  5
891
330
820
100
AcDbEntity
  8
Defpoints
 62
     0
440
 16777216
100
AcDbPoint
 10
55.74882028974023
 20
-66.20129450260083
 30
0.0
  0
ENDBLK
  5
822
330
820
100
AcDbEntity
  8
0
100
AcDbBlockEnd
  0
BLOCK
  5
82E
330
82D
100
AcDbEntity
  8
0
100
AcDbBlockBegin
  2
*D62
 70
     1
 10
0.0
 20
0.0
 30
0.0
  3
*D62
  1

  0
LINE
  5
892
330
82D
100
AcDbEntity
  8
0
 62
     0
440
 16777216
370
    -2
100
AcDbLine
 10
32.22072213063152
 20
-58.40129450260398
 30
0.0
 11
51.62546953406748
 21
-58.40129450260401
 31
0.0
  0
LINE
  5
893
330
82D
100
AcDbEntity
  8
0
 62
     0
440
 16777216
370
    -2
100
AcDbLine
 10
42.17959183078059
 20
-53.90129450260372
 30
0.0
 11
51.62546953406748
 21
-53.90129450260372
 31
0.0
  0
LINE
  5
894
330
82D
100
AcDbEntity
  8
0
 62
     0
440
 16777216
370
    -2
100
AcDbLine
 10
51.22566953406749
 20
-56.80129450260401
 30
0.0
 11
51.22566953406749
 21
-55.50129450260373
 31
0.0
  0
LINE
  5
895
330
82D
100
AcDbEntity
  8
0
 62
     0
440
 16777216
370
    -2
100
AcDbLine
 10
51.22566953406749
 20
-53.90129450260372
 30
0.0
 11
51.22566953406749
 21
-52.30129450260372
 31
0.0
  0
LINE
  5
896
330
82D
100
AcDbEntity
  8
0
 62
     0
440
 16777216
370
    -2
100
AcDbLine
 10
51.22566953406749
 20
-52.30129450260372
 30
0.0
 11
52.8256695340675
 21
-52.30129450260372
 31
0.0
  0
SOLID
  5
897
330
82D
100
AcDbEntity
  8
0
 62
     0
440
 16777216
100
AcDbTrace
 10
50.95900286740082
 20
-56.80129450260401
 30
0.0
 11
51.49233620073416
 21
-56.80129450260401
 31
0.0
 12
51.22566953406749
 22
-58.40129450260401
 32
0.0
 13
51.22566953406749
 23
-58.40129450260401
 33
0.0
  0
SOLID
  5
898
330
82D
100
AcDbEntity
  8
0
 62
     0
440
 16777216
100
AcDbTrace
 10
50.95900286740082
 20
-55.50129450260373
 30
0.0
 11
51.49233620073416
 21
-55.50129450260373
 31
0.0
 12
51.22566953406749
 22
-53.90129450260372
 32
0.0
 13
51.22566953406749
 23
-53.90129450260372
 33
0.0
  0
MTEXT
  5
899
330
82D
100
AcDbEntity
  8
0
 62
     0
440
 16777216
370
    -3
100
AcDbMText
 10
55.23105612624628
 20
-52.30129450260371
 30
0.0
 40
2.0
 41
0.0
 71
     5
 72
     1
  1
\A1;4.5
 73
     1
 44
1.0
  0
POINT
  5
89A
330
82D
100
AcDbEntity
  8
Defpoints
 62
     0
440
 16777216
100
AcDbPoint
 10
31.82092213063152
 20
-58.40129450260398
 30
0.0
  0
POINT
  5
89B
330
82D
100
AcDbEntity
  8
Defpoints
 62
     0
440
 16777216
100
AcDbPoint
 10
41.77979183078059
 20
-53.90129450260372
 30
0.0
  0
POINT
  5
89C
330
82D
100
AcDbEntity
  8
Defpoints
 62
     0
440
 16777216
100
AcDbPoint
 10
51.22566953406749
 20
-53.90129450260372
 30
0.0
  0
ENDBLK
  5
82F
330
82D
100
AcDbEntity
  8
0
100
AcDbBlockEnd
  0
BLOCK
  5
83C
330
83B
100
AcDbEntity
  8
0
100
AcDbBlockBegin
  2
*D63
 70
     1
 10
0.0
 20
0.0
 30
0.0
  3
*D63
  1

  0
LINE
  5
89D
330
83B
100
AcDbEntity
  8
0
 62
     0
440
 16777216
370
    -2
100
AcDbLine
 10
-2.242059105168615
 20
-71.14471639492838
 30
0.0
 11
21.49380626649328
 21
-73.42346851448507
 31
0.0
  0
MTEXT
  5
89E
102
{ACAD_XDICTIONARY
360
968
102
}
330
83B
100
AcDbEntity
  8
0
 62
     0
440
 16777216
370
    -3
100
AcDbMText
 10
-5.733325261699897
 20
-71.14471639492838
 30
0.0
 40
2.0
 41
0.0
 71
     5
 72
     1
  1
\A1;\U+22056.8
 73
     1
 44
1.0
  0
SOLID
  5
89F
330
83B
100
AcDbEntity
  8
0
 62
     0
440
 16777216
100
AcDbTrace
 10
21.5192903191921
 20
-73.15802233506416
 30
0.0
 11
21.46832221379446
 21
-73.68891469390596
 31
0.0
 12
23.0864833430187
 22
-73.57637283067801
 32
0.0
 13
23.0864833430187
 23
-73.57637283067801
 33
0.0
  0
LINE
  5
8A0
330
83B
100
AcDbEntity
  8
0
 62
     0
440
 16777216
370
    -2
100
AcDbLine
 10
26.38092213063207
 20
-73.9012945025877
 30
0.0
 11
26.56092213063206
 21
-73.9012945025877
 31
0.0
  0
LINE
  5
8A1
330
83B
100
AcDbEntity
  8
0
 62
     0
440
 16777216
370
    -2
100
AcDbLine
 10
26.47092213063206
 20
-73.99129450258771
 30
0.0
 11
26.47092213063207
 21
-73.8112945025877
 31
0.0
  0
ARC
  5
8A2
330
83B
100
AcDbEntity
  8
0
 62
     0
440
 16777216
370
    -2
100
AcDbCircle
 10
26.47092213063206
 20
-73.9012945025877
 30
0.0
 40
3.399999999996822
100
AcDbArc
 50
171.4828427651305
 51
178.9467687589497
  0
POINT
  5
8A3
330
83B
100
AcDbEntity
  8
Defpoints
 62
     0
440
 16777216
100
AcDbPoint
 10
23.0864833430187
 20
-73.57637283067801
 30
0.0
  0
POINT
  5
8A4
330
83B
100
AcDbEntity
  8
Defpoints
 62
     0
440
 16777216
100
AcDbPoint
 10
29.85536091824542
 20
-74.22621617449738
 30
0.0
  0
ENDBLK
  5
83D
330
83B
100
AcDbEntity
  8
0
100
AcDbBlockEnd
  0
BLOCK
  5
847
330
846
100
AcDbEntity
  8
0
100
AcDbBlockBegin
  2
*D64
 70
     1
 10
0.0
 20
0.0
 30
0.0
  3
*D64
  1

  0
LINE
  5
8A5
330
846
100
AcDbEntity
  8
0
 62
     0
440
 16777216
370
    -2
100
AcDbLine
 10
18.62715155917236
 20
-64.3604676562974
 30
0.0
 11
18.80192146966534
 21
-64.53523756679047
 31
0.0
  0
LINE
  5
8A6
330
846
100
AcDbEntity
  8
0
 62
     0
440
 16777216
370
    -2
100
AcDbLine
 10
16.930095284324
 20
-66.05752393114484
 30
0.0
 11
17.10486519481698
 21
-66.23229384163792
 31
0.0
  0
LINE
  5
8A7
330
846
100
AcDbEntity
  8
0
 62
     0
440
 16777216
370
    -2
100
AcDbLine
 10
19.65059102844581
 20
-63.12116542577383
 30
0.0
 11
20.78196187834459
 21
-61.98979457587564
 31
0.0
  0
LINE
  5
8A8
330
846
100
AcDbEntity
  8
0
 62
     0
440
 16777216
370
    -2
100
AcDbLine
 10
15.69079305379989
 20
-67.08096340041763
 30
0.0
 11
14.55942220390111
 21
-68.2123342503158
 31
0.0
  0
LINE
  5
8A9
330
846
100
AcDbEntity
  8
0
 62
     0
440
 16777216
370
    -2
100
AcDbLine
 10
14.55942220390111
 20
-68.2123342503158
 30
0.0
 11
12.9594222039011
 21
-68.21233425031582
 31
0.0
  0
SOLID
  5
8AA
330
846
100
AcDbEntity
  8
0
 62
     0
440
 16777216
100
AcDbTrace
 10
19.46202922012945
 20
-62.93260361745737
 30
0.0
 11
19.83915283676217
 21
-63.30972723409029
 31
0.0
 12
18.51922017854703
 22
-64.252536275672
 32
0.0
 13
18.51922017854703
 23
-64.252536275672
 33
0.0
  0
SOLID
  5
8AB
330
846
100
AcDbEntity
  8
0
 62
     0
440
 16777216
100
AcDbTrace
 10
15.50223124548352
 20
-66.89240159210115
 30
0.0
 11
15.87935486211625
 21
-67.2695252087341
 31
0.0
 12
16.82216390369867
 22
-65.94959255051946
 32
0.0
 13
16.82216390369867
 23
-65.94959255051946
 33
0.0
  0
MTEXT
  5
8AC
330
846
100
AcDbEntity
  8
0
 62
     0
440
 16777216
370
    -3
100
AcDbMText
 10
10.53727583518602
 20
-68.2123342503158
 30
0.0
 40
2.0
 41
0.0
 71
     5
 72
     1
  1
\A1;2.4
 73
     1
 44
1.0
  0
POINT
  5
8AD
330
846
100
AcDbEntity
  8
Defpoints
 62
     0
440
 16777216
100
AcDbPoint
 10
18.34445026805406
 20
-64.07776636517893
 30
0.0
  0
POINT
  5
8AE
330
846
100
AcDbEntity
  8
Defpoints
 62
     0
440
 16777216
100
AcDbPoint
 10
16.6473939932057
 20
-65.7748226400264
 30
0.0
  0
POINT
  5
8AF
330
846
100
AcDbEntity
  8
Defpoints
 62
     0
440
 16777216
100
AcDbPoint
 10
16.82216390369867
 20
-65.94959255051946
 30
0.0
  0
ENDBLK
  5
848
330
846
100
AcDbEntity
  8
0
100
AcDbBlockEnd
  0
BLOCK
  5
855
330
854
100
AcDbEntity
  8
0
100
AcDbBlockBegin
  2
*D65
 70
     1
 10
0.0
 20
0.0
 30
0.0
  3
*D65
  1

  0
LINE
  5
8B0
330
854
100
AcDbEntity
  8
0
 62
     0
440
 16777216
370
    -2
100
AcDbLine
 10
26.47092213066753
 20
-90.50129450260387
 30
0.0
 11
26.47092213066753
 21
-88.90129450260387
 31
0.0
  0
LINE
  5
8B1
330
854
100
AcDbEntity
  8
0
 62
     0
440
 16777216
370
    -2
100
AcDbLine
 10
26.47092213066753
 20
-95.50129450260383
 30
0.0
 11
26.47092213066753
 21
-97.10129450260383
 31
0.0
  0
LINE
  5
8B2
330
854
100
AcDbEntity
  8
0
 62
     0
440
 16777216
370
    -2
100
AcDbLine
 10
26.47092213066753
 20
-97.10129450260383
 30
0.0
 11
24.87092213066753
 21
-97.10129450260383
 31
0.0
  0
SOLID
  5
8B3
330
854
100
AcDbEntity
  8
0
 62
     0
440
 16777216
100
AcDbTrace
 10
26.20425546400087
 20
-90.50129450260387
 30
0.0
 11
26.7375887973342
 21
-90.50129450260387
 31
0.0
 12
26.47092213066753
 22
-92.10129450260387
 32
0.0
 13
26.47092213066753
 23
-92.10129450260387
 33
0.0
  0
SOLID
  5
8B4
330
854
100
AcDbEntity
  8
0
 62
     0
440
 16777216
100
AcDbTrace
 10
26.20425546400087
 20
-95.50129450260383
 30
0.0
 11
26.7375887973342
 21
-95.50129450260383
 31
0.0
 12
26.47092213066753
 22
-93.90129450260383
 32
0.0
 13
26.47092213066753
 23
-93.90129450260383
 33
0.0
  0
MTEXT
  5
8B5
330
854
100
AcDbEntity
  8
0
 62
     0
440
 16777216
370
    -3
100
AcDbMText
 10
22.57168078988542
 20
-97.10129450260383
 30
0.0
 40
2.0
 41
0.0
 71
     5
 72
     1
  1
\A1;1.8
 73
     1
 44
1.0
  0
POINT
  5
8B6
330
854
100
AcDbEntity
  8
Defpoints
 62
     0
440
 16777216
100
AcDbPoint
 10
26.47092213063114
 20
-92.10129450260387
 30
0.0
  0
POINT
  5
8B7
330
854
100
AcDbEntity
  8
Defpoints
 62
     0
440
 16777216
100
AcDbPoint
 10
26.47092213063114
 20
-93.90129450260383
 30
0.0
  0
POINT
  5
8B8
330
854
100
AcDbEntity
  8
Defpoints
 62
     0
440
 16777216
100
AcDbPoint
 10
26.47092213066753
 20
-93.90129450260383
 30
0.0
  0
ENDBLK
  5
856
330
854
100
AcDbEntity
  8
0
100
AcDbBlockEnd
  0
BLOCK
  5
9B8
330
9B7
100
AcDbEntity
  8
0
100
AcDbBlockBegin
  2
*D66
 70
     1
 10
0.0
 20
0.0
 30
0.0
  3
*D66
  1

  0
LINE
  5
9B9
330
9B7
100
AcDbEntity
  8
0
 62
     0
440
 16777216
370
    -2
100
AcDbLine
 10
8811.749321604835
 20
215.0415637363827
 30
0.0
 11
8826.448422211283
 21
215.0415637363827
 31
0.0
  0
LINE
  5
9BA
330
9B7
100
AcDbEntity
  8
0
 62
     0
440
 16777216
370
    -2
100
AcDbLine
 10
8811.749321604835
 20
255.0415637363827
 30
0.0
 11
8826.448422211283
 21
255.0415637363827
 31
0.0
  0
LINE
  5
9BB
330
9B7
100
AcDbEntity
  8
0
 62
     0
440
 16777216
370
    -2
100
AcDbLine
 10
8826.048622211281
 20
216.6415637363827
 30
0.0
 11
8826.048622211281
 21
233.6206177609393
 31
0.0
  0
LINE
  5
9BC
330
9B7
100
AcDbEntity
  8
0
 62
     0
440
 16777216
370
    -2
100
AcDbLine
 10
8826.048622211281
 20
253.4415637363827
 30
0.0
 11
8826.048622211281
 21
236.4625097118261
 31
0.0
  0
SOLID
  5
9BD
330
9B7
100
AcDbEntity
  8
0
 62
     0
440
 16777216
100
AcDbTrace
 10
8825.781955544615
 20
216.6415637363827
 30
0.0
 11
8826.315288877948
 21
216.6415637363827
 31
0.0
 12
8826.048622211281
 22
215.0415637363827
 32
0.0
 13
8826.048622211281
 23
215.0415637363827
 33
0.0
  0
SOLID
  5
9BE
330
9B7
100
AcDbEntity
  8
0
 62
     0
440
 16777216
100
AcDbTrace
 10
8825.781955544615
 20
253.4415637363827
 30
0.0
 11
8826.315288877948
 21
253.4415637363827
 31
0.0
 12
8826.048622211281
 22
255.0415637363827
 32
0.0
 13
8826.048622211281
 23
255.0415637363827
 33
0.0
  0
MTEXT
  5
9BF
330
9B7
100
AcDbEntity
  8
0
 62
     0
440
 16777216
370
    -3
100
AcDbMText
 10
8826.048622211279
 20
235.0415637363802
 30
0.0
 40
2.0
 41
0.0
 71
     5
 72
     1
  1
\A1;40.0
 73
     1
 44
1.0
  0
POINT
  5
9C0
330
9B7
100
AcDbEntity
  8
Defpoints
 62
     0
440
 16777216
100
AcDbPoint
 10
8811.349521604837
 20
215.0415637363827
 30
0.0
  0
POINT
  5
9C1
330
9B7
100
AcDbEntity
  8
Defpoints
 62
     0
440
 16777216
100
AcDbPoint
 10
8811.349521604837
 20
255.0415637363827
 30
0.0
  0
POINT
  5
9C2
330
9B7
100
AcDbEntity
  8
Defpoints
 62
     0
440
 16777216
100
AcDbPoint
 10
8826.048622211281
 20
255.0415637363827
 30
0.0
  0
ENDBLK
  5
9C3
330
9B7
100
AcDbEntity
  8
0
100
AcDbBlockEnd
  0
BLOCK
  5
9C5
330
9C4
100
AcDbEntity
  8
0
100
AcDbBlockBegin
  2
*D67
 70
     1
 10
0.0
 20
0.0
 30
0.0
  3
*D67
  1

  0
LINE
  5
9C6
330
9C4
100
AcDbEntity
  8
0
 62
     0
440
 16777216
370
    -2
100
AcDbLine
 10
8791.749521604833
 20
254.1413637363826
 30
0.0
 11
8791.749521604833
 21
259.7743200024755
 31
0.0
  0
LINE
  5
9C7
330
9C4
100
AcDbEntity
  8
0
 62
     0
440
 16777216
370
    -2
100
AcDbLine
 10
8799.949521604832
 20
254.1413637363826
 30
0.0
 11
8799.949521604832
 21
259.7743200024755
 31
0.0
  0
LINE
  5
9C8
330
9C4
100
AcDbEntity
  8
0
 62
     0
440
 16777216
370
    -2
100
AcDbLine
 10
8790.149521604831
 20
259.3745200024754
 30
0.0
 11
8788.549521604831
 21
259.3745200024754
 31
0.0
  0
LINE
  5
9C9
330
9C4
100
AcDbEntity
  8
0
 62
     0
440
 16777216
370
    -2
100
AcDbLine
 10
8801.549521604831
 20
259.3745200024754
 30
0.0
 11
8803.149521604831
 21
259.3745200024754
 31
0.0
  0
SOLID
  5
9CA
330
9C4
100
AcDbEntity
  8
0
 62
     0
440
 16777216
100
AcDbTrace
 10
8790.149521604831
 20
259.6411866691421
 30
0.0
 11
8790.149521604831
 21
259.1078533358088
 31
0.0
 12
8791.749521604833
 22
259.3745200024754
 32
0.0
 13
8791.749521604833
 23
259.3745200024754
 33
0.0
  0
SOLID
  5
9CB
330
9C4
100
AcDbEntity
  8
0
 62
     0
440
 16777216
100
AcDbTrace
 10
8801.549521604831
 20
259.6411866691421
 30
0.0
 11
8801.549521604831
 21
259.1078533358088
 31
0.0
 12
8799.949521604832
 22
259.3745200024754
 32
0.0
 13
8799.949521604832
 23
259.3745200024754
 33
0.0
  0
MTEXT
  5
9CC
330
9C4
100
AcDbEntity
  8
0
 62
     0
440
 16777216
370
    -3
100
AcDbMText
 10
8795.849521604832
 20
259.3745200024754
 30
0.0
 40
2.0
 41
0.0
 71
     5
 72
     1
  1
\A1;8.2
 73
     1
 44
1.0
  0
POINT
  5
9CD
330
9C4
100
AcDbEntity
  8
Defpoints
 62
     0
440
 16777216
100
AcDbPoint
 10
8791.749521604833
 20
253.7415637363826
 30
0.0
  0
POINT
  5
9CE
330
9C4
100
AcDbEntity
  8
Defpoints
 62
     0
440
 16777216
100
AcDbPoint
 10
8799.949521604832
 20
253.7415637363826
 30
0.0
  0
POINT
  5
9CF
330
9C4
100
AcDbEntity
  8
Defpoints
 62
     0
440
 16777216
100
AcDbPoint
 10
8799.949521604832
 20
259.3745200024754
 30
0.0
  0
ENDBLK
  5
9D0
330
9C4
100
AcDbEntity
  8
0
100
AcDbBlockEnd
  0
BLOCK
  5
9D2
330
9D1
100
AcDbEntity
  8
0
100
AcDbBlockBegin
  2
*D68
 70
     1
 10
0.0
 20
0.0
 30
0.0
  3
*D68
  1

  0
LINE
  5
9D3
330
9D1
100
AcDbEntity
  8
0
 62
     0
440
 16777216
370
    -2
100
AcDbLine
 10
8785.449521604833
 20
254.0413637363826
 30
0.0
 11
8785.449521604833
 21
265.061996113134
 31
0.0
  0
LINE
  5
9D4
330
9D1
100
AcDbEntity
  8
0
 62
     0
440
 16777216
370
    -2
100
AcDbLine
 10
8806.249521604831
 20
254.0413637363826
 30
0.0
 11
8806.249521604831
 21
265.061996113134
 31
0.0
  0
LINE
  5
9D5
330
9D1
100
AcDbEntity
  8
0
 62
     0
440
 16777216
370
    -2
100
AcDbLine
 10
8787.049521604833
 20
264.6621961131339
 30
0.0
 11
8792.833077675776
 21
264.6621961131339
 31
0.0
  0
LINE
  5
9D6
330
9D1
100
AcDbEntity
  8
0
 62
     0
440
 16777216
370
    -2
100
AcDbLine
 10
8804.649521604831
 20
264.6621961131339
 30
0.0
 11
8798.86596553389
 21
264.6621961131339
 31
0.0
  0
SOLID
  5
9D7
330
9D1
100
AcDbEntity
  8
0
 62
     0
440
 16777216
100
AcDbTrace
 10
8787.049521604833
 20
264.9288627798006
 30
0.0
 11
8787.049521604833
 21
264.3955294464673
 31
0.0
 12
8785.449521604833
 22
264.6621961131339
 32
0.0
 13
8785.449521604833
 23
264.6621961131339
 33
0.0
  0
SOLID
  5
9D8
330
9D1
100
AcDbEntity
  8
0
 62
     0
440
 16777216
100
AcDbTrace
 10
8804.649521604831
 20
264.9288627798006
 30
0.0
 11
8804.649521604831
 21
264.3955294464673
 31
0.0
 12
8806.249521604831
 22
264.6621961131339
 32
0.0
 13
8806.249521604831
 23
264.6621961131339
 33
0.0
  0
MTEXT
  5
9D9
330
9D1
100
AcDbEntity
  8
0
 62
     0
440
 16777216
370
    -3
100
AcDbMText
 10
8795.849521604832
 20
264.6621961131339
 30
0.0
 40
2.0
 41
0.0
 71
     5
 72
     1
  1
\A1;20.8
 73
     1
 44
1.0
  0
POINT
  5
9DA
330
9D1
100
AcDbEntity
  8
Defpoints
 62
     0
440
 16777216
100
AcDbPoint
 10
8785.449521604833
 20
253.6415637363826
 30
0.0
  0
POINT
  5
9DB
330
9D1
100
AcDbEntity
  8
Defpoints
 62
     0
440
 16777216
100
AcDbPoint
 10
8806.249521604831
 20
253.6415637363826
 30
0.0
  0
POINT
  5
9DC
330
9D1
100
AcDbEntity
  8
Defpoints
 62
     0
440
 16777216
100
AcDbPoint
 10
8806.249521604831
 20
264.6621961131339
 30
0.0
  0
ENDBLK
  5
9DD
330
9D1
100
AcDbEntity
  8
0
100
AcDbBlockEnd
  0
BLOCK
  5
9DF
330
9DE
100
AcDbEntity
  8
0
100
AcDbBlockBegin
  2
*D69
 70
     1
 10
0.0
 20
0.0
 30
0.0
  3
*D69
  1

  0
LINE
  5
9E0
330
9DE
100
AcDbEntity
  8
0
 62
     0
440
 16777216
370
    -2
100
AcDbLine
 10
8775.849521604833
 20
250.9413637363826
 30
0.0
 11
8775.849521604833
 21
270.8161240348029
 31
0.0
  0
LINE
  5
9E1
330
9DE
100
AcDbEntity
  8
0
 62
     0
440
 16777216
370
    -2
100
AcDbLine
 10
8815.849521604832
 20
250.9413637363826
 30
0.0
 11
8815.849521604832
 21
270.8161240348029
 31
0.0
  0
LINE
  5
9E2
330
9DE
100
AcDbEntity
  8
0
 62
     0
440
 16777216
370
    -2
100
AcDbLine
 10
8777.449521604831
 20
270.4163240348028
 30
0.0
 11
8792.815342341532
 21
270.4163240348028
 31
0.0
  0
LINE
  5
9E3
330
9DE
100
AcDbEntity
  8
0
 62
     0
440
 16777216
370
    -2
100
AcDbLine
 10
8814.249521604832
 20
270.4163240348028
 30
0.0
 11
8798.883700868133
 21
270.4163240348028
 31
0.0
  0
SOLID
  5
9E4
330
9DE
100
AcDbEntity
  8
0
 62
     0
440
 16777216
100
AcDbTrace
 10
8777.449521604831
 20
270.6829907014695
 30
0.0
 11
8777.449521604831
 21
270.1496573681362
 31
0.0
 12
8775.849521604833
 22
270.4163240348028
 32
0.0
 13
8775.849521604833
 23
270.4163240348028
 33
0.0
  0
SOLID
  5
9E5
330
9DE
100
AcDbEntity
  8
0
 62
     0
440
 16777216
100
AcDbTrace
 10
8814.249521604832
 20
270.6829907014695
 30
0.0
 11
8814.249521604832
 21
270.1496573681362
 31
0.0
 12
8815.849521604832
 22
270.4163240348028
 32
0.0
 13
8815.849521604832
 23
270.4163240348028
 33
0.0
  0
MTEXT
  5
9E6
330
9DE
100
AcDbEntity
  8
0
 62
     0
440
 16777216
370
    -3
100
AcDbMText
 10
8795.849521604832
 20
270.4163240348028
 30
0.0
 40
2.0
 41
0.0
 71
     5
 72
     1
  1
\A1;40.0
 73
     1
 44
1.0
  0
POINT
  5
9E7
330
9DE
100
AcDbEntity
  8
Defpoints
 62
     0
440
 16777216
100
AcDbPoint
 10
8775.849521604833
 20
250.5415637363824
 30
0.0
  0
POINT
  5
9E8
330
9DE
100
AcDbEntity
  8
Defpoints
 62
     0
440
 16777216
100
AcDbPoint
 10
8815.849521604832
 20
250.5415637363824
 30
0.0
  0
POINT
  5
9E9
330
9DE
100
AcDbEntity
  8
Defpoints
 62
     0
440
 16777216
100
AcDbPoint
 10
8815.849521604832
 20
270.4163240348028
 30
0.0
  0
ENDBLK
  5
9EA
330
9DE
100
AcDbEntity
  8
0
100
AcDbBlockEnd
  0
BLOCK
  5
9EC
330
9EB
100
AcDbEntity
  8
0
100
AcDbBlockBegin
  2
*D70
 70
     1
 10
0.0
 20
0.0
 30
0.0
  3
*D70
  1

  0
LINE
  5
9ED
330
9EB
100
AcDbEntity
  8
0
 62
     0
440
 16777216
370
    -2
100
AcDbLine
 10
8804.641844178403
 20
255.0415637363828
 30
0.0
 11
8823.589960562889
 21
255.0415637363828
 31
0.0
  0
LINE
  5
9EE
330
9EB
100
AcDbEntity
  8
0
 62
     0
440
 16777216
370
    -2
100
AcDbLine
 10
8799.479953068885
 20
240.3415637363827
 30
0.0
 11
8823.589960562889
 21
240.3415637363827
 31
0.0
  0
LINE
  5
9EF
330
9EB
100
AcDbEntity
  8
0
 62
     0
440
 16777216
370
    -2
100
AcDbLine
 10
8823.190160562891
 20
253.4415637363828
 30
0.0
 11
8823.190160562891
 21
249.0954565058234
 31
0.0
  0
LINE
  5
9F0
330
9EB
100
AcDbEntity
  8
0
 62
     0
440
 16777216
370
    -2
100
AcDbLine
 10
8823.190160562891
 20
241.9415637363827
 30
0.0
 11
8823.190160562891
 21
246.2876709669421
 31
0.0
  0
SOLID
  5
9F1
330
9EB
100
AcDbEntity
  8
0
 62
     0
440
 16777216
100
AcDbTrace
 10
8822.923493896224
 20
253.4415637363828
 30
0.0
 11
8823.456827229556
 21
253.4415637363828
 31
0.0
 12
8823.190160562891
 22
255.0415637363828
 32
0.0
 13
8823.190160562891
 23
255.0415637363828
 33
0.0
  0
SOLID
  5
9F2
330
9EB
100
AcDbEntity
  8
0
 62
     0
440
 16777216
100
AcDbTrace
 10
8822.923493896224
 20
241.9415637363827
 30
0.0
 11
8823.456827229556
 21
241.9415637363827
 31
0.0
 12
8823.190160562891
 22
240.3415637363827
 32
0.0
 13
8823.190160562891
 23
240.3415637363827
 33
0.0
  0
MTEXT
  5
9F3
330
9EB
100
AcDbEntity
  8
0
 62
     0
440
 16777216
370
    -3
100
AcDbMText
 10
8823.190160562885
 20
247.6915637363802
 30
0.0
 40
2.0
 41
0.0
 71
     5
 72
     1
  1
\A1;14.7
 73
     1
 44
1.0
  0
POINT
  5
9F4
330
9EB
100
AcDbEntity
  8
Defpoints
 62
     0
440
 16777216
100
AcDbPoint
 10
8804.242044178401
 20
255.0415637363828
 30
0.0
  0
POINT
  5
9F5
330
9EB
100
AcDbEntity
  8
Defpoints
 62
     0
440
 16777216
100
AcDbPoint
 10
8799.080153068883
 20
240.3415637363827
 30
0.0
  0
POINT
  5
9F6
330
9EB
100
AcDbEntity
  8
Defpoints
 62
     0
440
 16777216
100
AcDbPoint
 10
8823.190160562891
 20
240.3415637363827
 30
0.0
  0
ENDBLK
  5
9F7
330
9EB
100
AcDbEntity
  8
0
100
AcDbBlockEnd
  0
BLOCK
  5
9F9
330
9F8
100
AcDbEntity
  8
0
100
AcDbBlockBegin
  2
*D71
 70
     1
 10
0.0
 20
0.0
 30
0.0
  3
*D71
  1

  0
LINE
  5
9FA
330
9F8
100
AcDbEntity
  8
0
 62
     0
440
 16777216
370
    -2
100
AcDbLine
 10
8801.549321604834
 20
252.0415637363827
 30
0.0
 11
8819.735704574126
 21
252.0415637363827
 31
0.0
  0
LINE
  5
9FB
330
9F8
100
AcDbEntity
  8
0
 62
     0
440
 16777216
370
    -2
100
AcDbLine
 10
8804.641844178403
 20
255.0415637363828
 30
0.0
 11
8819.735704574126
 21
255.0415637363828
 31
0.0
  0
LINE
  5
9FC
330
9F8
100
AcDbEntity
  8
0
 62
     0
440
 16777216
370
    -2
100
AcDbLine
 10
8819.335904574129
 20
250.4415637363827
 30
0.0
 11
8819.335904574129
 21
248.8415637363827
 31
0.0
  0
LINE
  5
9FD
330
9F8
100
AcDbEntity
  8
0
 62
     0
440
 16777216
370
    -2
100
AcDbLine
 10
8819.335904574129
 20
256.6415637363828
 30
0.0
 11
8819.335904574129
 21
258.2415637363828
 31
0.0
  0
SOLID
  5
9FE
330
9F8
100
AcDbEntity
  8
0
 62
     0
440
 16777216
100
AcDbTrace
 10
8819.069237907461
 20
250.4415637363827
 30
0.0
 11
8819.602571240794
 21
250.4415637363827
 31
0.0
 12
8819.335904574129
 22
252.0415637363827
 32
0.0
 13
8819.335904574129
 23
252.0415637363827
 33
0.0
  0
SOLID
  5
9FF
330
9F8
100
AcDbEntity
  8
0
 62
     0
440
 16777216
100
AcDbTrace
 10
8819.069237907461
 20
256.6415637363828
 30
0.0
 11
8819.602571240794
 21
256.6415637363828
 31
0.0
 12
8819.335904574129
 22
255.0415637363828
 32
0.0
 13
8819.335904574129
 23
255.0415637363828
 33
0.0
  0
MTEXT
  5
A00
330
9F8
100
AcDbEntity
  8
0
 62
     0
440
 16777216
370
    -3
100
AcDbMText
 10
8819.335904574126
 20
253.5415637363802
 30
0.0
 40
2.0
 41
0.0
 71
     5
 72
     1
  1
\A1;3.0
 73
     1
 44
1.0
  0
POINT
  5
A01
330
9F8
100
AcDbEntity
  8
Defpoints
 62
     0
440
 16777216
100
AcDbPoint
 10
8801.149521604838
 20
252.0415637363827
 30
0.0
  0
POINT
  5
A02
330
9F8
100
AcDbEntity
  8
Defpoints
 62
     0
440
 16777216
100
AcDbPoint
 10
8804.242044178401
 20
255.0415637363828
 30
0.0
  0
POINT
  5
A03
330
9F8
100
AcDbEntity
  8
Defpoints
 62
     0
440
 16777216
100
AcDbPoint
 10
8819.335904574129
 20
255.0415637363828
 30
0.0
  0
ENDBLK
  5
A04
330
9F8
100
AcDbEntity
  8
0
100
AcDbBlockEnd
  0
BLOCK
  5
A06
330
A05
100
AcDbEntity
  8
0
100
AcDbBlockBegin
  2
*D72
 70
     1
 10
0.0
 20
0.0
 30
0.0
  3
*D72
  1

  0
LINE
  5
A07
330
A05
100
AcDbEntity
  8
0
 62
     0
440
 16777216
370
    -2
100
AcDbLine
 10
8783.328280118594
 20
235.1330153018918
 30
0.0
 11
8790.849654960094
 21
235.0780813319022
 31
0.0
  0
MTEXT
  5
A08
102
{ACAD_XDICTIONARY
360
A09
102
}
330
A05
100
AcDbEntity
  8
0
 62
     0
440
 16777216
370
    -3
100
AcDbMText
 10
8780.017838918046
 20
235.1330153018918
 30
0.0
 40
2.0
 41
0.0
 71
     5
 72
     1
  1
\A1;\U+22056.8
 73
     1
 44
1.0
  0
SOLID
  5
A0A
330
A05
100
AcDbEntity
  8
0
 62
     0
440
 16777216
100
AcDbTrace
 10
8790.851602565188
 20
235.3447408862885
 30
0.0
 11
8790.847707354998
 21
234.8114217775159
 31
0.0
 12
8792.449612286411
 22
235.0663957013359
 32
0.0
 13
8792.449612286411
 23
235.0663957013359
 33
0.0
  0
LINE
  5
A0B
330
A05
100
AcDbEntity
  8
0
 62
     0
440
 16777216
370
    -2
100
AcDbLine
 10
8795.759521604832
 20
235.0415637363825
 30
0.0
 11
8795.939521604832
 21
235.0415637363824
 31
0.0
  0
LINE
  5
A0C
330
A05
100
AcDbEntity
  8
0
 62
     0
440
 16777216
370
    -2
100
AcDbLine
 10
8795.849521604832
 20
234.9515637363825
 30
0.0
 11
8795.849521604832
 21
235.1315637363825
 31
0.0
  0
POINT
  5
A0D
330
A05
100
AcDbEntity
  8
Defpoints
 62
     0
440
 16777216
100
AcDbPoint
 10
8792.449612286411
 20
235.0663957013359
 30
0.0
  0
POINT
  5
A0E
330
A05
100
AcDbEntity
  8
Defpoints
 62
     0
440
 16777216
100
AcDbPoint
 10
8799.249430923255
 20
235.016731771429
 30
0.0
  0
ENDBLK
  5
A0F
330
A05
100
AcDbEntity
  8
0
100
AcDbBlockEnd
  0
BLOCK
  5
A11
330
A10
100
AcDbEntity
  8
0
100
AcDbBlockBegin
  2
*D73
 70
     1
 10
0.0
 20
0.0
 30
0.0
  3
*D73
  1

  0
LINE
  5
A12
330
A10
100
AcDbEntity
  8
0
 62
     0
440
 16777216
370
    -2
100
AcDbLine
 10
8786.337820669041
 20
241.2298628005956
 30
0.0
 11
8785.206449819146
 21
240.0984919506982
 31
0.0
  0
LINE
  5
A13
330
A10
100
AcDbEntity
  8
0
 62
     0
440
 16777216
370
    -2
100
AcDbLine
 10
8789.661222540621
 20
244.5532646721704
 30
0.0
 11
8790.792593390518
 21
245.6846355220687
 31
0.0
  0
LINE
  5
A14
330
A10
100
AcDbEntity
  8
0
 62
     0
440
 16777216
370
    -2
100
AcDbLine
 10
8790.792593390518
 20
245.6846355220687
 30
0.0
 11
8792.39259339052
 21
245.6846355220678
 31
0.0
  0
SOLID
  5
A15
330
A10
100
AcDbEntity
  8
0
 62
     0
440
 16777216
100
AcDbTrace
 10
8786.149258860723
 20
241.4184246089117
 30
0.0
 11
8786.52638247736
 21
241.0413009922795
 31
0.0
 12
8787.46919151894
 22
242.3612336504939
 32
0.0
 13
8787.46919151894
 23
242.3612336504939
 33
0.0
  0
SOLID
  5
A16
330
A10
100
AcDbEntity
  8
0
 62
     0
440
 16777216
100
AcDbTrace
 10
8789.472660732302
 20
244.7418264804865
 30
0.0
 11
8789.849784348936
 21
244.3647028638543
 31
0.0
 12
8788.529851690721
 22
243.421893822273
 32
0.0
 13
8788.529851690721
 23
243.421893822273
 33
0.0
  0
MTEXT
  5
A17
330
A10
100
AcDbEntity
  8
0
 62
     0
440
 16777216
370
    -3
100
AcDbMText
 10
8794.526363376878
 20
245.6846355220687
 30
0.0
 40
2.0
 41
0.0
 71
     5
 72
     1
  1
\A1;1.5
 73
     1
 44
1.0
  0
POINT
  5
A18
330
A10
100
AcDbEntity
  8
Defpoints
 62
     0
440
 16777216
100
AcDbPoint
 10
8787.469191518942
 20
242.361233650493
 30
0.0
  0
POINT
  5
A19
330
A10
100
AcDbEntity
  8
Defpoints
 62
     0
440
 16777216
100
AcDbPoint
 10
8788.529851690721
 20
243.4218938222721
 30
0.0
  0
POINT
  5
A1A
330
A10
100
AcDbEntity
  8
Defpoints
 62
     0
440
 16777216
100
AcDbPoint
 10
8788.529851690721
 20
243.421893822273
 30
0.0
  0
ENDBLK
  5
A1B
330
A10
100
AcDbEntity
  8
0
100
AcDbBlockEnd
  0
BLOCK
  5
A37
330
A36
100
AcDbEntity
  8
0
100
AcDbBlockBegin
  2
*D74
 70
     1
 10
0.0
 20
0.0
 30
0.0
  3
*D74
  1

  0
LINE
  5
A9A
330
A36
100
AcDbEntity
  8
0
 62
     0
440
 16777216
370
    -2
100
AcDbLine
 10
43.33983959332996
 20
46.6954863833424
 30
0.0
 11
58.03894019977903
 21
46.69548638334239
 31
0.0
  0
LINE
  5
A9B
330
A36
100
AcDbEntity
  8
0
 62
     0
440
 16777216
370
    -2
100
AcDbLine
 10
43.33983959332996
 20
86.69548638334239
 30
0.0
 11
58.03894019977903
 21
86.69548638334239
 31
0.0
  0
LINE
  5
A9C
330
A36
100
AcDbEntity
  8
0
 62
     0
440
 16777216
370
    -2
100
AcDbLine
 10
57.63914019977903
 20
48.29548638334239
 30
0.0
 11
57.63914019977903
 21
65.29568638334239
 31
0.0
  0
LINE
  5
A9D
330
A36
100
AcDbEntity
  8
0
 62
     0
440
 16777216
370
    -2
100
AcDbLine
 10
57.63914019977903
 20
85.09548638334237
 30
0.0
 11
57.63914019977903
 21
68.09528638334239
 31
0.0
  0
SOLID
  5
A9E
330
A36
100
AcDbEntity
  8
0
 62
     0
440
 16777216
100
AcDbTrace
 10
57.37247353311236
 20
48.29548638334239
 30
0.0
 11
57.90580686644569
 21
48.29548638334239
 31
0.0
 12
57.63914019977902
 22
46.69548638334239
 32
0.0
 13
57.63914019977902
 23
46.69548638334239
 33
0.0
  0
SOLID
  5
A9F
330
A36
100
AcDbEntity
  8
0
 62
     0
440
 16777216
100
AcDbTrace
 10
57.37247353311236
 20
85.09548638334237
 30
0.0
 11
57.9058068664457
 21
85.09548638334237
 31
0.0
 12
57.63914019977903
 22
86.69548638334239
 32
0.0
 13
57.63914019977903
 23
86.69548638334239
 33
0.0
  0
MTEXT
  5
AA0
330
A36
100
AcDbEntity
  8
0
 62
     0
440
 16777216
370
    -3
100
AcDbMText
 10
57.63914019977902
 20
66.6954863833424
 30
0.0
 40
2.0
 41
0.0
 71
     5
 72
     1
  1
\A1;40.0
 73
     1
 44
1.0
  0
POINT
  5
AA1
330
A36
100
AcDbEntity
  8
Defpoints
 62
     0
440
 16777216
100
AcDbPoint
 10
42.94003959332997
 20
46.6954863833424
 30
0.0
  0
POINT
  5
AA2
330
A36
100
AcDbEntity
  8
Defpoints
 62
     0
440
 16777216
100
AcDbPoint
 10
42.94003959332997
 20
86.69548638334239
 30
0.0
  0
POINT
  5
AA3
330
A36
100
AcDbEntity
  8
Defpoints
 62
     0
440
 16777216
100
AcDbPoint
 10
57.63914019977903
 20
86.69548638334239
 30
0.0
  0
ENDBLK
  5
A38
330
A36
100
AcDbEntity
  8
0
100
AcDbBlockEnd
  0
BLOCK
  5
A44
330
A43
100
AcDbEntity
  8
0
100
AcDbBlockBegin
  2
*D75
 70
     1
 10
0.0
 20
0.0
 30
0.0
  3
*D75
  1

  0
LINE
  5
AA4
330
A43
100
AcDbEntity
  8
0
 62
     0
440
 16777216
370
    -2
100
AcDbLine
 10
23.34003959332961
 20
85.79528638334242
 30
0.0
 11
23.34003959332961
 21
91.42824264943524
 31
0.0
  0
LINE
  5
AA5
330
A43
100
AcDbEntity
  8
0
 62
     0
440
 16777216
370
    -2
100
AcDbLine
 10
31.54003959332852
 20
85.79528638334242
 30
0.0
 11
31.54003959332852
 21
91.42824264943524
 31
0.0
  0
LINE
  5
AA6
330
A43
100
AcDbEntity
  8
0
 62
     0
440
 16777216
370
    -2
100
AcDbLine
 10
21.7400395933296
 20
91.02844264943524
 30
0.0
 11
20.14003959332961
 21
91.02844264943524
 31
0.0
  0
LINE
  5
AA7
330
A43
100
AcDbEntity
  8
0
 62
     0
440
 16777216
370
    -2
100
AcDbLine
 10
33.14003959332852
 20
91.02844264943524
 30
0.0
 11
34.74003959332852
 21
91.02844264943524
 31
0.0
  0
SOLID
  5
AA8
330
A43
100
AcDbEntity
  8
0
 62
     0
440
 16777216
100
AcDbTrace
 10
21.7400395933296
 20
91.29510931610191
 30
0.0
 11
21.7400395933296
 21
90.76177598276855
 31
0.0
 12
23.34003959332961
 22
91.02844264943524
 32
0.0
 13
23.34003959332961
 23
91.02844264943524
 33
0.0
  0
SOLID
  5
AA9
330
A43
100
AcDbEntity
  8
0
 62
     0
440
 16777216
100
AcDbTrace
 10
33.14003959332852
 20
91.29510931610191
 30
0.0
 11
33.14003959332852
 21
90.76177598276855
 31
0.0
 12
31.54003959332852
 22
91.02844264943524
 32
0.0
 13
31.54003959332852
 23
91.02844264943524
 33
0.0
  0
MTEXT
  5
AAA
330
A43
100
AcDbEntity
  8
0
 62
     0
440
 16777216
370
    -3
100
AcDbMText
 10
27.44003959332906
 20
91.02844264943524
 30
0.0
 40
2.0
 41
0.0
 71
     5
 72
     1
  1
\A1;8.2
 73
     1
 44
1.0
  0
POINT
  5
AAB
330
A43
100
AcDbEntity
  8
Defpoints
 62
     0
440
 16777216
100
AcDbPoint
 10
23.34003959332961
 20
85.39548638334242
 30
0.0
  0
POINT
  5
AAC
330
A43
100
AcDbEntity
  8
Defpoints
 62
     0
440
 16777216
100
AcDbPoint
 10
31.54003959332852
 20
85.39548638334242
 30
0.0
  0
POINT
  5
AAD
330
A43
100
AcDbEntity
  8
Defpoints
 62
     0
440
 16777216
100
AcDbPoint
 10
31.54003959332852
 20
91.02844264943524
 30
0.0
  0
ENDBLK
  5
A45
330
A43
100
AcDbEntity
  8
0
100
AcDbBlockEnd
  0
BLOCK
  5
A51
330
A50
100
AcDbEntity
  8
0
100
AcDbBlockBegin
  2
*D76
 70
     1
 10
0.0
 20
0.0
 30
0.0
  3
*D76
  1

  0
LINE
  5
AAE
330
A50
100
AcDbEntity
  8
0
 62
     0
440
 16777216
370
    -2
100
AcDbLine
 10
17.04003959333033
 20
85.69528638334238
 30
0.0
 11
17.04003959333033
 21
96.71591876009372
 31
0.0
  0
LINE
  5
AAF
330
A50
100
AcDbEntity
  8
0
 62
     0
440
 16777216
370
    -2
100
AcDbLine
 10
37.84003959332962
 20
85.69528638334238
 30
0.0
 11
37.84003959332962
 21
96.71591876009372
 31
0.0
  0
LINE
  5
AB0
330
A50
100
AcDbEntity
  8
0
 62
     0
440
 16777216
370
    -2
100
AcDbLine
 10
18.64003959333033
 20
96.31611876009372
 30
0.0
 11
24.33632897880483
 21
96.31611876009372
 31
0.0
  0
LINE
  5
AB1
330
A50
100
AcDbEntity
  8
0
 62
     0
440
 16777216
370
    -2
100
AcDbLine
 10
36.24003959332962
 20
96.31611876009372
 30
0.0
 11
30.54375020785511
 21
96.31611876009372
 31
0.0
  0
SOLID
  5
AB2
330
A50
100
AcDbEntity
  8
0
 62
     0
440
 16777216
100
AcDbTrace
 10
18.64003959333033
 20
96.58278542676043
 30
0.0
 11
18.64003959333033
 21
96.04945209342709
 31
0.0
 12
17.04003959333033
 22
96.31611876009372
 32
0.0
 13
17.04003959333033
 23
96.31611876009372
 33
0.0
  0
SOLID
  5
AB3
330
A50
100
AcDbEntity
  8
0
 62
     0
440
 16777216
100
AcDbTrace
 10
36.24003959332962
 20
96.58278542676043
 30
0.0
 11
36.24003959332962
 21
96.04945209342709
 31
0.0
 12
37.84003959332962
 22
96.31611876009372
 32
0.0
 13
37.84003959332962
 23
96.31611876009372
 33
0.0
  0
MTEXT
  5
AB4
330
A50
100
AcDbEntity
  8
0
 62
     0
440
 16777216
370
    -3
100
AcDbMText
 10
27.44003959332997
 20
96.31611876009372
 30
0.0
 40
2.0
 41
0.0
 71
     5
 72
     1
  1
\A1;20.8
 73
     1
 44
1.0
  0
POINT
  5
AB5
330
A50
100
AcDbEntity
  8
Defpoints
 62
     0
440
 16777216
100
AcDbPoint
 10
17.04003959333033
 20
85.29548638334237
 30
0.0
  0
POINT
  5
AB6
330
A50
100
AcDbEntity
  8
Defpoints
 62
     0
440
 16777216
100
AcDbPoint
 10
37.84003959332962
 20
85.29548638334237
 30
0.0
  0
POINT
  5
AB7
330
A50
100
AcDbEntity
  8
Defpoints
 62
     0
440
 16777216
100
AcDbPoint
 10
37.84003959332962
 20
96.31611876009372
 30
0.0
  0
ENDBLK
  5
A52
330
A50
100
AcDbEntity
  8
0
100
AcDbBlockEnd
  0
BLOCK
  5
A5E
330
A5D
100
AcDbEntity
  8
0
100
AcDbBlockBegin
  2
*D77
 70
     1
 10
0.0
 20
0.0
 30
0.0
  3
*D77
  1

  0
LINE
  5
AB8
330
A5D
100
AcDbEntity
  8
0
 62
     0
440
 16777216
370
    -2
100
AcDbLine
 10
7.440039593329968
 20
82.59528638334236
 30
0.0
 11
7.440039593329973
 21
102.4700466817626
 31
0.0
  0
LINE
  5
AB9
330
A5D
100
AcDbEntity
  8
0
 62
     0
440
 16777216
370
    -2
100
AcDbLine
 10
47.44003959332997
 20
82.59528638334236
 30
0.0
 11
47.44003959332997
 21
102.4700466817626
 31
0.0
  0
LINE
  5
ABA
330
A5D
100
AcDbEntity
  8
0
 62
     0
440
 16777216
370
    -2
100
AcDbLine
 10
9.040039593329973
 20
102.0702466817626
 30
0.0
 11
24.30280942573221
 21
102.0702466817626
 31
0.0
  0
LINE
  5
ABB
330
A5D
100
AcDbEntity
  8
0
 62
     0
440
 16777216
370
    -2
100
AcDbLine
 10
45.84003959332997
 20
102.0702466817626
 30
0.0
 11
30.57726976092773
 21
102.0702466817626
 31
0.0
  0
SOLID
  5
ABC
330
A5D
100
AcDbEntity
  8
0
 62
     0
440
 16777216
100
AcDbTrace
 10
9.040039593329973
 20
102.3369133484293
 30
0.0
 11
9.040039593329973
 21
101.8035800150959
 31
0.0
 12
7.440039593329973
 22
102.0702466817626
 32
0.0
 13
7.440039593329973
 23
102.0702466817626
 33
0.0
  0
SOLID
  5
ABD
330
A5D
100
AcDbEntity
  8
0
 62
     0
440
 16777216
100
AcDbTrace
 10
45.84003959332997
 20
102.3369133484293
 30
0.0
 11
45.84003959332997
 21
101.8035800150959
 31
0.0
 12
47.44003959332997
 22
102.0702466817626
 32
0.0
 13
47.44003959332997
 23
102.0702466817626
 33
0.0
  0
MTEXT
  5
ABE
330
A5D
100
AcDbEntity
  8
0
 62
     0
440
 16777216
370
    -3
100
AcDbMText
 10
27.44003959332997
 20
102.0702466817626
 30
0.0
 40
2.0
 41
0.0
 71
     5
 72
     1
  1
\A1;40.0
 73
     1
 44
1.0
  0
POINT
  5
ABF
330
A5D
100
AcDbEntity
  8
Defpoints
 62
     0
440
 16777216
100
AcDbPoint
 10
7.440039593329968
 20
82.19548638334236
 30
0.0
  0
POINT
  5
AC0
330
A5D
100
AcDbEntity
  8
Defpoints
 62
     0
440
 16777216
100
AcDbPoint
 10
47.44003959332997
 20
82.19548638334236
 30
0.0
  0
POINT
  5
AC1
330
A5D
100
AcDbEntity
  8
Defpoints
 62
     0
440
 16777216
100
AcDbPoint
 10
47.44003959332997
 20
102.0702466817626
 30
0.0
  0
ENDBLK
  5
A5F
330
A5D
100
AcDbEntity
  8
0
100
AcDbBlockEnd
  0
BLOCK
  5
A6B
330
A6A
100
AcDbEntity
  8
0
100
AcDbBlockBegin
  2
*D78
 70
     1
 10
0.0
 20
0.0
 30
0.0
  3
*D78
  1

  0
LINE
  5
AC2
330
A6A
100
AcDbEntity
  8
0
 62
     0
440
 16777216
370
    -2
100
AcDbLine
 10
36.23236216689563
 20
86.69548638334246
 30
0.0
 11
55.18047855138773
 21
86.69548638334246
 31
0.0
  0
LINE
  5
AC3
330
A6A
100
AcDbEntity
  8
0
 62
     0
440
 16777216
370
    -2
100
AcDbLine
 10
31.07047105737818
 20
71.99548638334241
 30
0.0
 11
55.18047855138772
 21
71.99548638334239
 31
0.0
  0
LINE
  5
AC4
330
A6A
100
AcDbEntity
  8
0
 62
     0
440
 16777216
370
    -2
100
AcDbLine
 10
54.78067855138773
 20
85.0954863833425
 30
0.0
 11
54.78067855138773
 21
80.74528638334243
 31
0.0
  0
LINE
  5
AC5
330
A6A
100
AcDbEntity
  8
0
 62
     0
440
 16777216
370
    -2
100
AcDbLine
 10
54.78067855138772
 20
73.59548638334239
 30
0.0
 11
54.78067855138772
 21
77.94568638334244
 31
0.0
  0
SOLID
  5
AC6
330
A6A
100
AcDbEntity
  8
0
 62
     0
440
 16777216
100
AcDbTrace
 10
54.51401188472106
 20
85.0954863833425
 30
0.0
 11
55.04734521805438
 21
85.0954863833425
 31
0.0
 12
54.78067855138773
 22
86.69548638334246
 32
0.0
 13
54.78067855138773
 23
86.69548638334246
 33
0.0
  0
SOLID
  5
AC7
330
A6A
100
AcDbEntity
  8
0
 62
     0
440
 16777216
100
AcDbTrace
 10
54.51401188472106
 20
73.59548638334239
 30
0.0
 11
55.04734521805438
 21
73.59548638334239
 31
0.0
 12
54.78067855138772
 22
71.99548638334239
 32
0.0
 13
54.78067855138772
 23
71.99548638334239
 33
0.0
  0
MTEXT
  5
AC8
330
A6A
100
AcDbEntity
  8
0
 62
     0
440
 16777216
370
    -3
100
AcDbMText
 10
54.78067855138771
 20
79.34548638334246
 30
0.0
 40
2.0
 41
0.0
 71
     5
 72
     1
  1
\A1;14.7
 73
     1
 44
1.0
  0
POINT
  5
AC9
330
A6A
100
AcDbEntity
  8
Defpoints
 62
     0
440
 16777216
100
AcDbPoint
 10
35.83256216689564
 20
86.69548638334246
 30
0.0
  0
POINT
  5
ACA
330
A6A
100
AcDbEntity
  8
Defpoints
 62
     0
440
 16777216
100
AcDbPoint
 10
30.67067105737817
 20
71.99548638334241
 30
0.0
  0
POINT
  5
ACB
330
A6A
100
AcDbEntity
  8
Defpoints
 62
     0
440
 16777216
100
AcDbPoint
 10
54.78067855138772
 20
71.99548638334239
 30
0.0
  0
ENDBLK
  5
A6C
330
A6A
100
AcDbEntity
  8
0
100
AcDbBlockEnd
  0
BLOCK
  5
A78
330
A77
100
AcDbEntity
  8
0
100
AcDbBlockBegin
  2
*D79
 70
     1
 10
0.0
 20
0.0
 30
0.0
  3
*D79
  1

  0
LINE
  5
ACC
330
A77
100
AcDbEntity
  8
0
 62
     0
440
 16777216
370
    -2
100
AcDbLine
 10
33.13983959332925
 20
83.69548638334237
 30
0.0
 11
51.3262225626249
 21
83.69548638334237
 31
0.0
  0
LINE
  5
ACD
330
A77
100
AcDbEntity
  8
0
 62
     0
440
 16777216
370
    -2
100
AcDbLine
 10
36.23236216689563
 20
86.69548638334246
 30
0.0
 11
51.3262225626249
 21
86.69548638334246
 31
0.0
  0
LINE
  5
ACE
330
A77
100
AcDbEntity
  8
0
 62
     0
440
 16777216
370
    -2
100
AcDbLine
 10
50.9264225626249
 20
82.09548638334238
 30
0.0
 11
50.9264225626249
 21
80.49548638334236
 31
0.0
  0
LINE
  5
ACF
330
A77
100
AcDbEntity
  8
0
 62
     0
440
 16777216
370
    -2
100
AcDbLine
 10
50.9264225626249
 20
88.29548638334248
 30
0.0
 11
50.9264225626249
 21
89.89548638334246
 31
0.0
  0
SOLID
  5
AD0
330
A77
100
AcDbEntity
  8
0
 62
     0
440
 16777216
100
AcDbTrace
 10
50.65975589595824
 20
82.09548638334238
 30
0.0
 11
51.19308922929157
 21
82.09548638334238
 31
0.0
 12
50.9264225626249
 22
83.69548638334237
 32
0.0
 13
50.9264225626249
 23
83.69548638334237
 33
0.0
  0
SOLID
  5
AD1
330
A77
100
AcDbEntity
  8
0
 62
     0
440
 16777216
100
AcDbTrace
 10
50.65975589595824
 20
88.29548638334248
 30
0.0
 11
51.19308922929157
 21
88.29548638334248
 31
0.0
 12
50.9264225626249
 22
86.69548638334246
 32
0.0
 13
50.9264225626249
 23
86.69548638334246
 33
0.0
  0
MTEXT
  5
AD2
330
A77
100
AcDbEntity
  8
0
 62
     0
440
 16777216
370
    -3
100
AcDbMText
 10
50.9264225626249
 20
85.19548638334244
 30
0.0
 40
2.0
 41
0.0
 71
     5
 72
     1
  1
\A1;3.0
 73
     1
 44
1.0
  0
POINT
  5
AD3
330
A77
100
AcDbEntity
  8
Defpoints
 62
     0
440
 16777216
100
AcDbPoint
 10
32.74003959332925
 20
83.69548638334237
 30
0.0
  0
POINT
  5
AD4
330
A77
100
AcDbEntity
  8
Defpoints
 62
     0
440
 16777216
100
AcDbPoint
 10
35.83256216689564
 20
86.69548638334246
 30
0.0
  0
POINT
  5
AD5
330
A77
100
AcDbEntity
  8
Defpoints
 62
     0
440
 16777216
100
AcDbPoint
 10
50.9264225626249
 20
86.69548638334246
 30
0.0
  0
ENDBLK
  5
A79
330
A77
100
AcDbEntity
  8
0
100
AcDbBlockEnd
  0
BLOCK
  5
A85
330
A84
100
AcDbEntity
  8
0
100
AcDbBlockBegin
  2
*D80
 70
     1
 10
0.0
 20
0.0
 30
0.0
  3
*D80
  1

  0
LINE
  5
AD6
330
A84
100
AcDbEntity
  8
0
 62
     0
440
 16777216
370
    -2
100
AcDbLine
 10
14.91879810709008
 20
66.78693794885167
 30
0.0
 11
22.44017294859097
 21
66.73200397886202
 31
0.0
  0
MTEXT
  5
AD7
102
{ACAD_XDICTIONARY
360
B3A
102
}
330
A84
100
AcDbEntity
  8
0
 62
     0
440
 16777216
370
    -3
100
AcDbMText
 10
11.4275319505588
 20
66.78693794885169
 30
0.0
 40
2.0
 41
0.0
 71
     5
 72
     1
  1
\A1;\U+22056.8
 73
     1
 44
1.0
  0
SOLID
  5
AD8
330
A84
100
AcDbEntity
  8
0
 62
     0
440
 16777216
100
AcDbTrace
 10
22.44212055368536
 20
66.99866353324835
 30
0.0
 11
22.43822534349658
 21
66.4653444244757
 31
0.0
 12
24.04013027490885
 22
66.72031834829569
 32
0.0
 13
24.04013027490885
 23
66.72031834829569
 33
0.0
  0
LINE
  5
AD9
330
A84
100
AcDbEntity
  8
0
 62
     0
440
 16777216
370
    -2
100
AcDbLine
 10
27.35003959332999
 20
66.69548638334226
 30
0.0
 11
27.53003959332998
 21
66.69548638334227
 31
0.0
  0
LINE
  5
ADA
330
A84
100
AcDbEntity
  8
0
 62
     0
440
 16777216
370
    -2
100
AcDbLine
 10
27.44003959332998
 20
66.60548638334225
 30
0.0
 11
27.44003959332998
 21
66.78548638334227
 31
0.0
  0
POINT
  5
ADB
330
A84
100
AcDbEntity
  8
Defpoints
 62
     0
440
 16777216
100
AcDbPoint
 10
24.04013027490885
 20
66.72031834829569
 30
0.0
  0
POINT
  5
ADC
330
A84
100
AcDbEntity
  8
Defpoints
 62
     0
440
 16777216
100
AcDbPoint
 10
30.83994891175111
 20
66.67065441838882
 30
0.0
  0
ENDBLK
  5
A86
330
A84
100
AcDbEntity
  8
0
100
AcDbBlockEnd
  0
BLOCK
  5
A8F
330
A8E
100
AcDbEntity
  8
0
100
AcDbBlockBegin
  2
*D81
 70
     1
 10
0.0
 20
0.0
 30
0.0
  3
*D81
  1

  0
LINE
  5
ADD
330
A8E
100
AcDbEntity
  8
0
 62
     0
440
 16777216
370
    -2
100
AcDbLine
 10
17.92833865753889
 20
72.8837854475558
 30
0.0
 11
16.79696780763979
 21
71.75241459765792
 31
0.0
  0
LINE
  5
ADE
330
A8E
100
AcDbEntity
  8
0
 62
     0
440
 16777216
370
    -2
100
AcDbLine
 10
21.25174052911795
 20
76.20718731913129
 30
0.0
 11
22.38311137901705
 21
77.33855816902917
 31
0.0
  0
LINE
  5
ADF
330
A8E
100
AcDbEntity
  8
0
 62
     0
440
 16777216
370
    -2
100
AcDbLine
 10
22.38311137901705
 20
77.33855816902917
 30
0.0
 11
23.98311137901705
 21
77.33855816902917
 31
0.0
  0
SOLID
  5
AE0
330
A8E
100
AcDbEntity
  8
0
 62
     0
440
 16777216
100
AcDbTrace
 10
17.73977684922258
 20
73.0723472558723
 30
0.0
 11
18.1169004658552
 21
72.69522363923925
 31
0.0
 12
19.05970950743796
 22
74.01515629745365
 32
0.0
 13
19.05970950743796
 23
74.01515629745365
 33
0.0
  0
SOLID
  5
AE1
330
A8E
100
AcDbEntity
  8
0
 62
     0
440
 16777216
100
AcDbTrace
 10
21.06317872080165
 20
76.3957491274478
 30
0.0
 11
21.44030233743427
 21
76.01862551081478
 31
0.0
 12
20.12036967921888
 22
75.07581646923343
 32
0.0
 13
20.12036967921888
 23
75.07581646923343
 33
0.0
  0
MTEXT
  5
AE2
330
A8E
100
AcDbEntity
  8
0
 62
     0
440
 16777216
370
    -3
100
AcDbMText
 10
26.2767661276204
 20
77.33855816902917
 30
0.0
 40
2.0
 41
0.0
 71
     5
 72
     1
  1
\A1;1.5
 73
     1
 44
1.0
  0
POINT
  5
AE3
330
A8E
100
AcDbEntity
  8
Defpoints
 62
     0
440
 16777216
100
AcDbPoint
 10
19.05970950743915
 20
74.01515629745245
 30
0.0
  0
POINT
  5
AE4
330
A8E
100
AcDbEntity
  8
Defpoints
 62
     0
440
 16777216
100
AcDbPoint
 10
20.12036967922006
 20
75.07581646923225
 30
0.0
  0
POINT
  5
AE5
330
A8E
100
AcDbEntity
  8
Defpoints
 62
     0
440
 16777216
100
AcDbPoint
 10
20.12036967921888
 20
75.07581646923343
 30
0.0
  0
ENDBLK
  5
A90
330
A8E
100
AcDbEntity
  8
0
100
AcDbBlockEnd
  0
ENDSEC
  0
SECTION
  2
ENTITIES
  0
MTEXT
  5
4EB
330
1F
100
AcDbEntity
  8
0
 62
     0
370
     0
100
AcDbMText
 10
1.583524302248406
 20
-9.669478443507882
 30
0.0
 40
5.0
 41
69.10224519330843
 71
     1
 72
     5
  1
{\fSimSun|b0|i0|c134|p2;\C256;LCFSL8-4040}
  7
楷体
 11
1.0
 21
-0.0000000036633463
 31
0.0
 73
     1
 44
1.0
  0
REGION
  5
A35
330
1F
100
AcDbEntity
  8
0
370
    -3
100
AcDbModelerGeometry
 70
     1
  1
mogoo nmnh m o        
  1
ni ^ *+0;:,4 ^ *+0\^ [ nf ^ LR mngqoqoqjnni QK o  
  1
n fqfffffffffffffffj:rooh n:rono 
  1
>,27:>;:- {rn rn _nm mngqoqoqjnni |
  1
=0;& {rn rn {rn {m {rn {rn |
  1
3*2/ {rn rn {rn {rn {l {n |
  1
,7:33 {rn rn {rn {rn {rn {k {rn {m |
  1
9><: {j rn {rn {rn {i {l {rn {h 90-(>-; ;0*=3: 0*+ |
  1
/:-,*=:1+r><>;L036;W6,+0-&r>++-6= {rn rn {rn {rn {k n g nooooooooo noon |
  1
300/ {rn rn {rn {g {f {k |
  1
/3>1:r,*-9><: {rn rn {rn nfqfinhjflkmojnkfk nfqfmngifhflhmofkk o o o n n o o 90-(>-;@) V V V V |
  1
300/ {rn rn {rn {no {nn {k |
  1
<0:;8: {rn rn {rn {nm {nl {rn {nk 90-(>-; {i {rn |
  1
300/ {rn rn {rn {nj {ni {k |
  1
<0:;8: {rn rn {rn {nh {ng {rn {nf 90-(>-; {g {rn |
  1
<0:;8: {rn rn {rn {mo {f {rn {mn 90-(>-; {i {rn |
  1
<0:;8: {rn rn {rn {f {mm {rn {ml 90-(>-; {i {rn |
  1
:;8: {rn rn {rn {mk rlqgoooooooooooonnk {mj o {f {mi 90-(>-; _h *1410(1 |
  1
300/ {rn rn {rn {mh {mg {k |
  1
<0:;8: {rn rn {rn {mf {lo {rn {ln 90-(>-; {no {rn |
  1
<0:;8: {rn rn {rn {lm {nn {rn {ll 90-(>-; {g {rn |
  1
<0:;8: {rn rn {rn {nn {lk {rn {lj 90-(>-; {g {rn |
  1
:;8: {rn rn {rn {li o {lh oqhknjmgnnokninmgij {nn {lg 90-(>-; _h *1410(1 |
  1
<0:;8: {rn rn {rn {lf {nm {rn {ko 90-(>-; {i {rn |
  1
:;8: {rn rn {rn {mj rnqjhohfilmihfjmhji {kn o {nm {km 90-(>-; _h *1410(1 |
  1
<0:;8: {rn rn {rn {nl {kl {rn {kk 90-(>-; {i {rn |
  1
:;8: {rn rn {rn {kj rnqjhohfilmihfkgill {mk o {nl {ki 90-(>-; _h *1410(1 |
  1
):-+:' {rn rn {rn {nk {kh |
  1
):-+:' {rn rn {rn {nk {kg |
  1
,+->687+r<*-): {rn rn {rn lnqiinhjflkmojmmmn nqoljfknghijiohjif o rn ro ro Y rlqgoooooooooooonnk Y ro |
  1
300/ {rn rn {rn {kf {jo {k |
  1
<0:;8: {rn rn {rn {jn {jm {rn {jl 90-(>-; {nj {rn |
  1
<0:;8: {rn rn {rn {jk {ni {rn {jj 90-(>-; {no {rn |
  1
<0:;8: {rn rn {rn {ni {ji {rn {jh 90-(>-; {no {rn |
  1
:;8: {rn rn {rn {jg rlqgoooooooooooonnk {jf o {ni {io 90-(>-; _h *1410(1 |
  1
<0:;8: {rn rn {rn {in {nh {rn {im 90-(>-; {g {rn |
  1
:;8: {rn rn {rn {lh o {il nqmkhillnikjnkihgg {nh {ik 90-(>-; _h *1410(1 |
  1
<0:;8: {rn rn {rn {ng {ij {rn {ii 90-(>-; {g {rn |
  1
:;8: {rn rn {rn {ih rlqnknjfmijljgfhfln {li o {ng {ig 90-(>-; _h *1410(1 |
  1
):-+:' {rn rn {rn {nf {if |
  1
):-+:' {rn rn {rn {nf {ho |
  1
,+->687+r<*-): {rn rn {rn nhqjhjmhlfjjjkgogk mlqjjfgiknlonknhhi o oqhohnoihgnngijgjgg roqhohnoihgnngijofni o Y o Y oqhknjmgnnokniniggk |
  1
<0:;8: {rn rn {rn {hn {mo {rn {hm 90-(>-; {i {rn |
  1
:;8: {rn rn {rn {kn riqfoooooooooooolkn {hl o {mo {hk 90-(>-; _h *1410(1 |
  1
):-+:' {rn rn {rn {ko {hj |
  1
:336/,:r<*-): {rn rn {rn lnqiinhjflkmojmmmn nqlljfknghijioijki o o o rn roqmffffffffffffjkjl jqigklknggiogogonj:ronk o n Y rnqjhohfilmihfjmhji Y ro |
  1
<0:;8: {rn rn {rn {mm {hn {rn {hi 90-(>-; {i {rn |
  1
:;8: {rn rn {rn {hh rlqgoooooooooooonnk {kj ro {mm {hg 90-(>-; _h *1410(1 |
  1
):-+:' {rn rn {rn {ml {hf |
  1
:336/,:r<*-): {rn rn {rn ljqkinhjflkmojnkfk kqkljfknghijiohfog o o o rn jqigklknggiogogonj:ronk rlqkoooooooooooolkn o n Y rnqjhohfilmihfkgill Y ro |
  1
/061+ {rn rn {rn ljqkinhjflkmojnkfk nqoljfknghijiohjif o |
  1
/061+ {rn rn {rn lnqiinhjflkmojmmmn nqoljfknghijioh o |
  1
300/ {rn rn {rn {rn {go {k |
  1
<0:;8: {rn rn {rn {gn {gm {rn {gl 90-(>-; {mh {rn |
  1
<0:;8: {rn rn {rn {gk {mg {rn {gj 90-(>-; {nj {rn |
  1
<0:;8: {rn rn {rn {mg {gi {rn {gh 90-(>-; {nj {rn |
  1
:;8: {rn rn {rn {gg rlqhffffffffffffjkj {gf o {mg {fo 90-(>-; _h *1410(1 |
  1
<0:;8: {rn rn {rn {fn {mf {rn {fm 90-(>-; {no {rn |
  1
:;8: {rn rn {rn {jf rnqjhohfilmihfjmhji {fl o {mf {fk 90-(>-; _h *1410(1 |
  1
<0:;8: {rn rn {rn {lo {fj {rn {fi 90-(>-; {no {rn |
  1
:;8: {rn rn {rn {fh rnqjhohfilmihfkgill {jg o {lo {fg 90-(>-; _h *1410(1 |
  1
):-+:' {rn rn {rn {ln {ff |
  1
):-+:' {rn rn {rn {ln {noo |
  1
,+->687+r<*-): {rn rn {rn gqminhjflkmojmjgj lgqgljfknghijiohn o n o o Y rlqgoooooooooooonnk Y ro |
  1
<0:;8: {rn rn {rn {non {lm {rn {nom 90-(>-; {g {rn |
  1
:;8: {rn rn {rn {il roqfmkkhooommllomfhg {nol ro {lm {nok 90-(>-; _h *1410(1 |
  1
):-+:' {rn rn {rn {im {noj |
  1
:336/,:r<*-): {rn rn {rn ngqlnnhkjjkjmnfnlf mlqmkhijiiofngnfom o o o n roqmnmnlmolkljjfgghn roqmnmnlmolkljjgngng o n Y o Y nqmkhillnikjnkihgg |
  1
<0:;8: {rn rn {rn {lk {noi {rn {noh 90-(>-; {g {rn |
  1
:;8: {rn rn {rn {nog roqhknjmgnnokninmgij {ih ro {lk {nof 90-(>-; _h *1410(1 |
  1
):-+:' {rn rn {rn {lj {nno |
  1
:336/,:r<*-): {rn rn {rn niqfjijjjjmmoogink mmqfknnkjifiioljji o o o rn oqinghngklljlgmnfgh oqinghngklljlgmnfgh o n Y rlqnknjfmijljgfhfln Y ro |
  1
/061+ {rn rn {rn nhqjhjmhlfjjjkgogk mlqjjfgiknlonknhhi o |
  1
/061+ {rn rn {rn ngqoffinljnogillmn mlqoljjmkjhkgmiogk o |
  1
<0:;8: {rn rn {rn {kl {lf {rn {nnn 90-(>-; {i {rn |
  1
:;8: {rn rn {rn {hl rnqjhohfilmihfjmhji {nnm o {lf {nnl 90-(>-; _h *1410(1 |
  1
):-+:' {rn rn {rn {hm {nnk |
  1
,+->687+r<*-): {rn rn {rn lnqlinhjflkmojnnl gqmljfknghijiohkim o o n o Y riqfoooooooooooolkn Y ro |
  1
/061+ {rn rn {rn lnqlinhjflkmojnnl nqlljfknghijiohnnk o |
  1
:;8: {rn rn {rn {nnj rnqjhohfilmihfjmhji {hh ro {kl {nni 90-(>-; _h *1410(1 |
  1
):-+:' {rn rn {rn {kk {nnh |
  1
,+->687+r<*-): {rn rn {rn lgqginhjflkmojnnl kqkljfknghijiohllf o ro rn ro Y rlqgoooooooooooonnk Y ro |
  1
/061+ {rn rn {rn lgqginhjflkmojnnl kqkljfknghijiohllf o |
  1
<0:;8: {rn rn {rn {nng {nnf {rn {nmo -:):-,:; {kf {rn |
  1
<0:;8: {rn rn {rn {nmn {jo {rn {nmm 90-(>-; {mh {rn |
  1
<0:;8: {rn rn {rn {jo {nml {rn {nmk 90-(>-; {mh {rn |
  1
:;8: {rn rn {rn {nmj rlqgooooooooooooigm {nmi o {jo {nmh 90-(>-; _h *1410(1 |
  1
<0:;8: {rn rn {rn {nmg {jn {rn {nmf 90-(>-; {nj {rn |
  1
:;8: {rn rn {rn {gf rnqjhohfilmihfjmhji {nlo o {jn {nln 90-(>-; _h *1410(1 |
  1
<0:;8: {rn rn {rn {jm {nlm {rn {nll 90-(>-; {nj {rn |
  1
:;8: {rn rn {rn {nlk rnqjhohfilmihfkflon {gg o {jm {nlj 90-(>-; _h *1410(1 |
  1
):-+:' {rn rn {rn {jl {nli |
  1
):-+:' {rn rn {rn {jl {nlh |
  1
,+->687+r<*-): {rn rn {rn lgqginhjflkmojnnl lnqiljfknghijiohmm o nqkfjghfkklhojkifi:ronk rn o Y rlqgoooooooooooonnk Y ro |
  1
<0:;8: {rn rn {rn {nlg {jk {rn {nlf 90-(>-; {no {rn |
  1
:;8: {rn rn {rn {fl riqfoooooooooooolkn {nko ro {jk {nkn 90-(>-; _h *1410(1 |
  1
):-+:' {rn rn {rn {fm {nkm |
  1
:336/,:r<*-): {rn rn {rn gqminhjflkmojmjgj lgqjljfknghijiognl o ro ro rn oqmffffffffffffjkjl rjqigklknggiogogonj:ronk o n Y rnqjhohfilmihfjmhji Y ro |
  1
<0:;8: {rn rn {rn {ji {nlg {rn {nkl 90-(>-; {no {rn |
  1
:;8: {rn rn {rn {nkk rlqgoooooooooooonnk {fh o {ji {nkj 90-(>-; _h *1410(1 |
  1
):-+:' {rn rn {rn {jh {nki |
  1
:336/,:r<*-): {rn rn {rn kqkinhjflkmojnkfli ljqkljfknghijioihi o o o rn rjqigklknggiogogonj:ronk lqkoooooooooooolkn o n Y rnqjhohfilmihfkgill Y ro |
  1
/061+ {rn rn {rn kqkinhjflkmojnkfli lgqgljfknghijiohn o |
  1
/061+ {rn rn {rn gqminhjflkmojmjgj lgqgljfknghijiohih o |
  1
<0:;8: {rn rn {rn {nkh {in {rn {nkg 90-(>-; {g {rn |
  1
:;8: {rn rn {rn {nol o {nkf nqmkhillnikjnkihgg {in {njo 90-(>-; _h *1410(1 |
  1
):-+:' {rn rn {rn {nom {njn |
  1
:336/,:r<*-): {rn rn {rn nfqfinhjflkmojnkfk nfqfljfknghijiollj o ro ro rn nqjnimmggfklgifglf lqoklnfhlmngigiiog o n Y roqfmkkhooommllomfhg Y ro |
  1
/061+ {rn rn {rn ngqkkjjlokkhiikfog mmqfhfnlfnfgkmgffi o |
  1
<0:;8: {rn rn {rn {ij {njm {rn {njl 90-(>-; {g {rn |
  1
:;8: {rn rn {rn {njk o {nog nqmkhillnikjnkihgg {ij {njj 90-(>-; _h *1410(1 |
  1
):-+:' {rn rn {rn {ii {nji |
  1
,+->687+r<*-): {rn rn {rn niqllhglhoggkhofim mmqlmmkmhmiloijlli o roqhohnoihgnngijkhjh oqhohnoihgnngijkhjh o Y roqhknjmgnnokninmgij Y ro |
  1
/061+ {rn rn {rn niqllhglhoggkhofim mmqlmmkmhmiloijlli o |
  1
:;8: {rn rn {rn {nnm riqfoooooooooooolkn {nnj o {hn {njh 90-(>-; _h *1410(1 |
  1
):-+:' {rn rn {rn {nnn {njg |
  1
:336/,:r<*-): {rn rn {rn lnqiinhjflkmojmmmn gqmljfknghijiogol o o o rn jqigklknggiogogonj:ronk oqmffffffffffffjkjl o n Y rnqjhohfilmihfjmhji Y ro |
  1
/061+ {rn rn {rn lnqlinhjflkmojnnl gqmljfknghijiohkim o |
  1
):-+:' {rn rn {rn {hi {njf |
  1
:336/,:r<*-): {rn rn {rn lgqjinhjflkmojngjh gqmljfknghijiogol o ro ro rn oqmffffffffffffjkjl rjqigklknggiogogonj:ronk o n Y rnqjhohfilmihfjmhji Y ro |
  1
/061+ {rn rn {rn lgqginhjflkmojnnl gqmljfknghijiohkim o |
  1
<0:;8: {rn rn {rn {nio {go {rn {nin -:):-,:; {kf {rn |
  1
<0:;8: {rn rn {rn {go {nim {rn {nil -:):-,:; {kf {rn |
  1
:;8: {nik rn {rn {nij o {nii lqmgmflionglllolml {go {nih 90-(>-; _h *1410(1 |
  1
<0:;8: {rn rn {rn {nig {gn {rn {nif 90-(>-; {mh {rn |
  1
:;8: {rn rn {rn {nmi rnqjhohfilmihfjmhji {nho o {gn {nhn 90-(>-; _h *1410(1 |
  1
<0:;8: {rn rn {rn {gm {nhm {rn {nhl 90-(>-; {mh {rn |
  1
:;8: {rn rn {rn {nhk rnqjhohfilmihfkgill {nmj o {gm {nhj 90-(>-; _h *1410(1 |
  1
):-+:' {rn rn {rn {gl {nhi |
  1
):-+:' {rn rn {rn {gl {nhh |
  1
,+->687+r<*-): {rn rn {rn nqoinhjflkmojngjhg gqmljfknghijiohkim o rnqkfjghfkklhojkkhm:ronk n o Y rlqgooooooooooooigm Y ro |
  1
<0:;8: {rn rn {rn {nhg {gk {rn {nhf 90-(>-; {nj {rn |
  1
:;8: {rn rn {rn {nlo riqfoooooooooooolkn {ngo rkqigmginmjhijfhgol:romg {gk {ngn 90-(>-; _h *1410(1 |
  1
):-+:' {rn rn {rn {nmf {ngm |
  1
:336/,:r<*-): {rn rn {rn lgqjinhjflkmojngjh lnqiljfknghijioiij o o o rn rjqigklknggiogogonj:ronk roqmffffffffffffjkjl o n Y rnqjhohfilmihfjmhji Y ro |
  1
<0:;8: {rn rn {rn {gi {nhg {rn {ngl 90-(>-; {nj {rn |
  1
:;8: {rn rn {rn {ngk rlqgoooooooooooonnk {nlk ro {gi {ngj 90-(>-; _h *1410(1 |
  1
):-+:' {rn rn {rn {gh {ngi |
  1
:336/,:r<*-): {rn rn {rn ljqkinhjflkmojnkfk ljqkljfknghijiohf o ro ro rn lqlffffffffffffmok rnqnligiglhhmniniol:ronl o n Y rnqjhohfilmihfkflon Y ro |
  1
/061+ {rn rn {rn lgqginhjflkmojnnl ljqkljfknghijioihi o |
  1
/061+ {rn rn {rn lgqginhjflkmojnnl lnqiljfknghijiohmm o |
  1
<0:;8: {rn rn {rn {fj {fn {rn {ngh 90-(>-; {no {rn |
  1
:;8: {rn rn {rn {nko rnqjhohfilmihfjmhji {ngg o {fn {ngf 90-(>-; _h *1410(1 |
  1
):-+:' {rn rn {rn {nlf {nfo |
  1
,+->687+r<*-): {rn rn {rn gqjinhjflkmojngjhk lnqiljfknghijiohmm o ro rn ro Y riqfoooooooooooolkn Y ro |
  1
/061+ {rn rn {rn gqjinhjflkmojngjhk lgqjljfknghijiohji o |
  1
:;8: {rn rn {rn {nfn rnqjhohfilmihfjmhji {nkk ro {fj {nfm 90-(>-; _h *1410(1 |
  1
):-+:' {rn rn {rn {fi {nfl |
  1
,+->687+r<*-): {rn rn {rn nqoinhjflkmojngjhg ljqkljfknghijiohll o o n o Y rlqgoooooooooooonnk Y ro |
  1
/061+ {rn rn {rn nqoinhjflkmojngjhg ljqkljfknghijiohll o |
  1
<0:;8: {rn rn {rn {nfk {non {rn {nfj 90-(>-; {g {rn |
  1
:;8: {rn rn {rn {nkf o {nfi oqhknjmgnnoknioggki {non {nfh 90-(>-; _h *1410(1 |
  1
):-+:' {rn rn {rn {nkg {nfg |
  1
:336/,:r<*-): {rn rn {rn mnqinnhhlnlgggjiih mlqmkhijiiofngnfom o o o n roqnllhgkfomkkjflghh roqmigjnhknohjmfilln o n Y o Y nqmkhillnikjnkihgg |
  1
/061+ {rn rn {rn mnqkhhfggmliklgog mmqfhfnlfnfgkmgflf o |
  1
<0:;8: {rn rn {rn {noi {nff {rn {moo 90-(>-; {g {rn |
  1
:;8: {rn rn {rn {mon roqfmkkhooommllofifk {njk ro {noi {mom 90-(>-; _h *1410(1 |
  1
):-+:' {rn rn {rn {noh {mol |
  1
:336/,:r<*-): {rn rn {rn niqijookkiofklolgn mnqjgjfjjihllfliji o o o n oqmigjnhknohjmfilln roqnllhgkfomkkjflghh o n Y o Y nqmkhillnikjnkihgg |
  1
/061+ {rn rn {rn niqgimnhiiklhginff mnqhfgoghhohhkfikk o |
  1
,+->687+r<*-): {rn rn {rn lgqjinhjflkmojngjh gqjljfknghijiohjhj o n o o Y riqfoooooooooooolkn Y ro |
  1
/061+ {rn rn {rn lnqiinhjflkmojmmmn gqjljfknghijiohjhj o |
  1
/061+ {rn rn {rn lgqjinhjflkmojngjh gqjljfknghijiohjhj o |
  1
<0:;8: {rn rn {rn {mok {nng {rn {moj -:):-,:; {kf {rn |
  1
:;8: {moi rn {rn {moh o {nij oqfhogomonlmojnlmhn {nng {mog 90-(>-; _h *1410(1 |
  1
<0:;8: {rn rn {rn {nnf {mof {rn {mno -:):-,:; {kf {rn |
  1
:;8: {mnn rn {rn {nii o {mnm oqhgjlfgnillfhhnimf {nnf {mnl 90-(>-; _h *1410(1 |
  1
/:-,*=:1+r><>;L036;W6,+0-&r>++-6= {rn rn {rn {rn {nmo n g nooooooooo jnoon |
  1
):-+:' {rn rn {rn {nin {mnk |
  1
):-+:' {rn rn {rn {nil {mnj |
  1
,+->687+r<*-): {rn rn {rn mjqminhjflkmojmjgj nfqnolgomnljlgjjj o o rn o Y o Y lqmgmflionglllolml |
  1
<0:;8: {rn rn {rn {mni {nmn {rn {mnh 90-(>-; {mh {rn |
  1
:;8: {rn rn {rn {nho riqgffffffffffffhhl {mng o {nmn {mnf 90-(>-; _h *1410(1 |
  1
):-+:' {rn rn {rn {nif {mmo |
  1
:336/,:r<*-): {rn rn {rn nqlinhjflkmojnnlol gqmljfknghijiogol o o o rn jqigklknggiogogonj:ronk oqmffffffffffffjkjl o n Y rnqjhohfilmihfjmhji Y ro |
  1
<0:;8: {rn rn {rn {nml {mni {rn {mmn 90-(>-; {mh {rn |
  1
:;8: {rn rn {rn {mmm rlqhffffffffffffjkj {nhk ro {nml {mml 90-(>-; _h *1410(1 |
  1
):-+:' {rn rn {rn {nmk {mmk |
  1
:336/,:r<*-): {rn rn {rn kqkinhjflkmojnkfli kqkljfknghijiohllf o o o rn rlqkoooooooooooolkn rjqigklknggiogogonj:ronk o n Y rnqjhohfilmihfkgill Y ro |
  1
/061+ {rn rn {rn nqoinhjflkmojngjhg kqkljfknghijioihhn o |
  1
/061+ {rn rn {rn nqoinhjflkmojngjhg gqmljfknghijiohkim o |
  1
<0:;8: {rn rn {rn {nlm {nmg {rn {mmj 90-(>-; {nj {rn |
  1
:;8: {rn rn {rn {ngo rnqjhohfilmihfjmhji {mmi o {nmg {mmh 90-(>-; _h *1410(1 |
  1
):-+:' {rn rn {rn {nhf {mmg |
  1
,+->687+r<*-): {rn rn {rn lnqiinhjflkmojmmmn lnqlljfknghijioijl o rn rgqmlgnhiikikflghkj:ronj ro Y riqfoooooooooooolkn Y ro |
  1
/061+ {rn rn {rn lgqjinhjflkmojngjh lnqlljfknghijiohn o |
  1
:;8: {rn rn {rn {mmf rnqjhohfilmihfjmhji {ngk ro {nlm {mlo 90-(>-; _h *1410(1 |
  1
):-+:' {rn rn {rn {nll {mln |
  1
,+->687+r<*-): {rn rn {rn ljqkinhjflkmojnkfk lgqgljfknghijiohih o n nqkfjghfkklhojkifi:ronk o Y rlqgoooooooooooonnk Y ro |
  1
/061+ {rn rn {rn ljqkinhjflkmojnkfk lgqgljfknghijiohn o |
  1
:;8: {rn rn {rn {ngg riqfoooooooooooolkn {nfn ro {nlg {mlm 90-(>-; _h *1410(1 |
  1
):-+:' {rn rn {rn {ngh {mll |
  1
:336/,:r<*-): {rn rn {rn gqminhjflkmojmjgj lnqiljfknghijioiij o o o rn rjqigklknggiogogonj:ronk roqmffffffffffffjkjl o n Y rnqjhohfilmihfjmhji Y ro |
  1
/061+ {rn rn {rn gqjinhjflkmojngjhk lnqiljfknghijiohmm o |
  1
):-+:' {rn rn {rn {nkl {mlk |
  1
:336/,:r<*-): {rn rn {rn nqlinhjflkmojnnlol lnqiljfknghijioiij o o o rn roqmffffffffffffjkjl jqigklknggiogogonj:ronk o n Y rnqjhohfilmihfjmhji Y ro |
  1
/061+ {rn rn {rn nqoinhjflkmojngjhg lnqiljfknghijiohmm o |
  1
<0:;8: {rn rn {rn {mlj {nkh {rn {mli 90-(>-; {g {rn |
  1
:;8: {rn rn {rn {nfi rlqnknjfmijljgfhfln {mlh rkqjfihhikhkmomiook:ronk {nkh {mlg 90-(>-; _h *1410(1 |
  1
):-+:' {rn rn {rn {nfj {mlf |
  1
,+->687+r<*-): {rn rn {rn mnqgmlfojnhlmknkgj mlqoljjmkjhkgmiogk o oqhohnoihgnngijkhjh oqhohnoihgnngijkhjh o Y o Y oqhknjmgnnokninmgij |
  1
/061+ {rn rn {rn mnqgmlfojnhlmknkgj mlqoljjmkjhkgmiogk o |
  1
<0:;8: {rn rn {rn {njm {mko {rn {mkn 90-(>-; {g {rn |
  1
:;8: {rn rn {rn {mkm o {mon nqmkhillnikjnkhiln {njm {mkl 90-(>-; _h *1410(1 |
  1
):-+:' {rn rn {rn {njl {mkk |
  1
:336/,:r<*-): {rn rn {rn nfqfinhjflkmojnkfk nfqfljfknghijiohf o o o rn rlqoklnfhlmngigkllk nqjnimmggfklgifmhn o n Y roqfmkkhooommllofifk Y ro |
  1
/061+ {rn rn {rn niqfngjimomongkogl mnqkjmnhohhofkhhnh o |
  1
<0:;8: {rn rn {rn {mkj {nio {rn {mki -:):-,:; {kf {rn |
  1
:;8: {mkh rn {rn {mkg o {moh oqfhogomonlmojmnohi {nio {mkf 90-(>-; _h *1410(1 |
  1
/:-,*=:1+r><>;L036;W6,+0-&r>++-6= {rn rn {rn {rn {nin n g nooooooooo njnoon |
  1
):-+:' {rn rn {rn {moj {mjo |
  1
,+->687+r<*-): {rn rn {rn mkqhinhjflkmojmjgj nfqfljfknghijiohll o oqjnjolgohkfnoonfhk roqgjhnihloohomnlmfg o Y o Y oqfhogomonlmojnlmhn |
  1
<0:;8: {rn rn {rn {nim {mjn {rn {mjm -:):-,:; {kf {rn |
  1
:;8: {mjl rn {rn {mnm o {mjk gqkilfinoloihggggm {nim {mjj 90-(>-; _h *1410(1 |
  1
/:-,*=:1+r><>;L036;W6,+0-&r>++-6= {rn rn {rn {rn {nil n g nooooooooo njljnoon |
  1
):-+:' {rn rn {rn {nil {mji |
  1
:336/,:r<*-): {rn rn {rn mjqjinhjflkmojngjh njqgmogiinnhojmjnf o o o n roqmffffffffffffjkjl o o n Y o Y oqhgjlfgnillfhhnimf |
  1
/061+ {rn rn {rn mjqminhjflkmojmjgj nfqnolgomnljlgjkfl o |
  1
/061+ {rn rn {rn mjqminhjflkmojmjgj njqgmogiinnhojmjnf o |
  1
<0:;8: {rn rn {rn {nhm {nig {rn {mjh 90-(>-; {mh {rn |
  1
:;8: {rn rn {rn {mng rnqjhohfilmihfjmhji {mjg o {nig {mjf 90-(>-; _h *1410(1 |
  1
):-+:' {rn rn {rn {mnh {mio |
  1
,+->687+r<*-): {rn rn {rn gqminhjflkmojmjgj gqjljfknghijiohjhj o n o o Y riqgffffffffffffhhl Y ro |
  1
/061+ {rn rn {rn nqlinhjflkmojnnlol gqjljfknghijiohjhj o |
  1
:;8: {rn rn {rn {min rnqjhohfilmihfjmhji {mmm o {nhm {mim 90-(>-; _h *1410(1 |
  1
):-+:' {rn rn {rn {nhl {mil |
  1
,+->687+r<*-): {rn rn {rn kqkinhjflkmojnkfli nqoljfknghijioh o rn ro ro Y rlqhffffffffffffjkj Y ro |
  1
/061+ {rn rn {rn kqkinhjflkmojnkfli nqoljfknghijioh o |
  1
:;8: {rn rn {rn {mmi riqfoooooooooooolkn {mmf rkqigmginmjhijfhgol:romg {nhg {mik 90-(>-; _h *1410(1 |
  1
):-+:' {rn rn {rn {mmj {mij |
  1
:336/,:r<*-): {rn rn {rn lnqiinhjflkmojmmmn lnqiljfknghijioiij o o o rn roqmffffffffffffjkjl jqigklknggiogogonj:ronk o n Y rnqjhohfilmihfjmhji Y ro |
  1
/061+ {rn rn {rn lnqiinhjflkmojmmmn lnqlljfknghijiohn o |
  1
):-+:' {rn rn {rn {ngl {mii |
  1
:336/,:r<*-): {rn rn {rn lnqiinhjflkmojmmmn lgqjljfknghijiognl o o o rn jqigklknggiogogonj:ronk oqmffffffffffffjkjl o n Y rnqjhohfilmihfjmhji Y ro |
  1
/061+ {rn rn {rn lnqiinhjflkmojmmmn lgqgljfknghijiohn o |
  1
,+->687+r<*-): {rn rn {rn nqlinhjflkmojnnlol lnqlljfknghijiohn o rn ro ro Y riqfoooooooooooolkn Y ro |
  1
/061+ {rn rn {rn gqminhjflkmojmjgj lnqlljfknghijiohn o |
  1
/061+ {rn rn {rn nqlinhjflkmojnnlol lnqlljfknghijiohn o |
  1
<0:;8: {rn rn {rn {mih {nfk {rn {mig 90-(>-; {g {rn |
  1
:;8: {rn rn {rn {mlh roqhknjmgnnokninmgij {mif o {nfk {mho 90-(>-; _h *1410(1 |
  1
):-+:' {rn rn {rn {mli {mhn |
  1
:336/,:r<*-): {rn rn {rn mmqfiifilnimofklhl mmqfknnkjifiioljji o ro ro rn oqinghngklljlgmhihn roqinghngklljlgmhihn o n Y rlqnknjfmijljgfhfln Y ro |
  1
/061+ {rn rn {rn mmqlkgmkkhmgjjihmm mlqjjfgiknlonkngll o |
  1
<0:;8: {rn rn {rn {nff {mhm {rn {mhl 90-(>-; {g {rn |
  1
:;8: {rn rn {rn {mhk o {mkm oqhknjmgnnokninmgij {nff {mhj 90-(>-; _h *1410(1 |
  1
):-+:' {rn rn {rn {moo {mhi |
  1
:336/,:r<*-): {rn rn {rn niqijookkiofklolgn ngqmgjfmgohfhmhhjl o o o n oqmnmnlmolkljjhinll roqmnmnlmolkljjflngi o n Y o Y nqmkhillnikjnkhiln |
  1
/061+ {rn rn {rn niqfngjimomongkogl ngqknfhnmfgmnhlhkf o |
  1
<0:;8: {rn rn {rn {mhh {mok {rn {mhg -:):-,:; {kf {rn |
  1
:;8: {mhf rn {rn {mgo o {mkg lqmgmflionglllolml {mok {mgn 90-(>-; _h *1410(1 |
  1
/:-,*=:1+r><>;L036;W6,+0-&r>++-6= {rn rn {rn {rn {moj n g nooooooooo mjnoon |
  1
):-+:' {rn rn {rn {mki {mgm |
  1
,+->687+r<*-): {rn rn {rn mjqminhjflkmojmjgj moqhigogninhhliol o roqjnjolgohkfnoolifj roqgjhnihloohomnmmjj o Y o Y oqfhogomonlmojmnohi |
  1
/061+ {rn rn {rn mkqhinhjflkmojmjgj nfqfljfknghijiohll o |
  1
<0:;8: {rn rn {rn {mof {mgl {rn {mgk -:):-,:; {kf {rn |
  1
:;8: {mgj rn {rn {mjk o {mgi oqhgjlfgnillfhkkgmg {mof {mgh 90-(>-; _h *1410(1 |
  1
/:-,*=:1+r><>;L036;W6,+0-&r>++-6= {rn rn {rn {rn {mno n g nooooooooo njmjnoon |
  1
):-+:' {rn rn {rn {mno {mgg |
  1
,+->687+r<*-): {rn rn {rn mjqlkfimhlohifiolf njqioghlkogmifijgh o oqhohnoihgnngijjof roqhohnoihgnngijkkmk o Y o Y gqkilfinoloihggggm |
  1
/061+ {rn rn {rn mjqlkfimhlohifiolf njqioghlkogmifijln o |
  1
:;8: {rn rn {rn {mjg riqfoooooooooooolkn {min ro {mni {mgf 90-(>-; _h *1410(1 |
  1
):-+:' {rn rn {rn {mjh {mfo |
  1
:336/,:r<*-): {rn rn {rn gqminhjflkmojmjgj gqmljfknghijiogol o ro ro rn oqmffffffffffffjkjl rjqigklknggiogogonj:ronk o n Y rnqjhohfilmihfjmhji Y ro |
  1
/061+ {rn rn {rn gqminhjflkmojmjgj gqjljfknghijiohjhj o |
  1
):-+:' {rn rn {rn {mmn {mfn |
  1
:336/,:r<*-): {rn rn {rn gqminhjflkmojmjgj nqlljfknghijioijki o o o rn rjqigklknggiogogonj:ronk roqmffffffffffffjkjl o n Y rnqjhohfilmihfjmhji Y ro |
  1
/061+ {rn rn {rn gqminhjflkmojmjgj nqoljfknghijioh o |
  1
,+->687+r<*-): {rn rn {rn lnqlinhjflkmojnnl lgqjljfknghijiohji o rgqmlgnhiikikflghkj:ronj n o Y riqfoooooooooooolkn Y ro |
  1
/061+ {rn rn {rn lnqlinhjflkmojnnl lnqiljfknghijiohmm o |
  1
/061+ {rn rn {rn lnqlinhjflkmojnnl lgqjljfknghijiohji o |
  1
<0:;8: {rn rn {rn {mfm {mlj {rn {mfl 90-(>-; {g {rn |
  1
:;8: {rn rn {rn {mif o {mfk nqmkhillnikjnlggfm {mlj {mfj 90-(>-; _h *1410(1 |
  1
):-+:' {rn rn {rn {mig {mfi |
  1
,+->687+r<*-): {rn rn {rn mlqoinlkmokolnihgg mnqhfgoghhohhkfikk o roqhohnoihgnngijkhjh roqhohnoihgnngijkhjh ro Y roqhknjmgnnokninmgij Y ro |
  1
/061+ {rn rn {rn mlqjgjignjfjilmomj mmqlmmkmhmiloijlli o |
  1
<0:;8: {rn rn {rn {mko {mfh {rn {mfg 90-(>-; {g {rn |
  1
:;8: {rn rn {rn {mff rlqnknjfmijljgfhfln {mhk o {mko {loo 90-(>-; _h *1410(1 |
  1
):-+:' {rn rn {rn {mkn {lon |
  1
,+->687+r<*-): {rn rn {rn niqllhglhoggkhofim nhqjkfkjikfoojinl o oqhohnoihgnngijkhjh oqhohnoihgnngijkhjh o Y o Y oqhknjmgnnokninmgij |
  1
/061+ {rn rn {rn niqgimnhiiklhginff ngqohlhfiokjlhngmm o |
  1
<0:;8: {rn rn {rn {lom {mkj {rn {lol -:):-,:; {kf {rn |
  1
:;8: {lok rn {rn {loj o {mgo oqhgjlfgnillfiiihki {mkj {loi 90-(>-; _h *1410(1 |
  1
/:-,*=:1+r><>;L036;W6,+0-&r>++-6= {rn rn {rn {rn {mki n g nooooooooo ljnoon |
  1
):-+:' {rn rn {rn {mhg {loh |
  1
,+->687+r<*-): {rn rn {rn mjqminhjflkmojmjgj mkqojnonhilioifoim o o rn o Y o Y lqmgmflionglllolml |
  1
/061+ {rn rn {rn mjqminhjflkmojmjgj moqhigogninhhliol o |
  1
<0:;8: {rn rn {rn {mjn {log {rn {lof -:):-,:; {kf {rn |
  1
:;8: {lno rn {rn {mgi o {lnn hqonjohjhjfjogmkfi {mjn {lnm 90-(>-; _h *1410(1 |
  1
/:-,*=:1+r><>;L036;W6,+0-&r>++-6= {rn rn {rn {rn {mjm n g nooooooooo njnjnoon |
  1
):-+:' {rn rn {rn {mjm {lnl |
  1
:336/,:r<*-): {rn rn {rn lnqjkiigljgmjkkkok fqgljfknghijiogmjh o o o n roqmnmnlmolkljjflngi roqmnmnlmolkljjflngi o n Y o Y oqhgjlfgnillfhkkgmg |
  1
/061+ {rn rn {rn lnqllkjjnjkgngihii fqimlgofgkmmokgflf o |
  1
,+->687+r<*-): {rn rn {rn gqjinhjflkmojngjhk nqlljfknghijiohnnk o ro rn ro Y riqfoooooooooooolkn Y ro |
  1
/061+ {rn rn {rn gqjinhjflkmojngjhk gqmljfknghijiohkim o |
  1
/061+ {rn rn {rn gqjinhjflkmojngjhk nqlljfknghijiohnnk o |
  1
<0:;8: {rn rn {rn {lnk {mih {rn {lnj 90-(>-; {g {rn |
  1
:;8: {rn rn {rn {mfk roqfmkkhooommllniknn {lni o {mih {lnh 90-(>-; _h *1410(1 |
  1
):-+:' {rn rn {rn {mfl {lng |
  1
:336/,:r<*-): {rn rn {rn mlqmhlkhkohkihmioi mnqjgjfjjihllflhnl o o o n roqmnmnlmolkljiokjjj oqmnmnlmolkljjfgghn o n Y o Y nqmkhillnikjnlggfm |
  1
/061+ {rn rn {rn mlqoinlkmokolnihgg mnqhfgoghhohhkfhon o |
  1
<0:;8: {rn rn {rn {mhm {lnf {rn {lmo 90-(>-; {g {rn |
  1
:;8: {rn rn {rn {lmn roqhknjmgnnokniniggk {mff ro {mhm {lmm 90-(>-; _h *1410(1 |
  1
):-+:' {rn rn {rn {mhl {lml |
  1
:336/,:r<*-): {rn rn {rn niqfjijjjjmmoogink niqflohlgojijnhfn o ro ro rn roqinghngklljlgmnfgh oqinghngklljlgmnfgh o n Y rlqnknjfmijljgfhfln Y ro |
  1
/061+ {rn rn {rn niqllhglhoggkhofim nhqjkfkjikfoojinl o |
  1
<0:;8: {rn rn {rn {lmk {mhh {rn {lmj -:):-,:; {kf {rn |
  1
:;8: {lmi rn {rn {lmh o {loj gqkilfinoloihgfmf {mhh {lmg 90-(>-; _h *1410(1 |
  1
/:-,*=:1+r><>;L036;W6,+0-&r>++-6= {rn rn {rn {rn {mhg n g nooooooooo kjnoon |
  1
):-+:' {rn rn {rn {lol {lmf |
  1
:336/,:r<*-): {rn rn {rn mjqjinhjflkmojngjh mkqojnonhilioigfkg o o o n roqmnmnlmolkljimniog oqmnmnlmolkljiokjjj o n Y o Y oqhgjlfgnillfiiihki |
  1
/061+ {rn rn {rn mjqminhjflkmojmjgj mkqojnonhilioifoim o |
  1
<0:;8: {rn rn {rn {mgl {llo {rn {lln -:):-,:; {kf {rn |
  1
:;8: {llm rn {rn {lnn o {lll nqjhohfilmihfjmhji {mgl {llk 90-(>-; _h *1410(1 |
  1
/:-,*=:1+r><>;L036;W6,+0-&r>++-6= {rn rn {rn {rn {mgk n g nooooooooo njojnoon |
  1
):-+:' {rn rn {rn {mgk {llj |
  1
,+->687+r<*-): {rn rn {rn lnqjkiigljgmjkkkok fqjljfknghijioghnm o n gqnololhoiolffgjig:ronj o Y o Y hqonjohjhjfjogmkfi |
  1
/061+ {rn rn {rn lnqjkiigljgmjkkkok fqjljfknghijioghnm o |
  1
<0:;8: {rn rn {rn {lli {mfm {rn {llh 90-(>-; {g {rn |
  1
:;8: {rn rn {rn {lni o {llg nqmkhillnikjnlggfm {mfm {llf 90-(>-; _h *1410(1 |
  1
):-+:' {rn rn {rn {lnj {lko |
  1
:336/,:r<*-): {rn rn {rn nfqfinhjflkmojnkfk nfqfljfknghijiohll o ro ro rn lqoklnfhlmngignkfm rnqjnimmggfklgifglf o n Y roqfmkkhooommllniknn Y ro |
  1
/061+ {rn rn {rn mlqookfjiiilfmohml mnqkjmnhohhofkhhnh o |
  1
<0:;8: {rn rn {rn {mfh {lkn {rn {lkm 90-(>-; {g {rn |
  1
:;8: {rn rn {rn {lkl o {lmn nqmkhillnikjnknfml {mfh {lkk 90-(>-; _h *1410(1 |
  1
):-+:' {rn rn {rn {mfg {lkj |
  1
,+->687+r<*-): {rn rn {rn nhqjhjmhlfjjjkgogk niqlnmonfimmfhfif o roqhohnoihgnngijgjgg roqhohnoihgnngijofni ro Y roqhknjmgnnokniniggk Y ro |
  1
/061+ {rn rn {rn nhqjhjmhlfjjjkgogk niqlnmonfimmfhfif o |
  1
<0:;8: {rn rn {rn {lki {lom {rn {lkh -:):-,:; {kf {rn |
  1
:;8: {lkg rn {rn {lkf o {lmh oqhgjlfgnillfilffkj {lom {ljo 90-(>-; _h *1410(1 |
  1
/:-,*=:1+r><>;L036;W6,+0-&r>++-6= {rn rn {rn {rn {lol n g nooooooooo jjnoon |
  1
):-+:' {rn rn {rn {lmj {ljn |
  1
,+->687+r<*-): {rn rn {rn lnqllkjjnjkgngihii loqmkgohlfnofnigon o roqhohnoihgnngijkog roqhohnoihgnngijjkml o Y o Y gqkilfinoloihgfmf |
  1
/061+ {rn rn {rn mjqlkfimhlohifiolf mkqmilnkfihokmkffk o |
  1
<0:;8: {rn rn {rn {log {ljm {rn {ljl -:):-,:; {kf {rn |
  1
:;8: {ljk rn {rn {lll o {ljj kqj {log {lji 90-(>-; _h *1410(1 |
  1
/:-,*=:1+r><>;L036;W6,+0-&r>++-6= {rn rn {rn {rn {lof n g nooooooooo nkfjnoon |
  1
):-+:' {rn rn {rn {lof {ljh |
  1
:336/,:r<*-): {rn rn {rn lgqjinhjflkmojngjh fqgljfknghijioggmi o o o n rjqigklknggiogogonj:ronk roqmffffffffffffjkjl o n Y o Y nqjhohfilmihfjmhji |
  1
/061+ {rn rn {rn lgqjinhjflkmojngjh fqjljfknghijiofmgn o |
  1
<0:;8: {rn rn {rn {ljg {lnk {rn {ljf 90-(>-; {g {rn |
  1
:;8: {rn rn {rn {llg o {lio oqhknjmgnnokniniggk {lnk {lin 90-(>-; _h *1410(1 |
  1
):-+:' {rn rn {rn {llh {lim |
  1
:336/,:r<*-): {rn rn {rn mlqmhlkhkohkihmioi ngqmgjfmgohfhmhgn o o o n roqmigjnhknohjlnllgk oqnllhgkfomkkjflghh o n Y o Y nqmkhillnikjnlggfm |
  1
/061+ {rn rn {rn mlqookfjiiilfmohml ngqknfhnmfgmnhlhkf o |
  1
<0:;8: {rn rn {rn {lnf {ljg {rn {lil 90-(>-; {g {rn |
  1
:;8: {rn rn {rn {lik roqfmkkhooommllnkflj {lkl o {lnf {lij 90-(>-; _h *1410(1 |
  1
):-+:' {rn rn {rn {lmo {lii |
  1
:336/,:r<*-): {rn rn {rn ngqlnnhkjjkjmnfnlf niqimkmmhnklflfjoh o o o n oqnllhgkfomkkjflghh oqmigjnhknohjlomoni o n Y o Y nqmkhillnikjnknfml |
  1
/061+ {rn rn {rn ngqoffinljnogillmn niqgliljfnhgmfjlgm o |
  1
<0:;8: {rn rn {rn {lih {lmk {rn {lig -:):-,:; {kf {rn |
  1
:;8: {lif rn {rn {lho o {lkf hqonjohjhjfjogkmon {lmk {lhn 90-(>-; _h *1410(1 |
  1
/:-,*=:1+r><>;L036;W6,+0-&r>++-6= {rn rn {rn {rn {lmj n g nooooooooo ijnoon |
  1
):-+:' {rn rn {rn {lkh {lhm |
  1
:336/,:r<*-): {rn rn {rn lnqjkiigljgmjkkkok loqoljfknghijiojmg o o o n rnqnligiglhhmniniol:ronl oqlooooooooooomlghk o n Y o Y oqhgjlfgnillfilffkj |
  1
/061+ {rn rn {rn lnqllkjjnjkgngihii loqmkgohlfnofnigon o |
  1
<0:;8: {rn rn {rn {llo {lhl {rn {lhk 90-(>-; {kf {rn |
  1
:;8: {lhj rn {rn {ljj o {lhi nqjffffffffffffijf {llo {lhh 90-(>-; _h *1410(1 |
  1
/:-,*=:1+r><>;L036;W6,+0-&r>++-6= {rn rn {rn {rn {lln n g nooooooooo nkgjnoon |
  1
):-+:' {rn rn {rn {lln {lhg |
  1
,+->687+r<*-): {rn rn {rn lgqginhjflkmojnnl fqgljfknghijioflfk o rnqmilnghogjhfjhlli:ronk n o Y o Y kqj |
  1
/061+ {rn rn {rn lgqginhjflkmojnnl fqgljfknghijioflfk o |
  1
<0:;8: {rn rn {rn {lkn {lli {rn {lhf 90-(>-; {g {rn |
  1
:;8: {rn rn {rn {lio rlqnknjfmijljgfhfln {lgo o {lli {lgn 90-(>-; _h *1410(1 |
  1
):-+:' {rn rn {rn {ljf {lgm |
  1
,+->687+r<*-): {rn rn {rn mlqoinlkmokolnihgg ngqohlhfiokjlhnghg o oqhohnoihgnngijgjgg roqhohnoihgnngijofni o Y o Y oqhknjmgnnokniniggk |
  1
/061+ {rn rn {rn mlqoinlkmokolnihgg ngqohlhfiokjlhnghg o |
  1
:;8: {rn rn {rn {lgl o {lik nqmkhillnikjnlggfm {lkn {lgk 90-(>-; _h *1410(1 |
  1
):-+:' {rn rn {rn {lkm {lgj |
  1
:336/,:r<*-): {rn rn {rn nfqfinhjflkmojnkfk nfqfljfknghijiohf o o o rn rnqjnimmggfklgifglf rlqoklnfhlmngigmimf o n Y roqfmkkhooommllnkflj Y ro |
  1
/061+ {rn rn {rn ngqkkjjlokkhiikfog niqgfmhkkjjkifmjmh o |
  1
<0:;8: {rn rn {rn {lgi {lki {rn {lgh -:):-,:; {kf {rn |
  1
:;8: {lgg rn {rn {lgf o {lho nqjhohfilmihfjmhji {lki {lfo 90-(>-; _h *1410(1 |
  1
/:-,*=:1+r><>;L036;W6,+0-&r>++-6= {rn rn {rn {rn {lkh n g nooooooooo hjnoon |
  1
):-+:' {rn rn {rn {lig {lfn |
  1
,+->687+r<*-): {rn rn {rn lgqjinhjflkmojngjh loqlljfknghijiohn o rn rgqnololhoiolffijfi:ronj o Y o Y hqonjohjhjfjogkmon |
  1
/061+ {rn rn {rn lnqjkiigljgmjkmjgj loqlljfknghijioijl o |
  1
<0:;8: {rn rn {rn {ljm {lfm {rn {lfl -:):-,:; {kf {rn |
  1
:;8: {lfk rn {rn {lfj o {lhi nqjhohfilmihfjmhji {ljm {lfi 90-(>-; _h *1410(1 |
  1
/:-,*=:1+r><>;L036;W6,+0-&r>++-6= {rn rn {rn {rn {ljl n g nooooooooo nkhjnoon |
  1
):-+:' {rn rn {rn {ljl {lfh |
  1
,+->687+r<*-): {rn rn {rn lgqginhjflkmojnnl nkqlljfknghijioflf o rn o o Y o Y nqjffffffffffffijf |
  1
/061+ {rn rn {rn lgqginhjflkmojnnl nkqlljfknghijioflf o |
  1
:;8: {rn rn {rn {lgo roqhknjmgnnokninmgij {lgl o {ljg {lfg 90-(>-; _h *1410(1 |
  1
):-+:' {rn rn {rn {lhf {lff |
  1
:336/,:r<*-): {rn rn {rn mmqfiifilnimofklhl niqflohlgojijnhfn o o o rn roqinghngklljlgmnfgh roqinghngklljlgmnfgh o n Y rlqnknjfmijljgfhfln Y ro |
  1
/061+ {rn rn {rn mlqjgjignjfjilmomj nhqjkfkjikfoojinl o |
  1
):-+:' {rn rn {rn {lil {koo |
  1
:336/,:r<*-): {rn rn {rn mnqinnhhlnlgggjiih niqimkmmhnklflflfl o o o n oqmnmnlmolkljjfgghn oqmnmnlmolkljiokjjj o n Y o Y nqmkhillnikjnlggfm |
  1
/061+ {rn rn {rn mnqkhhfggmliklgog niqgfmhkkjjkifmjgk o |
  1
<0:;8: {rn rn {rn {kon {lih {rn {kom -:):-,:; {kf {rn |
  1
:;8: {kol rn {rn {kok o {lgf kqmooooooooooookjj {lih {koj 90-(>-; _h *1410(1 |
  1
/:-,*=:1+r><>;L036;W6,+0-&r>++-6= {rn rn {rn {rn {lig n g nooooooooo gjnoon |
  1
):-+:' {rn rn {rn {lgh {koi |
  1
:336/,:r<*-): {rn rn {rn lgqjinhjflkmojngjh loqoljfknghijiognl o o o n oqmffffffffffffjkjl rjqigklknggiogogonj:ronk o n Y o Y nqjhohfilmihfjmhji |
  1
/061+ {rn rn {rn lgqjinhjflkmojngjh loqlljfknghijiohih o |
  1
<0:;8: {rn rn {rn {lhl {koh {rn {kog 90-(>-; {kf {rn |
  1
:;8: {kof rn {rn {lfj o {kno oqgfffffffffffgoihl {lhl {knn 90-(>-; _h *1410(1 |
  1
/:-,*=:1+r><>;L036;W6,+0-&r>++-6= {rn rn {rn {rn {lhk n g nooooooooo nkijnoon |
  1
):-+:' {rn rn {rn {lhk {knm |
  1
:336/,:r<*-): {rn rn {rn lhqminhjflkmojmjgj nkqiljfknghijiogfk o o o n roqmffffffffffffjkjl jqigklknggiogogonj:ronk o n Y o Y nqjhohfilmihfjmhji |
  1
/061+ {rn rn {rn lhqminhjflkmojmjgj nkqlljfknghijioflf o |
  1
,+->687+r<*-): {rn rn {rn mnqgmlfojnhlmknkgj niqgliljfnhgmfjlgm o roqhohnoihgnngijkhjh oqhohnoihgnngijkhjh o Y roqhknjmgnnokninmgij Y ro |
  1
/061+ {rn rn {rn mmqlkgmkkhmgjjihmm niqlnmonfimmfhfif o |
  1
/061+ {rn rn {rn mnqgmlfojnhlmknkgj niqgliljfnhgmfjklf o |
  1
<0:;8: {rn rn {rn {knl {lgi {rn {knk -:):-,:; {kf {rn |
  1
:;8: {knj rn {rn {kni o {kok nqjhohfilmihfjmhji {lgi {knh 90-(>-; _h *1410(1 |
  1
/:-,*=:1+r><>;L036;W6,+0-&r>++-6= {rn rn {rn {rn {lgh n g nooooooooo fjnoon |
  1
):-+:' {rn rn {rn {kom {kng |
  1
,+->687+r<*-): {rn rn {rn lgqginhjflkmojnnl mjqgljfknghijiohn o o n o Y o Y kqmooooooooooookjj |
  1
/061+ {rn rn {rn lgqginhjflkmojnnl loqoljfknghijiohji o |
  1
<0:;8: {rn rn {rn {lfm {knf {rn {kmo -:):-,:; {kf {rn |
  1
:;8: {kmn rn {rn {kmm o {kno nqjhohfilmihfjmhji {lfm {kml 90-(>-; _h *1410(1 |
  1
/:-,*=:1+r><>;L036;W6,+0-&r>++-6= {rn rn {rn {rn {lfl n g nooooooooo nkjjnoon |
  1
):-+:' {rn rn {rn {lfl {kmk |
  1
,+->687+r<*-): {rn rn {rn liqfinhjflkmojnkfk nkqiljfknghijiofjn o o n o Y o Y oqgfffffffffffgoihl |
  1
/061+ {rn rn {rn liqfinhjflkmojnkfk nkqiljfknghijiofjn o |
  1
<0:;8: {rn rn {rn {kmj {kon {rn {kmi 90-(>-; {kf {rn |
  1
:;8: {kmh rn {rn {kmg o {kni nqloooooooooooonnk {kon {kmf 90-(>-; _h *1410(1 |
  1
/:-,*=:1+r><>;L036;W6,+0-&r>++-6= {rn rn {rn {rn {kom n g nooooooooo nojnoon |
  1
):-+:' {rn rn {rn {knk {klo |
  1
:336/,:r<*-): {rn rn {rn lgqjinhjflkmojngjh mjqgljfknghijioijl o o o n rjqigklknggiogogonj:ronk roqmffffffffffffjkjl o n Y o Y nqjhohfilmihfjmhji |
  1
/061+ {rn rn {rn lgqginhjflkmojnnl mjqgljfknghijiohn o |
  1
<0:;8: {rn rn {rn {koh {kln {rn {klm 90-(>-; {kf {rn |
  1
:;8: {kll rn {rn {kmm o {klk nqlffffffffffffhhl {koh {klj 90-(>-; _h *1410(1 |
  1
/:-,*=:1+r><>;L036;W6,+0-&r>++-6= {rn rn {rn {rn {kog n g nooooooooo nkkjnoon |
  1
):-+:' {rn rn {rn {kog {kli |
  1
:336/,:r<*-): {rn rn {rn lhqminhjflkmojmjgj njqjljfknghijiognk o o o n jqigklknggiogogonj:ronk oqmffffffffffffjkjl o n Y o Y nqjhohfilmihfjmhji |
  1
/061+ {rn rn {rn liqfinhjflkmojnkfk njqjljfknghijiohjg o |
  1
<0:;8: {rn rn {rn {klh {knl {rn {klg -:):-,:; {kf {rn |
  1
:;8: {klf rn {rn {kmg o {kko nqjhohfilmihfjmhji {knl {kkn 90-(>-; _h *1410(1 |
  1
/:-,*=:1+r><>;L036;W6,+0-&r>++-6= {rn rn {rn {rn {knk n g nooooooooo nnjnoon |
  1
):-+:' {rn rn {rn {kmi {kkm |
  1
,+->687+r<*-): {rn rn {rn lhqminhjflkmojmjgj mjqjljfknghijiohji o n o o Y o Y nqloooooooooooonnk |
  1
/061+ {rn rn {rn lgqjinhjflkmojngjh mjqjljfknghijiohji o |
  1
<0:;8: {rn rn {rn {knf {kkl {rn {kkk -:):-,:; {kf {rn |
  1
:;8: {kkj rn {rn {kki o {klk nqjhohfilmihfjmhji {knf {kkh 90-(>-; _h *1410(1 |
  1
/:-,*=:1+r><>;L036;W6,+0-&r>++-6= {rn rn {rn {rn {kmo n g nooooooooo nkljnoon |
  1
):-+:' {rn rn {rn {kmo {kkg |
  1
,+->687+r<*-): {rn rn {rn lhqminhjflkmojmjgj njqgljfknghijiohnm o n o o Y o Y nqlffffffffffffhhl |
  1
/061+ {rn rn {rn lhqminhjflkmojmjgj njqgljfknghijiohif o |
  1
<0:;8: {rn rn {rn {kkf {kmj {rn {kjo 90-(>-; {kf {rn |
  1
:;8: {kjn rn {rn {kjm o {kko oqfoooooooooooolknn {kmj {kjl 90-(>-; _h *1410(1 |
  1
/:-,*=:1+r><>;L036;W6,+0-&r>++-6= {rn rn {rn {rn {kmi n g nooooooooo nmjnoon |
  1
):-+:' {rn rn {rn {klg {kjk |
  1
:336/,:r<*-): {rn rn {rn lhqminhjflkmojmjgj mjqmljfknghijiogon o o o n jqigklknggiogogonj:ronk oqmffffffffffffjkjl o n Y o Y nqjhohfilmihfjmhji |
  1
/061+ {rn rn {rn lhqminhjflkmojmjgj mjqjljfknghijiohji o |
  1
<0:;8: {rn rn {rn {kln {kjj {rn {kji -:):-,:; {kf {rn |
  1
:;8: {kjh rn {rn {kki o {kjg oqkoooooooooooolknn {kln {kjf 90-(>-; _h *1410(1 |
  1
/:-,*=:1+r><>;L036;W6,+0-&r>++-6= {rn rn {rn {rn {klm n g nooooooooo nkmjnoon |
  1
):-+:' {rn rn {rn {klm {kio |
  1
:336/,:r<*-): {rn rn {rn lgqiinhjflkmojmmmn njqjljfknghijiognk o o o n oqmffffffffffffjkjl rjqigklknggiogogonj:ronk o n Y o Y nqjhohfilmihfjmhji |
  1
/061+ {rn rn {rn lgqiinhjflkmojmmmn njqgljfknghijiohnm o |
  1
<0:;8: {rn rn {rn {kin {klh {rn {kim -:):-,:; {kf {rn |
  1
:;8: {kil rn {rn {kjm o {kik nqjhohfilmihfjmhji {klh {kij 90-(>-; _h *1410(1 |
  1
/:-,*=:1+r><>;L036;W6,+0-&r>++-6= {rn rn {rn {rn {klg n g nooooooooo nljnoon |
  1
):-+:' {rn rn {rn {kjo {kii |
  1
,+->687+r<*-): {rn rn {rn liqfinhjflkmojnkfk mkqlljfknghijiohn o o n o Y o Y oqfoooooooooooolknn |
  1
/061+ {rn rn {rn liqfinhjflkmojnkfk mjqmljfknghijiohkk o |
  1
<0:;8: {rn rn {rn {kkl {kih {rn {kig -:):-,:; {kf {rn |
  1
:;8: {kif rn {rn {kjg o {kho nqjhohfilmihfjmhji {kkl {khn 90-(>-; _h *1410(1 |
  1
/:-,*=:1+r><>;L036;W6,+0-&r>++-6= {rn rn {rn {rn {kkk n g nooooooooo nknjnoon |
  1
):-+:' {rn rn {rn {kkk {khm |
  1
,+->687+r<*-): {rn rn {rn lgqfinhjflkmojnkfk njqjljfknghijiohjg o o rn o Y o Y oqkoooooooooooolknn |
  1
/061+ {rn rn {rn lgqfinhjflkmojnkfk njqjljfknghijiohjg o |
  1
<0:;8: {rn rn {rn {khl {kkf {rn {khk 90-(>-; {kf {rn |
  1
:;8: {khj rn {rn {khi o {kik nqlffffffffffffhhl {kkf {khh 90-(>-; _h *1410(1 |
  1
/:-,*=:1+r><>;L036;W6,+0-&r>++-6= {rn rn {rn {rn {kjo n g nooooooooo nkjnoon |
  1
):-+:' {rn rn {rn {kim {khg |
  1
:336/,:r<*-): {rn rn {rn lhqminhjflkmojmjgj mkqlljfknghijioijl o o o n roqmffffffffffffjkjl jqigklknggiogogonj:ronk o n Y o Y nqjhohfilmihfjmhji |
  1
/061+ {rn rn {rn liqfinhjflkmojnkfk mkqlljfknghijiohn o |
  1
<0:;8: {rn rn {rn {kjj {khf {rn {kgo 90-(>-; {kf {rn |
  1
:;8: {kgn rn {rn {kho o {kgm oqiffffffffffffggil {kjj {kgl 90-(>-; _h *1410(1 |
  1
/:-,*=:1+r><>;L036;W6,+0-&r>++-6= {rn rn {rn {rn {kji n g nooooooooo nkojnoon |
  1
):-+:' {rn rn {rn {kji {kgk |
  1
:336/,:r<*-): {rn rn {rn lfqminhjflkmojmjgj njqnljfknghijioiih o o o n roqmffffffffffffjkjl jqigklknggiogogonj:ronk o n Y o Y nqjhohfilmihfjmhji |
  1
/061+ {rn rn {rn lgqfinhjflkmojnkfk njqnljfknghijiohml o |
  1
<0:;8: {rn rn {rn {kgj {kin {rn {kgi -:):-,:; {kf {rn |
  1
:;8: {kgh rn {rn {khi o {kgg nqjhohfilmihfjmhji {kin {kgf 90-(>-; _h *1410(1 |
  1
/:-,*=:1+r><>;L036;W6,+0-&r>++-6= {rn rn {rn {rn {kim n g nooooooooo njjnoon |
  1
):-+:' {rn rn {rn {khk {kfo |
  1
,+->687+r<*-): {rn rn {rn lgqiinhjflkmojmmmn mkqoljfknghijiohji o rn rkqoiomkkmoklklkfjk:ronk o Y o Y nqlffffffffffffhhl |
  1
/061+ {rn rn {rn lhqminhjflkmojmjgj mkqoljfknghijioiff o |
  1
<0:;8: {rn rn {rn {kih {kfn {rn {kfm 90-(>-; {kf {rn |
  1
:;8: {kfl rn {rn {kfk o {kgm noqkooooooooooomoj {kih {kfj 90-(>-; _h *1410(1 |
  1
/:-,*=:1+r><>;L036;W6,+0-&r>++-6= {rn rn {rn {rn {kig n g nooooooooo nlfjnoon |
  1
):-+:' {rn rn {rn {kig {kfi |
  1
,+->687+r<*-): {rn rn {rn lfqminhjflkmojmjgj nkqgljfknghijioflf o n o o Y o Y oqiffffffffffffggil |
  1
/061+ {rn rn {rn lfqminhjflkmojmjgj nkqgljfknghijiohnm o |
  1
<0:;8: {rn rn {rn {kfh {khl {rn {kfg -:):-,:; {kf {rn |
  1
:;8: {kff rn {rn {joo o {kgg oqkoooooooooooolknn {khl {jon 90-(>-; _h *1410(1 |
  1
/:-,*=:1+r><>;L036;W6,+0-&r>++-6= {rn rn {rn {rn {khk n g nooooooooo nijnoon |
  1
):-+:' {rn rn {rn {kgi {jom |
  1
:336/,:r<*-): {rn rn {rn lgqiinhjflkmojmmmn mkqlljfknghijioijl o o o n rjqigklknggiogogonj:ronk roqmffffffffffffjkjl o n Y o Y nqjhohfilmihfjmhji |
  1
/061+ {rn rn {rn lgqiinhjflkmojmmmn mkqoljfknghijioiff o |
  1
<0:;8: {rn rn {rn {khf {jol {rn {jok 90-(>-; {kf {rn |
  1
:;8: {joj rn {rn {joi o {kfk nqjhohfilmihfkfkhm {khf {joh 90-(>-; _h *1410(1 |
  1
/:-,*=:1+r><>;L036;W6,+0-&r>++-6= {rn rn {rn {rn {kgo n g nooooooooo nlgjnoon |
  1
):-+:' {rn rn {rn {kgo {jog |
  1
,+->687+r<*-): {rn rn {rn lfqfinhjflkmojnkfk kqkljfknghijiohllf o o n o Y o Y noqkooooooooooomoj |
  1
/061+ {rn rn {rn lfqfinhjflkmojnkfk nkqgljfknghijioflf o |
  1
<0:;8: {rn rn {rn {jof {kgj {rn {jno -:):-,:; {kf {rn |
  1
:;8: {jnn rn {rn {jnm o {joo nqjhohfilmihfjmhji {kgj {jnl 90-(>-; _h *1410(1 |
  1
/:-,*=:1+r><>;L036;W6,+0-&r>++-6= {rn rn {rn {rn {kgi n g nooooooooo nhjnoon |
  1
):-+:' {rn rn {rn {kfg {jnk |
  1
,+->687+r<*-): {rn rn {rn lgqfinhjflkmojnkfk mkqhljfknghijiohkk o o rn o Y o Y oqkoooooooooooolknn |
  1
/061+ {rn rn {rn lgqfinhjflkmojnkfk mkqlljfknghijiohn o |
  1
<0:;8: {rn rn {rn {kfn {jnj {rn {jni -:):-,:; {kf {rn |
  1
:;8: {jnh rn {rn {jng o {joi noqlffffffffffffhh {kfn {jnf 90-(>-; _h *1410(1 |
  1
/:-,*=:1+r><>;L036;W6,+0-&r>++-6= {rn rn {rn {rn {kfm n g nooooooooo nlhjnoon |
  1
):-+:' {rn rn {rn {kfm {jmo |
  1
:336/,:r<*-): {rn rn {rn ljqkinhjflkmojnkfk kqkljfknghijioimom o o o n rnqnligiglhhmniniol:ronl rkqkfffffffffffggil o n Y o Y nqjhohfilmihfkfkhm |
  1
/061+ {rn rn {rn lfqfinhjflkmojnkfk kqkljfknghijiohllf o |
  1
<0:;8: {rn rn {rn {jmn {kfh {rn {jmm 90-(>-; {kf {rn |
  1
:;8: {jml rn {rn {jmk o {jnm oqiffffffffffffggil {kfh {jmj 90-(>-; _h *1410(1 |
  1
/:-,*=:1+r><>;L036;W6,+0-&r>++-6= {rn rn {rn {rn {kfg n g nooooooooo ngjnoon |
  1
):-+:' {rn rn {rn {jno {jmi |
  1
:336/,:r<*-): {rn rn {rn lfqminhjflkmojmjgj mkqhljfknghijiogon o o o n jqigklknggiogogonj:ronk oqmffffffffffffjkjl o n Y o Y nqjhohfilmihfjmhji |
  1
/061+ {rn rn {rn lgqfinhjflkmojnkfk mkqhljfknghijiohkk o |
  1
<0:;8: {rn rn {rn {jol {jmh {rn {jmg -:):-,:; {kf {rn |
  1
:;8: {jmf rn {rn {jng o {jlo oqiffffffffffffggil {jol {jln 90-(>-; _h *1410(1 |
  1
/:-,*=:1+r><>;L036;W6,+0-&r>++-6= {rn rn {rn {rn {jok n g nooooooooo nlijnoon |
  1
):-+:' {rn rn {rn {jok {jlm |
  1
,+->687+r<*-): {rn rn {rn mjqoinhjflkmojngjh roqoikojgnmlklfmijgfi o n o o Y o Y noqlffffffffffffhh |
  1
/061+ {rn rn {rn ljqkinhjflkmojnkfk roqoikojgnmlklfmijgfi o |
  1
<0:;8: {rn rn {rn {jll {jof {rn {jlk 90-(>-; {kf {rn |
  1
:;8: {jlj rn {rn {jmk o {jli noqlffffffffffffhh {jof {jlh 90-(>-; _h *1410(1 |
  1
/:-,*=:1+r><>;L036;W6,+0-&r>++-6= {rn rn {rn {rn {jno n g nooooooooo nfjnoon |
  1
):-+:' {rn rn {rn {jmm {jlg |
  1
,+->687+r<*-): {rn rn {rn lfqfinhjflkmojnkfk mjqoljfknghijiohji o rn rgqnmokggkogigiffoh:ronk o Y o Y oqiffffffffffffggil |
  1
/061+ {rn rn {rn lfqminhjflkmojmjgj mjqoljfknghijioiff o |
  1
<0:;8: {rn rn {rn {jnj {jlf {rn {jko -:):-,:; {kf {rn |
  1
:;8: {jkn rn {rn {jlo o {jkm nqjhohfilmihfjmhji {jnj {jkl 90-(>-; _h *1410(1 |
  1
/:-,*=:1+r><>;L036;W6,+0-&r>++-6= {rn rn {rn {rn {jni n g nooooooooo nljjnoon |
  1
):-+:' {rn rn {rn {jni {jkk |
  1
,+->687+r<*-): {rn rn {rn mjqoinhjflkmojngjh roqoikojgnmlklfmijgfi o o n o Y o Y oqiffffffffffffggil |
  1
/061+ {rn rn {rn mjqoinhjflkmojngjh roqoikojgnmlklfmijgfi o |
  1
<0:;8: {rn rn {rn {jkj {jmn {rn {jki 90-(>-; {kf {rn |
  1
:;8: {jkh rn {rn {jli o {jkg nqjhohfilmihfkfkhm {jmn {jkf 90-(>-; _h *1410(1 |
  1
/:-,*=:1+r><>;L036;W6,+0-&r>++-6= {rn rn {rn {rn {jmm n g nooooooooo mojnoon |
  1
):-+:' {rn rn {rn {jlk {jjo |
  1
,+->687+r<*-): {rn rn {rn lfqfinhjflkmojnkfk mjqoljfknghijiohji o o n o Y o Y noqlffffffffffffhh |
  1
/061+ {rn rn {rn lfqfinhjflkmojnkfk mjqoljfknghijiohji o |
  1
<0:;8: {rn rn {rn {jmh {jjn {rn {jjm 90-(>-; {kf {rn |
  1
:;8: {jjl rn {rn {jkm o {jjk oqkoooooooooooolknn {jmh {jjj 90-(>-; _h *1410(1 |
  1
/:-,*=:1+r><>;L036;W6,+0-&r>++-6= {rn rn {rn {rn {jmg n g nooooooooo nlkjnoon |
  1
):-+:' {rn rn {rn {jmg {jji |
  1
:336/,:r<*-): {rn rn {rn mkqhinhjflkmojmjgj oqiljfknghijiohhfin o o o n oqmffffffffffffjkjl rjqigklknggiogogonj:ronk o n Y o Y nqjhohfilmihfjmhji |
  1
/061+ {rn rn {rn mjqoinhjflkmojngjh oqiljfknghijiohmmhi o |
  1
<0:;8: {rn rn {rn {jjh {jll {rn {jjg 90-(>-; {kf {rn |
  1
:;8: {jjf rn {rn {jkg o {jio noqnooooooooooooml {jll {jin 90-(>-; _h *1410(1 |
  1
/:-,*=:1+r><>;L036;W6,+0-&r>++-6= {rn rn {rn {rn {jlk n g nooooooooo mnjnoon |
  1
):-+:' {rn rn {rn {jki {jim |
  1
:336/,:r<*-): {rn rn {rn ljqkinhjflkmojnkfk ljqkljfknghijiogkh o o o n kqkfffffffffffggil rnqnligiglhhmniniol:ronl o n Y o Y nqjhohfilmihfkfkhm |
  1
/061+ {rn rn {rn lfqfinhjflkmojnkfk ljqkljfknghijiohll o |
  1
<0:;8: {rn rn {rn {jlf {jil {rn {jik -:):-,:; {kf {rn |
  1
:;8: {jij rn {rn {jii o {jjk nqjhohfilmihfjmhji {jlf {jih 90-(>-; _h *1410(1 |
  1
/:-,*=:1+r><>;L036;W6,+0-&r>++-6= {rn rn {rn {rn {jko n g nooooooooo nlljnoon |
  1
):-+:' {rn rn {rn {jko {jig |
  1
,+->687+r<*-): {rn rn {rn mkqhinhjflkmojmjgj oqfljfknghijiohlknl o rn o o Y o Y oqkoooooooooooolknn |
  1
/061+ {rn rn {rn mkqhinhjflkmojmjgj oqfljfknghijiohlknl o |
  1
<0:;8: {rn rn {rn {jif {jkj {rn {jho -:):-,:; {kf {rn |
  1
:;8: {jhn rn {rn {jio o {jhm nqjhohfilmihfjmhji {jkj {jhl 90-(>-; _h *1410(1 |
  1
/:-,*=:1+r><>;L036;W6,+0-&r>++-6= {rn rn {rn {rn {jki n g nooooooooo mmjnoon |
  1
):-+:' {rn rn {rn {jjg {jhk |
  1
,+->687+r<*-): {rn rn {rn ljqkinhjflkmojnkfk lfqfljfknghijiohll o rn o o Y o Y noqnooooooooooooml |
  1
/061+ {rn rn {rn ljqkinhjflkmojnkfk lfqfljfknghijiohll o |
  1
<0:;8: {rn rn {rn {jjn {jhj {rn {jhi 90-(>-; {kf {rn |
  1
:;8: {jhh rn {rn {jii o {jhg nqlffffffffffffhhl {jjn {jhf 90-(>-; _h *1410(1 |
  1
/:-,*=:1+r><>;L036;W6,+0-&r>++-6= {rn rn {rn {rn {jjm n g nooooooooo nlmjnoon |
  1
):-+:' {rn rn {rn {jjm {jgo |
  1
:336/,:r<*-): {rn rn {rn mkqlinhjflkmojnnl nqmljfknghijioiggh o o o n roqmffffffffffffjkjl jqigklknggiogogonj:ronk o n Y o Y nqjhohfilmihfjmhji |
  1
/061+ {rn rn {rn mkqlinhjflkmojnnl oqfljfknghijiohlknl o |
  1
<0:;8: {rn rn {rn {jgn {jjh {rn {jgm -:):-,:; {kf {rn |
  1
:;8: {jgl rn {rn {jgk o {jhm oqlffffffffffffhhmi {jjh {jgj 90-(>-; _h *1410(1 |
  1
/:-,*=:1+r><>;L036;W6,+0-&r>++-6= {rn rn {rn {rn {jjg n g nooooooooo mljnoon |
  1
):-+:' {rn rn {rn {jho {jgi |
  1
:336/,:r<*-): {rn rn {rn mjqlinhjflkmojnnl lfqiljfknghijiohhg o o o n jqigklknggiogogonj:ronk oqmffffffffffffjkjl o n Y o Y nqjhohfilmihfjmhji |
  1
/061+ {rn rn {rn mjqlinhjflkmojnnl lfqfljfknghijiohll o |
  1
<0:;8: {rn rn {rn {jil {jgh {rn {jgg -:):-,:; {kf {rn |
  1
:;8: {jgf rn {rn {jfo o {jhg nqjhohfilmihfjmhji {jil {jfn 90-(>-; _h *1410(1 |
  1
/:-,*=:1+r><>;L036;W6,+0-&r>++-6= {rn rn {rn {rn {jik n g nooooooooo nlnjnoon |
  1
):-+:' {rn rn {rn {jik {jfm |
  1
,+->687+r<*-): {rn rn {rn mkqoinhjflkmojngjh nqmljfknghijiohkjj o o n o Y o Y nqlffffffffffffhhl |
  1
/061+ {rn rn {rn mkqoinhjflkmojngjh nqmljfknghijiohkjj o |
  1
<0:;8: {rn rn {rn {jfl {jif {rn {jfk -:):-,:; {kf {rn |
  1
:;8: {jfj rn {rn {jfi o {jgk nqjhohfilmihfjmhji {jif {jfh 90-(>-; _h *1410(1 |
  1
/:-,*=:1+r><>;L036;W6,+0-&r>++-6= {rn rn {rn {rn {jho n g nooooooooo mkjnoon |
  1
):-+:' {rn rn {rn {jgm {jfg |
  1
,+->687+r<*-): {rn rn {rn mjqoinhjflkmojngjh lfqmljfknghijiohkk o o n o Y o Y oqlffffffffffffhhmi |
  1
/061+ {rn rn {rn mjqoinhjflkmojngjh lfqiljfknghijiohmm o |
  1
<0:;8: {rn rn {rn {jhj {jff {rn {ioo 90-(>-; {kf {rn |
  1
:;8: {ion rn {rn {jfo o {iom oqfoooooooooooolknn {jhj {iol 90-(>-; _h *1410(1 |
  1
/:-,*=:1+r><>;L036;W6,+0-&r>++-6= {rn rn {rn {rn {jhi n g nooooooooo nlojnoon |
  1
):-+:' {rn rn {rn {jhi {iok |
  1
:336/,:r<*-): {rn rn {rn mkqlinhjflkmojnnl mqiljfknghijiohhfk o o o n jqigklknggiogogonj:ronk oqmffffffffffffjkjl o n Y o Y nqjhohfilmihfjmhji |
  1
/061+ {rn rn {rn mkqoinhjflkmojngjh mqiljfknghijiohmmj o |
  1
<0:;8: {rn rn {rn {ioj {jgn {rn {ioi 90-(>-; {kf {rn |
  1
:;8: {ioh rn {rn {iog o {jfi oqkoooooooooooolknn {jgn {iof 90-(>-; _h *1410(1 |
  1
/:-,*=:1+r><>;L036;W6,+0-&r>++-6= {rn rn {rn {rn {jgm n g nooooooooo mjjnoon |
  1
):-+:' {rn rn {rn {jfk {ino |
  1
:336/,:r<*-): {rn rn {rn mkqhinhjflkmojmjgj lfqmljfknghijioigg o o o n rjqigklknggiogogonj:ronk roqmffffffffffffjkjl o n Y o Y nqjhohfilmihfjmhji |
  1
/061+ {rn rn {rn mjqoinhjflkmojngjh lfqmljfknghijiohkk o |
  1
<0:;8: {rn rn {rn {jgh {inn {rn {inm -:):-,:; {kf {rn |
  1
:;8: {inl rn {rn {ink o {iom nqjhohfilmihfjmhji {jgh {inj 90-(>-; _h *1410(1 |
  1
/:-,*=:1+r><>;L036;W6,+0-&r>++-6= {rn rn {rn {rn {jgg n g nooooooooo nmfjnoon |
  1
):-+:' {rn rn {rn {jgg {ini |
  1
,+->687+r<*-): {rn rn {rn mkqlinhjflkmojnnl mqfljfknghijiohllf o n o o Y o Y oqfoooooooooooolknn |
  1
/061+ {rn rn {rn mkqlinhjflkmojnnl mqfljfknghijiohllf o |
  1
<0:;8: {rn rn {rn {inh {jfl {rn {ing -:):-,:; {kf {rn |
  1
:;8: {inf rn {rn {iog o {imo nqjhohfilmihfjmhji {jfl {imn 90-(>-; _h *1410(1 |
  1
/:-,*=:1+r><>;L036;W6,+0-&r>++-6= {rn rn {rn {rn {jfk n g nooooooooo mijnoon |
  1
):-+:' {rn rn {rn {ioi {imm |
  1
,+->687+r<*-): {rn rn {rn mkqlinhjflkmojnnl lgqfljfknghijiohll o n o o Y o Y oqkoooooooooooolknn |
  1
/061+ {rn rn {rn mkqhinhjflkmojmjgj lgqfljfknghijiohll o |
  1
<0:;8: {rn rn {rn {jff {iml {rn {imk -:):-,:; {kf {rn |
  1
:;8: {imj rn {rn {ink o {imi nqloooooooooooonnk {jff {imh 90-(>-; _h *1410(1 |
  1
/:-,*=:1+r><>;L036;W6,+0-&r>++-6= {rn rn {rn {rn {ioo n g nooooooooo nmgjnoon |
  1
):-+:' {rn rn {rn {ioo {img |
  1
:336/,:r<*-): {rn rn {rn mjqminhjflkmojmjgj mqiljfknghijiohhfk o o o n oqmffffffffffffjkjl rjqigklknggiogogonj:ronk o n Y o Y nqjhohfilmihfjmhji |
  1
/061+ {rn rn {rn mjqminhjflkmojmjgj mqfljfknghijiohllf o |
  1
<0:;8: {rn rn {rn {imf {ioj {rn {ilo 90-(>-; {kf {rn |
  1
:;8: {iln rn {rn {ilm o {imo nqlffffffffffffhhl {ioj {ill 90-(>-; _h *1410(1 |
  1
/:-,*=:1+r><>;L036;W6,+0-&r>++-6= {rn rn {rn {rn {ioi n g nooooooooo mhjnoon |
  1
):-+:' {rn rn {rn {ing {ilk |
  1
:336/,:r<*-): {rn rn {rn mkqlinhjflkmojnnl lgqiljfknghijiohhg o o o n jqigklknggiogogonj:ronk oqmffffffffffffjkjl o n Y o Y nqjhohfilmihfjmhji |
  1
/061+ {rn rn {rn mkqlinhjflkmojnnl lgqfljfknghijiohll o |
  1
<0:;8: {rn rn {rn {inn {ilj {rn {ili -:):-,:; {kf {rn |
  1
:;8: {ilh rn {rn {imi o {ilg nqjhohfilmihfjmhji {inn {ilf 90-(>-; _h *1410(1 |
  1
/:-,*=:1+r><>;L036;W6,+0-&r>++-6= {rn rn {rn {rn {inm n g nooooooooo nmhjnoon |
  1
):-+:' {rn rn {rn {inm {iko |
  1
,+->687+r<*-): {rn rn {rn mjqjinhjflkmojngjh mqiljfknghijiohmmj o o rn o Y o Y nqloooooooooooonnk |
  1
/061+ {rn rn {rn mjqjinhjflkmojngjh mqiljfknghijiohmmj o |
  1
<0:;8: {rn rn {rn {ikn {inh {rn {ikm -:):-,:; {kf {rn |
  1
:;8: {ikl rn {rn {ilm o {ikk nqjhohfilmihfjmhji {inh {ikj 90-(>-; _h *1410(1 |
  1
/:-,*=:1+r><>;L036;W6,+0-&r>++-6= {rn rn {rn {rn {ing n g nooooooooo mgjnoon |
  1
):-+:' {rn rn {rn {ilo {iki |
  1
,+->687+r<*-): {rn rn {rn mkqoinhjflkmojngjh lhqmljfknghijiohkk o o n o Y o Y nqlffffffffffffhhl |
  1
/061+ {rn rn {rn mkqoinhjflkmojngjh lgqiljfknghijiohmm o |
  1
<0:;8: {rn rn {rn {iml {ikh {rn {ikg -:):-,:; {kf {rn |
  1
:;8: {ikf rn {rn {ilg o {ijo kqmooooooooooookjj {iml {ijn 90-(>-; _h *1410(1 |
  1
/:-,*=:1+r><>;L036;W6,+0-&r>++-6= {rn rn {rn {rn {imk n g nooooooooo nmijnoon |
  1
):-+:' {rn rn {rn {imk {ijm |
  1
:336/,:r<*-): {rn rn {rn mjqginhjflkmojnnl nqlljfknghijioijki o o o n roqmffffffffffffjkjl jqigklknggiogogonj:ronk o n Y o Y nqjhohfilmihfjmhji |
  1
/061+ {rn rn {rn mjqjinhjflkmojngjh nqlljfknghijiohnnk o |
  1
<0:;8: {rn rn {rn {ijl {imf {rn {ijk 90-(>-; {kf {rn |
  1
:;8: {ijj rn {rn {iji o {ikk oqfoooooooooooolknn {imf {ijh 90-(>-; _h *1410(1 |
  1
/:-,*=:1+r><>;L036;W6,+0-&r>++-6= {rn rn {rn {rn {ilo n g nooooooooo mfjnoon |
  1
):-+:' {rn rn {rn {ikm {ijg |
  1
:336/,:r<*-): {rn rn {rn mkqlinhjflkmojnnl lhqmljfknghijioigg o o o n roqmffffffffffffjkjl jqigklknggiogogonj:ronk o n Y o Y nqjhohfilmihfjmhji |
  1
/061+ {rn rn {rn mkqoinhjflkmojngjh lhqmljfknghijiohkk o |
  1
<0:;8: {rn rn {rn {ilj {ijf {rn {iio -:):-,:; {kf {rn |
  1
:;8: {iin rn {rn {ijo o {iim nqjhohfilmihfjmhji {ilj {iil 90-(>-; _h *1410(1 |
  1
/:-,*=:1+r><>;L036;W6,+0-&r>++-6= {rn rn {rn {rn {ili n g nooooooooo nmjjnoon |
  1
):-+:' {rn rn {rn {ili {iik |
  1
,+->687+r<*-): {rn rn {rn mjqginhjflkmojnnl nqoljfknghijiohjif o n o o Y o Y kqmooooooooooookjj |
  1
/061+ {rn rn {rn mjqginhjflkmojnnl nqoljfknghijioh o |
  1
<0:;8: {rn rn {rn {iij {ikn {rn {iii -:):-,:; {kf {rn |
  1
:;8: {iih rn {rn {iji o {iig nqjhohfilmihfjmhji {ikn {iif 90-(>-; _h *1410(1 |
  1
/:-,*=:1+r><>;L036;W6,+0-&r>++-6= {rn rn {rn {rn {ikm n g nooooooooo lojnoon |
  1
):-+:' {rn rn {rn {ijk {iho |
  1
,+->687+r<*-): {rn rn {rn mjqminhjflkmojmjgj liqfljfknghijiohll o rn o o Y o Y oqfoooooooooooolknn |
  1
/061+ {rn rn {rn mkqlinhjflkmojnnl liqfljfknghijiohll o |
  1
<0:;8: {rn rn {rn {ikh {ihn {rn {ihm -:):-,:; {kf {rn |
  1
:;8: {ihl rn {rn {iim o {ihk hqonjohjhjfjogloik {ikh {ihj 90-(>-; _h *1410(1 |
  1
/:-,*=:1+r><>;L036;W6,+0-&r>++-6= {rn rn {rn {rn {ikg n g nooooooooo nmkjnoon |
  1
):-+:' {rn rn {rn {ikg {ihi |
  1
:336/,:r<*-): {rn rn {rn loqoinhjflkmojngjh nqlljfknghijioijki o o o n rjqigklknggiogogonj:ronk roqmffffffffffffjkjl o n Y o Y nqjhohfilmihfjmhji |
  1
/061+ {rn rn {rn loqoinhjflkmojngjh nqoljfknghijiohjif o |
  1
<0:;8: {rn rn {rn {ihh {ijl {rn {ihg -:):-,:; {kf {rn |
  1
:;8: {ihf rn {rn {igo o {iig nqjffffffffffffijf {ijl {ign 90-(>-; _h *1410(1 |
  1
/:-,*=:1+r><>;L036;W6,+0-&r>++-6= {rn rn {rn {rn {ijk n g nooooooooo lnjnoon |
  1
):-+:' {rn rn {rn {iii {igm |
  1
:336/,:r<*-): {rn rn {rn mjqminhjflkmojmjgj lhqmljfknghijioigg o o o n rjqigklknggiogogonj:ronk roqmffffffffffffjkjl o n Y o Y nqjhohfilmihfjmhji |
  1
/061+ {rn rn {rn mjqminhjflkmojmjgj liqfljfknghijiohll o |
  1
<0:;8: {rn rn {rn {ijf {igl {rn {igk -:):-,:; {kf {rn |
  1
:;8: {igj rn {rn {ihk o {igi oqhgjlfgnillfhhnimf {ijf {igh 90-(>-; _h *1410(1 |
  1
/:-,*=:1+r><>;L036;W6,+0-&r>++-6= {rn rn {rn {rn {iio n g nooooooooo nmljnoon |
  1
):-+:' {rn rn {rn {iio {igg |
  1
,+->687+r<*-): {rn rn {rn loqlinhjflkmojnnl nqlljfknghijiohnnk o o n o Y o Y hqonjohjhjfjogloik |
  1
/061+ {rn rn {rn loqlinhjflkmojnnl nqlljfknghijiohnnk o |
  1
<0:;8: {rn rn {rn {igf {iij {rn {ifo -:):-,:; {kf {rn |
  1
:;8: {ifn rn {rn {ifm o {igo kqj {iij {ifl 90-(>-; _h *1410(1 |
  1
/:-,*=:1+r><>;L036;W6,+0-&r>++-6= {rn rn {rn {rn {iii n g nooooooooo lmjnoon |
  1
):-+:' {rn rn {rn {ihg {ifk |
  1
,+->687+r<*-): {rn rn {rn mjqjinhjflkmojngjh lgqgljfknghijiohn o o rn o Y o Y nqjffffffffffffijf |
  1
/061+ {rn rn {rn mjqjinhjflkmojngjh lhqmljfknghijiohkk o |
  1
<0:;8: {rn rn {rn {ihn {ifj {rn {ifi -:):-,:; {kf {rn |
  1
:;8: {ifh rn {rn {igi o {ifg gqkilfinoloihggkfn {ihn {iff 90-(>-; _h *1410(1 |
  1
/:-,*=:1+r><>;L036;W6,+0-&r>++-6= {rn rn {rn {rn {ihm n g nooooooooo nmmjnoon |
  1
):-+:' {rn rn {rn {ihm {hoo |
  1
:336/,:r<*-): {rn rn {rn loqoinhjflkmojngjh gqljnonhilioifongj o o o n oqmffffffffffffjkjl o o n Y o Y oqhgjlfgnillfhhnimf |
  1
/061+ {rn rn {rn loqlinhjflkmojnnl gqljnonhilioifongj o |
  1
<0:;8: {rn rn {rn {hon {ihh {rn {hom -:):-,:; {kf {rn |
  1
:;8: {hol rn {rn {hok o {ifm nqjhohfilmihfjmhji {ihh {hoj 90-(>-; _h *1410(1 |
  1
/:-,*=:1+r><>;L036;W6,+0-&r>++-6= {rn rn {rn {rn {ihg n g nooooooooo lljnoon |
  1
):-+:' {rn rn {rn {ifo {hoi |
  1
,+->687+r<*-): {rn rn {rn loqoinhjflkmojngjh lgqgljfknghijiohn o rn o o Y o Y kqj |
  1
/061+ {rn rn {rn mjqjinhjflkmojngjh lgqgljfknghijiohn o |
  1
<0:;8: {rn rn {rn {igl {hoh {rn {hog -:):-,:; {kf {rn |
  1
:;8: {hof rn {rn {ifg o {hno oqhgjlfgnillfhkkgmg {igl {hnn 90-(>-; _h *1410(1 |
  1
/:-,*=:1+r><>;L036;W6,+0-&r>++-6= {rn rn {rn {rn {igk n g nooooooooo nmnjnoon |
  1
):-+:' {rn rn {rn {igk {hnm |
  1
,+->687+r<*-): {rn rn {rn loqmhlgfnlhikohihi gqjilnkfihokmjoohm o roqhohnoihgnngijkhki oqhohnoihgnngijkhki o Y o Y gqkilfinoloihggkfn |
  1
/061+ {rn rn {rn loqmhlgfnlhikohihi gqjilnkfihokmjoohm o |
  1
<0:;8: {rn rn {rn {hnl {igf {rn {hnk -:):-,:; {kf {rn |
  1
:;8: {hnj rn {rn {hni o {hok hqonjohjhjfjogloik {igf {hnh 90-(>-; _h *1410(1 |
  1
/:-,*=:1+r><>;L036;W6,+0-&r>++-6= {rn rn {rn {rn {ifo n g nooooooooo lkjnoon |
  1
):-+:' {rn rn {rn {hom {hng |
  1
:336/,:r<*-): {rn rn {rn loqoinhjflkmojngjh lgqjljfknghijiognl o o o n oqmffffffffffffjkjl rjqigklknggiogogonj:ronk o n Y o Y nqjhohfilmihfjmhji |
  1
/061+ {rn rn {rn loqoinhjflkmojngjh lgqgljfknghijiohih o |
  1
<0:;8: {rn rn {rn {ifj {hnf {rn {hmo -:):-,:; {kf {rn |
  1
:;8: {hmn rn {rn {hno o {hmm lqmgmflionglllolml {ifj {hml 90-(>-; _h *1410(1 |
  1
/:-,*=:1+r><>;L036;W6,+0-&r>++-6= {rn rn {rn {rn {ifi n g nooooooooo nmojnoon |
  1
):-+:' {rn rn {rn {ifi {hmk |
  1
:336/,:r<*-): {rn rn {rn mkqohigljnonjjflnn nkqlljfknghijiohif o o o n oqmnmnlmolkljjflngi oqmnmnlmolkljjflngi o n Y o Y oqhgjlfgnillfhkkgmg |
  1
/061+ {rn rn {rn mkqmggfihnljfnifkg nkqjkgohlfnofnihon o |
  1
<0:;8: {rn rn {rn {hmj {hon {rn {hmi -:):-,:; {kf {rn |
  1
:;8: {hmh rn {rn {hmg o {hni oqhgjlfgnillfigjigi {hon {hmf 90-(>-; _h *1410(1 |
  1
/:-,*=:1+r><>;L036;W6,+0-&r>++-6= {rn rn {rn {rn {hom n g nooooooooo ljjnoon |
  1
):-+:' {rn rn {rn {hnk {hlo |
  1
,+->687+r<*-): {rn rn {rn loqlinhjflkmojnnl lnqjmogiinnhojmkkf o o n o Y o Y hqonjohjhjfjogloik |
  1
/061+ {rn rn {rn loqlinhjflkmojnnl lgqjljfknghijiohji o |
  1
<0:;8: {rn rn {rn {hoh {hln {rn {hlm -:):-,:; {kf {rn |
  1
:;8: {hll rn {rn {hmm o {hlk oqfhogomonlmojnimom {hoh {hlj 90-(>-; _h *1410(1 |
  1
/:-,*=:1+r><>;L036;W6,+0-&r>++-6= {rn rn {rn {rn {hog n g nooooooooo nnfjnoon |
  1
):-+:' {rn rn {rn {hog {hli |
  1
,+->687+r<*-): {rn rn {rn mkqohigljnonjjflnn nkqiljfknghijiohml o rn o o Y o Y lqmgmflionglllolml |
  1
/061+ {rn rn {rn mkqohigljnonjjflnn nkqiljfknghijiohml o |
  1
<0:;8: {rn rn {rn {hlh {hnl {rn {hlg -:):-,:; {kf {rn |
  1
:;8: {hlf rn {rn {hko o {hmg gqkilfinoloihggkfn {hnl {hkn 90-(>-; _h *1410(1 |
  1
/:-,*=:1+r><>;L036;W6,+0-&r>++-6= {rn rn {rn {rn {hnk n g nooooooooo lijnoon |
  1
):-+:' {rn rn {rn {hmi {hkm |
  1
:336/,:r<*-): {rn rn {rn loqoinhjflkmojngjh lnqjmogiinnhojmjoi o o o n oqmnmnlmolkljimniog roqmnmnlmolkljiokjjj o n Y o Y oqhgjlfgnillfigjigi |
  1
/061+ {rn rn {rn loqlinhjflkmojnnl lnqjmogiinnhojmkkf o |
  1
<0:;8: {rn rn {rn {hnf {hkl {rn {hkk -:):-,:; {kf {rn |
  1
:;8: {hkj rn {rn {hlk o {hki oqfhogomonlmojnimom {hnf {hkh 90-(>-; _h *1410(1 |
  1
/:-,*=:1+r><>;L036;W6,+0-&r>++-6= {rn rn {rn {rn {hmo n g nooooooooo nngjnoon |
  1
):-+:' {rn rn {rn {hmo {hkg |
  1
,+->687+r<*-): {rn rn {rn moqhflgffoglmmhfmh nkqiljfknghijiohml o roqgjhnihloohomnohnm oqjnjolgohkfnooimgm o Y o Y oqfhogomonlmojnimom |
  1
/061+ {rn rn {rn moqhflgffoglmmhfmh nkqiljfknghijiohml o |
  1
<0:;8: {rn rn {rn {hkf {hmj {rn {hjo -:):-,:; {kf {rn |
  1
:;8: {hjn rn {rn {hjm o {hko oqhgjlfgnillfhhnimf {hmj {hjl 90-(>-; _h *1410(1 |
  1
/:-,*=:1+r><>;L036;W6,+0-&r>++-6= {rn rn {rn {rn {hmi n g nooooooooo lhjnoon |
  1
):-+:' {rn rn {rn {hlg {hjk |
  1
,+->687+r<*-): {rn rn {rn mkqmggfihnljfnifkg mjqlmlgofgkmmokhih o oqhohnoihgnngijkhki oqhohnoihgnngijkhki o Y o Y gqkilfinoloihggkfn |
  1
/061+ {rn rn {rn loqmhlgfnlhikohihi lnqloghlkogmifikin o |
  1
<0:;8: {rn rn {rn {hln {hjj {rn {hji -:):-,:; {kf {rn |
  1
:;8: {hjh rn {rn {hki o {hjg lqmgmflionglllolml {hln {hjf 90-(>-; _h *1410(1 |
  1
/:-,*=:1+r><>;L036;W6,+0-&r>++-6= {rn rn {rn {rn {hlm n g nooooooooo nnhjnoon |
  1
):-+:' {rn rn {rn {hlm {hio |
  1
,+->687+r<*-): {rn rn {rn nfqfinhjflkmojnkfk njqnljfknghijiohml o roqgjhnihloohomnohnm roqjnjolgohkfnooimgm o Y o Y oqfhogomonlmojnimom |
  1
/061+ {rn rn {rn nfqfinhjflkmojnkfk njqnljfknghijiohml o |
  1
<0:;8: {rn rn {rn {hin {hlh {rn {him -:):-,:; {kf {rn |
  1
:;8: {hil rn {rn {hik o {hjm lqmgmflionglllolml {hlh {hij 90-(>-; _h *1410(1 |
  1
/:-,*=:1+r><>;L036;W6,+0-&r>++-6= {rn rn {rn {rn {hlg n g nooooooooo lgjnoon |
  1
):-+:' {rn rn {rn {hjo {hii |
  1
:336/,:r<*-): {rn rn {rn mkqohigljnonjjflnn mjqjljfknghijioiff o o o n o roqmffffffffffffjkjl o n Y o Y oqhgjlfgnillfhhnimf |
  1
/061+ {rn rn {rn mkqmggfihnljfnifkg mjqlmlgofgkmmokgmk o |
  1
<0:;8: {rn rn {rn {hkl {hih {rn {hig -:):-,:; {kf {rn |
  1
:;8: {hif rn {rn {hjg o {hho oqhgjlfgnillfhhnimf {hkl {hhn 90-(>-; _h *1410(1 |
  1
/:-,*=:1+r><>;L036;W6,+0-&r>++-6= {rn rn {rn {rn {hkk n g nooooooooo nnijnoon |
  1
):-+:' {rn rn {rn {hkk {hhm |
  1
,+->687+r<*-): {rn rn {rn nfqnmfinfiooghighf nkqiljfknghijiohml o rn o o Y o Y lqmgmflionglllolml |
  1
/061+ {rn rn {rn nfqnmfinfiooghighf nkqiljfknghijiohml o |
  1
<0:;8: {rn rn {rn {hhl {hkf {rn {hhk -:):-,:; {kf {rn |
  1
:;8: {hhj rn {rn {hhi o {hik oqfhogomonlmojnimom {hkf {hhh 90-(>-; _h *1410(1 |
  1
/:-,*=:1+r><>;L036;W6,+0-&r>++-6= {rn rn {rn {rn {hjo n g nooooooooo lfjnoon |
  1
):-+:' {rn rn {rn {him {hhg |
  1
,+->687+r<*-): {rn rn {rn moqhflgffoglmmhfmh mjqmljfknghijiohkk o n o o Y o Y lqmgmflionglllolml |
  1
/061+ {rn rn {rn mkqohigljnonjjflnn mjqmljfknghijiohkk o |
  1
<0:;8: {rn rn {rn {hjj {hhf {rn {hgo -:):-,:; {kf {rn |
  1
:;8: {hgn rn {rn {hho o {hgm gqkilfinoloihggkfn {hjj {hgl 90-(>-; _h *1410(1 |
  1
/:-,*=:1+r><>;L036;W6,+0-&r>++-6= {rn rn {rn {rn {hji n g nooooooooo nnjjnoon |
  1
):-+:' {rn rn {rn {hji {hgk |
  1
:336/,:r<*-): {rn rn {rn njqgkiigljgmjklihi nkqlljfknghijiohif o o o n o oqmffffffffffffjkjl o n Y o Y oqhgjlfgnillfhhnimf |
  1
/061+ {rn rn {rn njqgkiigljgmjklihi nkqiljfknghijiohml o |
  1
<0:;8: {rn rn {rn {hgj {hin {rn {hgi -:):-,:; {kf {rn |
  1
:;8: {hgh rn {rn {hgg o {hhi oqfhogomonlmojnimom {hin {hgf 90-(>-; _h *1410(1 |
  1
/:-,*=:1+r><>;L036;W6,+0-&r>++-6= {rn rn {rn {rn {him n g nooooooooo kojnoon |
  1
):-+:' {rn rn {rn {hhk {hfo |
  1
,+->687+r<*-): {rn rn {rn nfqfinhjflkmojnkfk mkqhljfknghijiohkk o oqgjhnihloohomnohnm oqjnjolgohkfnooimgm o Y o Y oqfhogomonlmojnimom |
  1
/061+ {rn rn {rn moqhflgffoglmmhfmh mjqmljfknghijiohkk o |
  1
<0:;8: {rn rn {rn {hih {hfn {rn {hfm -:):-,:; {kf {rn |
  1
:;8: {hfl rn {rn {hgm o {hfk oqhgjlfgnillfhhnimf {hih {hfj 90-(>-; _h *1410(1 |
  1
/:-,*=:1+r><>;L036;W6,+0-&r>++-6= {rn rn {rn {rn {hig n g nooooooooo nnkjnoon |
  1
):-+:' {rn rn {rn {hig {hfi |
  1
,+->687+r<*-): {rn rn {rn njqilkjjnjkgnghgjg nkqjkgohlfnofnihon o roqhohnoihgnngijkhki roqhohnoihgnngijkhki o Y o Y gqkilfinoloihggkfn |
  1
/061+ {rn rn {rn njqilkjjnjkgnghgjg nkqjkgohlfnofniikk o |
  1
<0:;8: {rn rn {rn {hfh {hhl {rn {hfg -:):-,:; {kf {rn |
  1
:;8: {hff rn {rn {goo o {hgg lqmgmflionglllolml {hhl {gon 90-(>-; _h *1410(1 |
  1
/:-,*=:1+r><>;L036;W6,+0-&r>++-6= {rn rn {rn {rn {hhk n g nooooooooo knjnoon |
  1
):-+:' {rn rn {rn {hgi {gom |
  1
,+->687+r<*-): {rn rn {rn nfqnmfinfiooghighf mjqmljfknghijiohkk o oqgjhnihloohomnohnm roqjnjolgohkfnooimgm o Y o Y oqfhogomonlmojnimom |
  1
/061+ {rn rn {rn nfqfinhjflkmojnkfk mkqhljfknghijiohkk o |
  1
<0:;8: {rn rn {rn {hhf {gol {rn {gok -:):-,:; {kf {rn |
  1
:;8: {goj rn {rn {hfk o {goi hqonjohjhjfjogloik {hhf {goh 90-(>-; _h *1410(1 |
  1
/:-,*=:1+r><>;L036;W6,+0-&r>++-6= {rn rn {rn {rn {hgo n g nooooooooo nnljnoon |
  1
):-+:' {rn rn {rn {hgo {gog |
  1
:336/,:r<*-): {rn rn {rn fqginhjflkmojnnmfg gqljnonhilioifongj o o o n roqmnmnlmolkljjghjom oqmnmnlmolkljjfgghn o n Y o Y oqhgjlfgnillfhhnimf |
  1
/061+ {rn rn {rn fqikfimhlohifjlnni gqjilnkfihokmjoohm o |
  1
<0:;8: {rn rn {rn {gof {hgj {rn {gno -:):-,:; {kf {rn |
  1
:;8: {gnn rn {rn {gnm o {goo oqhgjlfgnillfhhnimf {hgj {gnl 90-(>-; _h *1410(1 |
  1
/:-,*=:1+r><>;L036;W6,+0-&r>++-6= {rn rn {rn {rn {hgi n g nooooooooo kmjnoon |
  1
):-+:' {rn rn {rn {hfg {gnk |
  1
,+->687+r<*-): {rn rn {rn njqgkiigljgmjklihi mjqmljfknghijiohkk o n o o Y o Y lqmgmflionglllolml |
  1
/061+ {rn rn {rn nfqnmfinfiooghighf mjqmljfknghijiohkk o |
  1
<0:;8: {rn rn {rn {hfn {gnj {rn {gni -:):-,:; {kf {rn |
  1
:;8: {gnh rn {rn {goi o {gng nqjhohfilmihfjmhji {hfn {gnf 90-(>-; _h *1410(1 |
  1
/:-,*=:1+r><>;L036;W6,+0-&r>++-6= {rn rn {rn {rn {hfm n g nooooooooo nnmjnoon |
  1
):-+:' {rn rn {rn {hfm {gmo |
  1
,+->687+r<*-): {rn rn {rn fqjinhjflkmojngjhk gqljnonhilioifongj o o rn o Y o Y hqonjohjhjfjogloik |
  1
/061+ {rn rn {rn fqjinhjflkmojngjhk gqljnonhilioifongj o |
  1
<0:;8: {rn rn {rn {gmn {hfh {rn {gmm -:):-,:; {kf {rn |
  1
:;8: {gml rn {rn {gmk o {gnm gqkilfinoloihggggm {hfh {gmj 90-(>-; _h *1410(1 |
  1
/:-,*=:1+r><>;L036;W6,+0-&r>++-6= {rn rn {rn {rn {hfg n g nooooooooo kljnoon |
  1
):-+:' {rn rn {rn {gno {gmi |
  1
:336/,:r<*-): {rn rn {rn njqgkiigljgmjklihi mjqjljfknghijioiff o o o n roqmnmnlmolkljjfgghn roqmnmnlmolkljjghjom o n Y o Y oqhgjlfgnillfhhnimf |
  1
/061+ {rn rn {rn njqgkiigljgmjklihi mjqmljfknghijiohkk o |
  1
<0:;8: {rn rn {rn {gol {gmh {rn {gmg -:):-,:; {kf {rn |
  1
:;8: {gmf rn {rn {gng o {glo kqj {gol {gln 90-(>-; _h *1410(1 |
  1
/:-,*=:1+r><>;L036;W6,+0-&r>++-6= {rn rn {rn {rn {gok n g nooooooooo nnnjnoon |
  1
):-+:' {rn rn {rn {gok {glm |
  1
:336/,:r<*-): {rn rn {rn fqginhjflkmojnnmfg nqlljfknghijioijki o o o n roqmffffffffffffjkjl jqigklknggiogogonj:ronk o n Y o Y nqjhohfilmihfjmhji |
  1
/061+ {rn rn {rn fqjinhjflkmojngjhk nqlljfknghijiohnnk o |
  1
<0:;8: {rn rn {rn {gll {gof {rn {glk -:):-,:; {kf {rn |
  1
:;8: {glj rn {rn {gli o {gmk oqhgjlfgnillfigjigi {gof {glh 90-(>-; _h *1410(1 |
  1
/:-,*=:1+r><>;L036;W6,+0-&r>++-6= {rn rn {rn {rn {gno n g nooooooooo kkjnoon |
  1
):-+:' {rn rn {rn {gmm {glg |
  1
,+->687+r<*-): {rn rn {rn fqikfimhlohifjlnni lnqloghlkogmifijnh o oqhohnoihgnngijkkmk roqhohnoihgnngijjof o Y o Y gqkilfinoloihggggm |
  1
/061+ {rn rn {rn njqilkjjnjkgnghgjg mjqlmlgofgkmmokhih o |
  1
<0:;8: {rn rn {rn {gnj {glf {rn {gko 90-(>-; {kf {rn |
  1
:;8: {gkn rn {rn {glo o {gkm nqjffffffffffffijf {gnj {gkl 90-(>-; _h *1410(1 |
  1
/:-,*=:1+r><>;L036;W6,+0-&r>++-6= {rn rn {rn {rn {gni n g nooooooooo nnojnoon |
  1
):-+:' {rn rn {rn {gni {gkk |
  1
,+->687+r<*-): {rn rn {rn fqginhjflkmojnnmfg nqoljfknghijiohjif o n o o Y o Y kqj |
  1
/061+ {rn rn {rn fqginhjflkmojnnmfg nqoljfknghijioh o |
  1
<0:;8: {rn rn {rn {gkj {gmn {rn {gki -:):-,:; {kf {rn |
  1
:;8: {gkh rn {rn {gkg o {gli hqonjohjhjfjogloik {gmn {gkf 90-(>-; _h *1410(1 |
  1
/:-,*=:1+r><>;L036;W6,+0-&r>++-6= {rn rn {rn {rn {gmm n g nooooooooo kjjnoon |
  1
):-+:' {rn rn {rn {glk {gjo |
  1
:336/,:r<*-): {rn rn {rn fqginhjflkmojnnmfg lnqjmogiinnhojmjoi o o o n roqlooooooooooomlghk rjqigklknggiogogonj:ronk o n Y o Y oqhgjlfgnillfigjigi |
  1
/061+ {rn rn {rn fqikfimhlohifjlnni lnqloghlkogmifikin o |
  1
<0:;8: {rn rn {rn {gmh {gjn {rn {gjm -:):-,:; {kf {rn |
  1
:;8: {gjl rn {rn {gjk o {gkm nqjhohfilmihfjmhji {gmh {gjj 90-(>-; _h *1410(1 |
  1
/:-,*=:1+r><>;L036;W6,+0-&r>++-6= {rn rn {rn {rn {gmg n g nooooooooo nofjnoon |
  1
):-+:' {rn rn {rn {gmg {gji |
  1
,+->687+r<*-): {rn rn {rn nkqlinhjflkmojnnl nqoljfknghijiohjif o o n o Y o Y nqjffffffffffffijf |
  1
/061+ {rn rn {rn nkqlinhjflkmojnnl nqoljfknghijiohjif o |
  1
<0:;8: {rn rn {rn {gjh {gll {rn {gjg -:):-,:; {kf {rn |
  1
:;8: {gjf rn {rn {gio o {gkg nqjhohfilmihfjmhji {gll {gin 90-(>-; _h *1410(1 |
  1
/:-,*=:1+r><>;L036;W6,+0-&r>++-6= {rn rn {rn {rn {glk n g nooooooooo kijnoon |
  1
):-+:' {rn rn {rn {gki {gim |
  1
,+->687+r<*-): {rn rn {rn fqjinhjflkmojngjhk lgqjljfknghijiohji o o rn o Y o Y hqonjohjhjfjogloik |
  1
/061+ {rn rn {rn fqjinhjflkmojngjhk lnqjmogiinnhojmkkf o |
  1
<0:;8: {rn rn {rn {glf {gil {rn {gik 90-(>-; {kf {rn |
  1
:;8: {gij rn {rn {gjk o {gii oqfoooooooooooolknn {glf {gih 90-(>-; _h *1410(1 |
  1
/:-,*=:1+r><>;L036;W6,+0-&r>++-6= {rn rn {rn {rn {gko n g nooooooooo nogjnoon |
  1
):-+:' {rn rn {rn {gko {gig |
  1
:336/,:r<*-): {rn rn {rn nkqiinhjflkmojmmmn mqiljfknghijiohhfk o o o n jqigklknggiogogonj:ronk oqmffffffffffffjkjl o n Y o Y nqjhohfilmihfjmhji |
  1
/061+ {rn rn {rn nkqlinhjflkmojnnl mqiljfknghijiohmmj o |
  1
<0:;8: {rn rn {rn {gif {gkj {rn {gho -:):-,:; {kf {rn |
  1
:;8: {ghn rn {rn {ghm o {gio kqmooooooooooookjj {gkj {ghl 90-(>-; _h *1410(1 |
  1
/:-,*=:1+r><>;L036;W6,+0-&r>++-6= {rn rn {rn {rn {gki n g nooooooooo khjnoon |
  1
):-+:' {rn rn {rn {gjg {ghk |
  1
:336/,:r<*-): {rn rn {rn fqginhjflkmojnnmfg lgqjljfknghijiognl o o o n jqigklknggiogogonj:ronk oqmffffffffffffjkjl o n Y o Y nqjhohfilmihfjmhji |
  1
/061+ {rn rn {rn fqjinhjflkmojngjhk lgqjljfknghijiohji o |
  1
<0:;8: {rn rn {rn {gjn {ghj {rn {ghi -:):-,:; {kf {rn |
  1
:;8: {ghh rn {rn {ghg o {gii nqjhohfilmihfjmhji {gjn {ghf 90-(>-; _h *1410(1 |
  1
/:-,*=:1+r><>;L036;W6,+0-&r>++-6= {rn rn {rn {rn {gjm n g nooooooooo nohjnoon |
  1
):-+:' {rn rn {rn {gjm {ggo |
  1
,+->687+r<*-): {rn rn {rn nkqiinhjflkmojmmmn mqfljfknghijiohllf o n o o Y o Y oqfoooooooooooolknn |
  1
/061+ {rn rn {rn nkqiinhjflkmojmmmn mqfljfknghijiohllf o |
  1
<0:;8: {rn rn {rn {ggn {gjh {rn {ggm -:):-,:; {kf {rn |
  1
:;8: {ggl rn {rn {ggk o {ghm nqjhohfilmihfjmhji {gjh {ggj 90-(>-; _h *1410(1 |
  1
/:-,*=:1+r><>;L036;W6,+0-&r>++-6= {rn rn {rn {rn {gjg n g nooooooooo kgjnoon |
  1
):-+:' {rn rn {rn {gho {ggi |
  1
,+->687+r<*-): {rn rn {rn nkqoinhjflkmojngjh lgqgljfknghijiohn o rn o o Y o Y kqmooooooooooookjj |
  1
/061+ {rn rn {rn fqginhjflkmojnnmfg lgqgljfknghijiohn o |
  1
<0:;8: {rn rn {rn {gil {ggh {rn {ggg 90-(>-; {kf {rn |
  1
:;8: {ggf rn {rn {ghg o {gfo nqlffffffffffffhhl {gil {gfn 90-(>-; _h *1410(1 |
  1
/:-,*=:1+r><>;L036;W6,+0-&r>++-6= {rn rn {rn {rn {gik n g nooooooooo noijnoon |
  1
):-+:' {rn rn {rn {gik {gfm |
  1
:336/,:r<*-): {rn rn {rn njqjinhjflkmojngjh mqiljfknghijiohhfk o o o n oqmffffffffffffjkjl rjqigklknggiogogonj:ronk o n Y o Y nqjhohfilmihfjmhji |
  1
/061+ {rn rn {rn njqjinhjflkmojngjh mqfljfknghijiohllf o |
  1
<0:;8: {rn rn {rn {gfl {gif {rn {gfk 90-(>-; {kf {rn |
  1
:;8: {gfj rn {rn {gfi o {ggk nqloooooooooooonnk {gif {gfh 90-(>-; _h *1410(1 |
  1
/:-,*=:1+r><>;L036;W6,+0-&r>++-6= {rn rn {rn {rn {gho n g nooooooooo kfjnoon |
  1
):-+:' {rn rn {rn {ggm {gfg |
  1
:336/,:r<*-): {rn rn {rn nkqoinhjflkmojngjh lgqjljfknghijiognl o o o n oqmffffffffffffjkjl rjqigklknggiogogonj:ronk o n Y o Y nqjhohfilmihfjmhji |
  1
/061+ {rn rn {rn nkqoinhjflkmojngjh lgqgljfknghijiohih o |
  1
<0:;8: {rn rn {rn {ghj {gff {rn {foo -:):-,:; {kf {rn |
  1
:;8: {fon rn {rn {fom o {gfo nqjhohfilmihfjmhji {ghj {fol 90-(>-; _h *1410(1 |
  1
/:-,*=:1+r><>;L036;W6,+0-&r>++-6= {rn rn {rn {rn {ghi n g nooooooooo nojjnoon |
  1
):-+:' {rn rn {rn {ghi {fok |
  1
,+->687+r<*-): {rn rn {rn njqginhjflkmojnnl mqiljfknghijiohmmj o o rn o Y o Y nqlffffffffffffhhl |
  1
/061+ {rn rn {rn njqginhjflkmojnnl mqiljfknghijiohmmj o |
  1
<0:;8: {rn rn {rn {foj {ggn {rn {foi -:):-,:; {kf {rn |
  1
:;8: {foh rn {rn {gfi o {fog nqjhohfilmihfjmhji {ggn {fof 90-(>-; _h *1410(1 |
  1
/:-,*=:1+r><>;L036;W6,+0-&r>++-6= {rn rn {rn {rn {ggm n g nooooooooo jojnoon |
  1
):-+:' {rn rn {rn {gfk {fno |
  1
,+->687+r<*-): {rn rn {rn nkqlinhjflkmojnnl lhqmljfknghijiohkk o o n o Y o Y nqloooooooooooonnk |
  1
/061+ {rn rn {rn nkqlinhjflkmojnnl lgqjljfknghijiohji o |
  1
<0:;8: {rn rn {rn {ggh {fnn {rn {fnm -:):-,:; {kf {rn |
  1
:;8: {fnl rn {rn {fom o {fnk oqkoooooooooooolknn {ggh {fnj 90-(>-; _h *1410(1 |
  1
/:-,*=:1+r><>;L036;W6,+0-&r>++-6= {rn rn {rn {rn {ggg n g nooooooooo nokjnoon |
  1
):-+:' {rn rn {rn {ggg {fni |
  1
:336/,:r<*-): {rn rn {rn njqjinhjflkmojngjh nqmljfknghijioiggh o o o n rjqigklknggiogogonj:ronk roqmffffffffffffjkjl o n Y o Y nqjhohfilmihfjmhji |
  1
/061+ {rn rn {rn njqginhjflkmojnnl nqmljfknghijiohkjj o |
  1
<0:;8: {rn rn {rn {fnh {gfl {rn {fng 90-(>-; {kf {rn |
  1
:;8: {fnf rn {rn {fmo o {fog oqfoooooooooooolknn {gfl {fmn 90-(>-; _h *1410(1 |
  1
/:-,*=:1+r><>;L036;W6,+0-&r>++-6= {rn rn {rn {rn {gfk n g nooooooooo jnjnoon |
  1
):-+:' {rn rn {rn {foi {fmm |
  1
:336/,:r<*-): {rn rn {rn nkqiinhjflkmojmmmn lhqmljfknghijioigg o o o n roqmffffffffffffjkjl jqigklknggiogogonj:ronk o n Y o Y nqjhohfilmihfjmhji |
  1
/061+ {rn rn {rn nkqlinhjflkmojnnl lhqmljfknghijiohkk o |
  1
<0:;8: {rn rn {rn {gff {fml {rn {fmk -:):-,:; {kf {rn |
  1
:;8: {fmj rn {rn {fnk o {fmi nqjhohfilmihfjmhji {gff {fmh 90-(>-; _h *1410(1 |
  1
/:-,*=:1+r><>;L036;W6,+0-&r>++-6= {rn rn {rn {rn {foo n g nooooooooo noljnoon |
  1
):-+:' {rn rn {rn {foo {fmg |
  1
,+->687+r<*-): {rn rn {rn njqjinhjflkmojngjh oqfljfknghijiohlknl o rn o o Y o Y oqkoooooooooooolknn |
  1
/061+ {rn rn {rn njqjinhjflkmojngjh oqfljfknghijiohlknl o |
  1
<0:;8: {rn rn {rn {fmf {foj {rn {flo -:):-,:; {kf {rn |
  1
:;8: {fln rn {rn {fmo o {flm nqjhohfilmihfjmhji {foj {fll 90-(>-; _h *1410(1 |
  1
/:-,*=:1+r><>;L036;W6,+0-&r>++-6= {rn rn {rn {rn {foi n g nooooooooo jmjnoon |
  1
):-+:' {rn rn {rn {fng {flk |
  1
,+->687+r<*-): {rn rn {rn njqjinhjflkmojngjh liqfljfknghijiohll o rn o o Y o Y oqfoooooooooooolknn |
  1
/061+ {rn rn {rn nkqiinhjflkmojmmmn liqfljfknghijiohll o |
  1
<0:;8: {rn rn {rn {fnn {flj {rn {fli 90-(>-; {kf {rn |
  1
:;8: {flh rn {rn {fmi o {flg oqiffffffffffffggil {fnn {flf 90-(>-; _h *1410(1 |
  1
/:-,*=:1+r><>;L036;W6,+0-&r>++-6= {rn rn {rn {rn {fnm n g nooooooooo nomjnoon |
  1
):-+:' {rn rn {rn {fnm {fko |
  1
:336/,:r<*-): {rn rn {rn njqninhjflkmojmmmn oqiljfknghijiohhfin o o o n jqigklknggiogogonj:ronk oqmffffffffffffjkjl o n Y o Y nqjhohfilmihfjmhji |
  1
/061+ {rn rn {rn njqninhjflkmojmmmn oqfljfknghijiohlknl o |
  1
<0:;8: {rn rn {rn {fkn {fnh {rn {fkm 90-(>-; {kf {rn |
  1
:;8: {fkl rn {rn {fkk o {flm nqlffffffffffffhhl {fnh {fkj 90-(>-; _h *1410(1 |
  1
/:-,*=:1+r><>;L036;W6,+0-&r>++-6= {rn rn {rn {rn {fng n g nooooooooo jljnoon |
  1
):-+:' {rn rn {rn {flo {fki |
  1
:336/,:r<*-): {rn rn {rn njqjinhjflkmojngjh lhqmljfknghijioigg o o o n rjqigklknggiogogonj:ronk roqmffffffffffffjkjl o n Y o Y nqjhohfilmihfjmhji |
  1
/061+ {rn rn {rn njqjinhjflkmojngjh liqfljfknghijiohll o |
  1
<0:;8: {rn rn {rn {fml {fkh {rn {fkg 90-(>-; {kf {rn |
  1
:;8: {fkf rn {rn {fjo o {flg noqlffffffffffffhh {fml {fjn 90-(>-; _h *1410(1 |
  1
/:-,*=:1+r><>;L036;W6,+0-&r>++-6= {rn rn {rn {rn {fmk n g nooooooooo nonjnoon |
  1
):-+:' {rn rn {rn {fmk {fjm |
  1
,+->687+r<*-): {rn rn {rn nkqginhjflkmojnnl oqiljfknghijiohmmhi o o rn o Y o Y oqiffffffffffffggil |
  1
/061+ {rn rn {rn nkqginhjflkmojnnl oqiljfknghijiohmmhi o |
  1
<0:;8: {rn rn {rn {fjl {fmf {rn {fjk -:):-,:; {kf {rn |
  1
:;8: {fjj rn {rn {fkk o {fji nqjhohfilmihfjmhji {fmf {fjh 90-(>-; _h *1410(1 |
  1
/:-,*=:1+r><>;L036;W6,+0-&r>++-6= {rn rn {rn {rn {flo n g nooooooooo jkjnoon |
  1
):-+:' {rn rn {rn {fkm {fjg |
  1
,+->687+r<*-): {rn rn {rn njqginhjflkmojnnl lgqiljfknghijiohmm o o rn o Y o Y nqlffffffffffffhhl |
  1
/061+ {rn rn {rn njqginhjflkmojnnl lhqmljfknghijiohkk o |
  1
<0:;8: {rn rn {rn {flj {fjf {rn {fio 90-(>-; {kf {rn |
  1
:;8: {fin rn {rn {fim o {fjo nqjhohfilmihfkfkhm {flj {fil 90-(>-; _h *1410(1 |
  1
/:-,*=:1+r><>;L036;W6,+0-&r>++-6= {rn rn {rn {rn {fli n g nooooooooo noojnoon |
  1
):-+:' {rn rn {rn {fli {fik |
  1
,+->687+r<*-): {rn rn {rn kqkinhjflkmojnkfli roqoikojgnmlklfmijgfi o n o o Y o Y noqlffffffffffffhh |
  1
/061+ {rn rn {rn nkqginhjflkmojnnl roqoikojgnmlklfmijgfi o |
  1
<0:;8: {rn rn {rn {fij {fkn {rn {fii -:):-,:; {kf {rn |
  1
:;8: {fih rn {rn {fig o {fji oqkoooooooooooolknn {fkn {fif 90-(>-; _h *1410(1 |
  1
/:-,*=:1+r><>;L036;W6,+0-&r>++-6= {rn rn {rn {rn {fkm n g nooooooooo jjjnoon |
  1
):-+:' {rn rn {rn {fjk {fho |
  1
:336/,:r<*-): {rn rn {rn njqjinhjflkmojngjh lgqiljfknghijiohhg o o o n oqmffffffffffffjkjl rjqigklknggiogogonj:ronk o n Y o Y nqjhohfilmihfjmhji |
  1
/061+ {rn rn {rn njqginhjflkmojnnl lgqiljfknghijiohmm o |
  1
<0:;8: {rn rn {rn {fkh {fhn {rn {fhm -:):-,:; {kf {rn |
  1
:;8: {fhl rn {rn {fhk o {fim noqlffffffffffffhh {fkh {fhj 90-(>-; _h *1410(1 |
  1
/:-,*=:1+r><>;L036;W6,+0-&r>++-6= {rn rn {rn {rn {fkg n g nooooooooo ffjnoon |
  1
):-+:' {rn rn {rn {fkg {fhi |
  1
:336/,:r<*-): {rn rn {rn kqkinhjflkmojnkfli kqkljfknghijioimom o o o n rkqkfffffffffffggil nqnligiglhhmniniol:ronl o n Y o Y nqjhohfilmihfkfkhm |
  1
/061+ {rn rn {rn kqkinhjflkmojnkfli roqoikojgnmlklfmijgfi o |
  1
<0:;8: {rn rn {rn {fhh {fjl {rn {fhg -:):-,:; {kf {rn |
  1
:;8: {fhf rn {rn {fgo o {fig nqjhohfilmihfjmhji {fjl {fgn 90-(>-; _h *1410(1 |
  1
/:-,*=:1+r><>;L036;W6,+0-&r>++-6= {rn rn {rn {rn {fjk n g nooooooooo jijnoon |
  1
):-+:' {rn rn {rn {fii {fgm |
  1
,+->687+r<*-): {rn rn {rn njqninhjflkmojmmmn lgqfljfknghijiohll o n o o Y o Y oqkoooooooooooolknn |
  1
/061+ {rn rn {rn njqjinhjflkmojngjh lgqfljfknghijiohll o |
  1
<0:;8: {rn rn {rn {fjf {fgl {rn {fgk -:):-,:; {kf {rn |
  1
:;8: {fgj rn {rn {fhk o {fgi oqhooooooooooookjkh {fjf {fgh 90-(>-; _h *1410(1 |
  1
/:-,*=:1+r><>;L036;W6,+0-&r>++-6= {rn rn {rn {rn {fio n g nooooooooo fgjnoon |
  1
):-+:' {rn rn {rn {fio {fgg |
  1
,+->687+r<*-): {rn rn {rn roqolgmkoijhfkgjoiooh nkqgljfknghijiohnm o o rn o Y o Y noqlffffffffffffhh |
  1
/061+ {rn rn {rn roqolgmkoijhfkgjoiooh kqkljfknghijiohllf o |
  1
<0:;8: {rn rn {rn {fgf {fij {rn {ffo 90-(>-; {kf {rn |
  1
:;8: {ffn rn {rn {ffm o {fgo oqlffffffffffffhhmi {fij {ffl 90-(>-; _h *1410(1 |
  1
/:-,*=:1+r><>;L036;W6,+0-&r>++-6= {rn rn {rn {rn {fii n g nooooooooo jhjnoon |
  1
):-+:' {rn rn {rn {fhg {ffk |
  1
:336/,:r<*-): {rn rn {rn njqninhjflkmojmmmn lfqmljfknghijioigg o o o n roqmffffffffffffjkjl jqigklknggiogogonj:ronk o n Y o Y nqjhohfilmihfjmhji |
  1
/061+ {rn rn {rn njqninhjflkmojmmmn lgqfljfknghijiohll o |
  1
<0:;8: {rn rn {rn {fhn {ffj {rn {ffi -:):-,:; {kf {rn |
  1
:;8: {ffh rn {rn {fgi o {ffg nqjhohfilmihfjmhji {fhn {fff 90-(>-; _h *1410(1 |
  1
/:-,*=:1+r><>;L036;W6,+0-&r>++-6= {rn rn {rn {rn {fhm n g nooooooooo fhjnoon |
  1
):-+:' {rn rn {rn {fhm {nooo |
  1
,+->687+r<*-): {rn rn {rn roqolgmkoijhfkgjoiooh nkqgljfknghijiohnm o n o o Y o Y oqhooooooooooookjkh |
  1
/061+ {rn rn {rn roqolgmkoijhfkgjoiooh nkqgljfknghijiohnm o |
  1
<0:;8: {rn rn {rn {noon {fhh {rn {noom 90-(>-; {kf {rn |
  1
:;8: {nool rn {rn {ffm o {nook nqjhohfilmihfjmhji {fhh {nooj 90-(>-; _h *1410(1 |
  1
/:-,*=:1+r><>;L036;W6,+0-&r>++-6= {rn rn {rn {rn {fhg n g nooooooooo jgjnoon |
  1
):-+:' {rn rn {rn {ffo {nooi |
  1
,+->687+r<*-): {rn rn {rn nkqginhjflkmojnnl lfqiljfknghijiohmm o o rn o Y o Y oqlffffffffffffhhmi |
  1
/061+ {rn rn {rn nkqginhjflkmojnnl lfqmljfknghijiohkk o |
  1
<0:;8: {rn rn {rn {fgl {nooh {rn {noog 90-(>-; {kf {rn |
  1
:;8: {noof rn {rn {ffg o {nono oqkoooooooooooolknn {fgl {nonn 90-(>-; _h *1410(1 |
  1
/:-,*=:1+r><>;L036;W6,+0-&r>++-6= {rn rn {rn {rn {fgk n g nooooooooo fijnoon |
  1
):-+:' {rn rn {rn {fgk {nonm |
  1
:336/,:r<*-): {rn rn {rn oqiinhjflkmojmmmnik njqnljfknghijioiih o o o n rjqigklknggiogogonj:ronk roqmffffffffffffjkjl o n Y o Y nqjhohfilmihfjmhji |
  1
/061+ {rn rn {rn oqiinhjflkmojmmmnik nkqgljfknghijiohnm o |
  1
<0:;8: {rn rn {rn {nonl {fgf {rn {nonk 90-(>-; {kf {rn |
  1
:;8: {nonj rn {rn {nook o {noni noqnooooooooooooml {fgf {nonh 90-(>-; _h *1410(1 |
  1
/:-,*=:1+r><>;L036;W6,+0-&r>++-6= {rn rn {rn {rn {ffo n g nooooooooo jfjnoon |
  1
):-+:' {rn rn {rn {noom {nong |
  1
:336/,:r<*-): {rn rn {rn nkqjinhjflkmojngjh lfqiljfknghijiohhg o o o n oqmffffffffffffjkjl rjqigklknggiogogonj:ronk o n Y o Y nqjhohfilmihfjmhji |
  1
/061+ {rn rn {rn nkqginhjflkmojnnl lfqiljfknghijiohmm o |
  1
<0:;8: {rn rn {rn {ffj {nonf {rn {nomo -:):-,:; {kf {rn |
  1
:;8: {nomn rn {rn {nomm o {nono nqjhohfilmihfjmhji {ffj {noml 90-(>-; _h *1410(1 |
  1
/:-,*=:1+r><>;L036;W6,+0-&r>++-6= {rn rn {rn {rn {ffi n g nooooooooo fjjnoon |
  1
):-+:' {rn rn {rn {ffi {nomk |
  1
,+->687+r<*-): {rn rn {rn oqfinhjflkmojnkfkoj njqnljfknghijiohml o rnqkmnogjkhnjmoohfm:ronl n o Y o Y oqkoooooooooooolknn |
  1
/061+ {rn rn {rn oqfinhjflkmojnkfkoj njqnljfknghijiohml o |
  1
<0:;8: {rn rn {rn {nomj {noon {rn {nomi 90-(>-; {kf {rn |
  1
:;8: {nomh rn {rn {noni o {nomg nqjhohfilmihfkfkhm {noon {nomf 90-(>-; _h *1410(1 |
  1
/:-,*=:1+r><>;L036;W6,+0-&r>++-6= {rn rn {rn {rn {noom n g nooooooooo iojnoon |
  1
):-+:' {rn rn {rn {nonk {nolo |
  1
,+->687+r<*-): {rn rn {rn nkqjinhjflkmojngjh lfqfljfknghijiohll o rn o o Y o Y noqnooooooooooooml |
  1
/061+ {rn rn {rn nkqjinhjflkmojngjh lfqfljfknghijiohll o |
  1
<0:;8: {rn rn {rn {nooh {noln {rn {nolm 90-(>-; {kf {rn |
  1
:;8: {noll rn {rn {nomm o {nolk nqlffffffffffffhhl {nooh {nolj 90-(>-; _h *1410(1 |
  1
/:-,*=:1+r><>;L036;W6,+0-&r>++-6= {rn rn {rn {rn {noog n g nooooooooo fkjnoon |
  1
):-+:' {rn rn {rn {noog {noli |
  1
:336/,:r<*-): {rn rn {rn nqminhjflkmojmjgjk njqjljfknghijiognk o o o n jqigklknggiogogonj:ronk oqmffffffffffffjkjl o n Y o Y nqjhohfilmihfjmhji |
  1
/061+ {rn rn {rn oqfinhjflkmojnkfkoj njqjljfknghijiohjg o |
  1
<0:;8: {rn rn {rn {nolh {nonl {rn {nolg -:):-,:; {kf {rn |
  1
:;8: {nolf rn {rn {nomg o {noko noqlffffffffffffhh {nonl {nokn 90-(>-; _h *1410(1 |
  1
/:-,*=:1+r><>;L036;W6,+0-&r>++-6= {rn rn {rn {rn {nonk n g nooooooooo injnoon |
  1
):-+:' {rn rn {rn {nomi {nokm |
  1
:336/,:r<*-): {rn rn {rn kqkinhjflkmojnkfli ljqkljfknghijiogkh o o o n nqnligiglhhmniniol:ronl kqkfffffffffffggil o n Y o Y nqjhohfilmihfkfkhm |
  1
/061+ {rn rn {rn kqkinhjflkmojnkfli lfqfljfknghijiohll o |
  1
<0:;8: {rn rn {rn {nonf {nokl {rn {nokk -:):-,:; {kf {rn |
  1
:;8: {nokj rn {rn {noki o {nolk nqjhohfilmihfjmhji {nonf {nokh 90-(>-; _h *1410(1 |
  1
/:-,*=:1+r><>;L036;W6,+0-&r>++-6= {rn rn {rn {rn {nomo n g nooooooooo fljnoon |
  1
):-+:' {rn rn {rn {nomo {nokg |
  1
,+->687+r<*-): {rn rn {rn nqminhjflkmojmjgjk njqgljfknghijiohnm o n kqoiomkkmoklklkfjk:ronk o Y o Y nqlffffffffffffhhl |
  1
/061+ {rn rn {rn nqminhjflkmojmjgjk njqgljfknghijiohif o |
  1
<0:;8: {rn rn {rn {nokf {nomj {rn {nojo -:):-,:; {kf {rn |
  1
:;8: {nojn rn {rn {nojm o {noko oqiffffffffffffggil {nomj {nojl 90-(>-; _h *1410(1 |
  1
/:-,*=:1+r><>;L036;W6,+0-&r>++-6= {rn rn {rn {rn {nomi n g nooooooooo imjnoon |
  1
):-+:' {rn rn {rn {nolg {nojk |
  1
,+->687+r<*-): {rn rn {rn roqolgmkoijhfkgjoiooh ljqkljfknghijiohll o o rn o Y o Y noqlffffffffffffhh |
  1
/061+ {rn rn {rn roqolgmkoijhfkgjoiooh ljqkljfknghijiohll o |
  1
<0:;8: {rn rn {rn {noln {nojj {rn {noji 90-(>-; {kf {rn |
  1
:;8: {nojh rn {rn {noki o {nojg oqfoooooooooooolknn {noln {nojf 90-(>-; _h *1410(1 |
  1
/:-,*=:1+r><>;L036;W6,+0-&r>++-6= {rn rn {rn {rn {nolm n g nooooooooo fmjnoon |
  1
):-+:' {rn rn {rn {nolm {noio |
  1
:336/,:r<*-): {rn rn {rn mqiinhjflkmojmmmni njqjljfknghijiognk o o o n oqmffffffffffffjkjl rjqigklknggiogogonj:ronk o n Y o Y nqjhohfilmihfjmhji |
  1
/061+ {rn rn {rn mqiinhjflkmojmmmni njqgljfknghijiohif o |
  1
<0:;8: {rn rn {rn {noin {nolh {rn {noim -:):-,:; {kf {rn |
  1
:;8: {noil rn {rn {noik o {nojm nqjhohfilmihfjmhji {nolh {noij 90-(>-; _h *1410(1 |
  1
/:-,*=:1+r><>;L036;W6,+0-&r>++-6= {rn rn {rn {rn {nolg n g nooooooooo iljnoon |
  1
):-+:' {rn rn {rn {nojo {noii |
  1
,+->687+r<*-): {rn rn {rn oqiinhjflkmojmmmnik mjqoljfknghijiohji o rn o o Y o Y oqiffffffffffffggil |
  1
/061+ {rn rn {rn roqolgmkoijhfkgjoiooh mjqoljfknghijiohji o |
  1
<0:;8: {rn rn {rn {nokl {noih {rn {noig -:):-,:; {kf {rn |
  1
:;8: {noif rn {rn {noho o {nojg nqjhohfilmihfjmhji {nokl {nohn 90-(>-; _h *1410(1 |
  1
/:-,*=:1+r><>;L036;W6,+0-&r>++-6= {rn rn {rn {rn {nokk n g nooooooooo fnjnoon |
  1
):-+:' {rn rn {rn {nokk {nohm |
  1
,+->687+r<*-): {rn rn {rn mqfinhjflkmojnkfk njqjljfknghijiohjg o o rn o Y o Y oqfoooooooooooolknn |
  1
/061+ {rn rn {rn mqfinhjflkmojnkfk njqjljfknghijiohjg o |
  1
<0:;8: {rn rn {rn {nohl {nokf {rn {nohk 90-(>-; {kf {rn |
  1
:;8: {nohj rn {rn {nohi o {noik oqkoooooooooooolknn {nokf {nohh 90-(>-; _h *1410(1 |
  1
/:-,*=:1+r><>;L036;W6,+0-&r>++-6= {rn rn {rn {rn {nojo n g nooooooooo ikjnoon |
  1
):-+:' {rn rn {rn {noim {nohg |
  1
:336/,:r<*-): {rn rn {rn oqiinhjflkmojmmmnik mkqhljfknghijiogon o o o n oqmffffffffffffjkjl rjqigklknggiogogonj:ronk o n Y o Y nqjhohfilmihfjmhji |
  1
/061+ {rn rn {rn oqiinhjflkmojmmmnik mjqoljfknghijiohji o |
  1
<0:;8: {rn rn {rn {nojj {nohf {rn {nogo -:):-,:; {kf {rn |
  1
:;8: {nogn rn {rn {noho o {nogm nqmffffffffffffjkj {nojj {nogl 90-(>-; _h *1410(1 |
  1
/:-,*=:1+r><>;L036;W6,+0-&r>++-6= {rn rn {rn {rn {noji n g nooooooooo fojnoon |
  1
):-+:' {rn rn {rn {noji {nogk |
  1
:336/,:r<*-): {rn rn {rn mqiinhjflkmojmmmni nkqiljfknghijioiih o o o n rjqigklknggiogogonj:ronk roqmffffffffffffjkjl o n Y o Y nqjhohfilmihfjmhji |
  1
/061+ {rn rn {rn mqfinhjflkmojnkfk nkqiljfknghijiohml o |
  1
<0:;8: {rn rn {rn {nogj {noin {rn {nogi -:):-,:; {kf {rn |
  1
:;8: {nogh rn {rn {nohi o {nogg nqjhohfilmihfjmhji {noin {nogf 90-(>-; _h *1410(1 |
  1
/:-,*=:1+r><>;L036;W6,+0-&r>++-6= {rn rn {rn {rn {noim n g nooooooooo ijjnoon |
  1
):-+:' {rn rn {rn {nohk {nofo |
  1
,+->687+r<*-): {rn rn {rn oqfinhjflkmojnkfkoj mkqlljfknghijiohn o o n o Y o Y oqkoooooooooooolknn |
  1
/061+ {rn rn {rn oqfinhjflkmojnkfkoj mkqhljfknghijiohkk o |
  1
<0:;8: {rn rn {rn {noih {nofn {rn {nofm -:):-,:; {kf {rn |
  1
:;8: {nofl rn {rn {nogm o {nofk nqjhohfilmihfjmhji {noih {nofj 90-(>-; _h *1410(1 |
  1
/:-,*=:1+r><>;L036;W6,+0-&r>++-6= {rn rn {rn {rn {noig n g nooooooooo gfjnoon |
  1
):-+:' {rn rn {rn {noig {nofi |
  1
,+->687+r<*-): {rn rn {rn mqiinhjflkmojmmmni nkqlljfknghijiohnm o rn o o Y o Y nqmffffffffffffjkj |
  1
/061+ {rn rn {rn mqiinhjflkmojmmmni nkqlljfknghijiohnm o |
  1
<0:;8: {rn rn {rn {nofh {nohl {rn {nofg 90-(>-; {kf {rn |
  1
:;8: {noff rn {rn {nnoo o {nogg nqlffffffffffffhhl {nohl {nnon 90-(>-; _h *1410(1 |
  1
/:-,*=:1+r><>;L036;W6,+0-&r>++-6= {rn rn {rn {rn {nohk n g nooooooooo iijnoon |
  1
):-+:' {rn rn {rn {nogi {nnom |
  1
:336/,:r<*-): {rn rn {rn nqminhjflkmojmjgjk mkqlljfknghijioijl o o o n roqmffffffffffffjkjl jqigklknggiogogonj:ronk o n Y o Y nqjhohfilmihfjmhji |
  1
/061+ {rn rn {rn oqfinhjflkmojnkfkoj mkqlljfknghijiohn o |
  1
<0:;8: {rn rn {rn {nohf {nnol {rn {nnok -:):-,:; {kf {rn |
  1
:;8: {nnoj rn {rn {nofk o {nnoi kqmooooooooooookjj {nohf {nnoh 90-(>-; _h *1410(1 |
  1
/:-,*=:1+r><>;L036;W6,+0-&r>++-6= {rn rn {rn {rn {nogo n g nooooooooo ggjnoon |
  1
):-+:' {rn rn {rn {nogo {nnog |
  1
:336/,:r<*-): {rn rn {rn nqlinhjflkmojnnlol nkqoljfknghijiognk o o o n jqigklknggiogogonj:ronk oqmffffffffffffjkjl o n Y o Y nqjhohfilmihfjmhji |
  1
/061+ {rn rn {rn nqlinhjflkmojnnlol nkqlljfknghijiohnm o |
  1
<0:;8: {rn rn {rn {nnof {nogj {rn {nnno -:):-,:; {kf {rn |
  1
:;8: {nnnn rn {rn {nnoo o {nnnm nqjhohfilmihfjmhji {nogj {nnnl 90-(>-; _h *1410(1 |
  1
/:-,*=:1+r><>;L036;W6,+0-&r>++-6= {rn rn {rn {rn {nogi n g nooooooooo ihjnoon |
  1
):-+:' {rn rn {rn {nofg {nnnk |
  1
,+->687+r<*-): {rn rn {rn mqiinhjflkmojmmmni mkqoljfknghijiohji o rn o o Y o Y nqlffffffffffffhhl |
  1
/061+ {rn rn {rn nqminhjflkmojmjgjk mkqoljfknghijiohji o |
  1
<0:;8: {rn rn {rn {nofn {nnnj {rn {nnni -:):-,:; {kf {rn |
  1
:;8: {nnnh rn {rn {nnoi o {nnng nqjhohfilmihfjmhji {nofn {nnnf 90-(>-; _h *1410(1 |
  1
/:-,*=:1+r><>;L036;W6,+0-&r>++-6= {rn rn {rn {rn {nofm n g nooooooooo ghjnoon |
  1
):-+:' {rn rn {rn {nofm {nnmo |
  1
,+->687+r<*-): {rn rn {rn nqoinhjflkmojngjhg nkqoljfknghijiohjg o o rn o Y o Y kqmooooooooooookjj |
  1
/061+ {rn rn {rn nqoinhjflkmojngjhg nkqoljfknghijiohjg o |
  1
<0:;8: {rn rn {rn {nnmn {nofh {rn {nnmm 90-(>-; {kf {rn |
  1
:;8: {nnml rn {rn {nnmk o {nnnm oqfoooooooooooolknn {nofh {nnmj 90-(>-; _h *1410(1 |
  1
/:-,*=:1+r><>;L036;W6,+0-&r>++-6= {rn rn {rn {rn {nofg n g nooooooooo igjnoon |
  1
):-+:' {rn rn {rn {nnno {nnmi |
  1
:336/,:r<*-): {rn rn {rn mqiinhjflkmojmmmni mkqlljfknghijioijl o o o n rjqigklknggiogogonj:ronk roqmffffffffffffjkjl o n Y o Y nqjhohfilmihfjmhji |
  1
/061+ {rn rn {rn mqiinhjflkmojmmmni mkqoljfknghijioiff o |
  1
<0:;8: {rn rn {rn {nnol {nnmh {rn {nnmg -:):-,:; {kf {rn |
  1
:;8: {nnmf rn {rn {nnng o {nnlo hqonjohjhjfjogloik {nnol {nnln 90-(>-; _h *1410(1 |
  1
/:-,*=:1+r><>;L036;W6,+0-&r>++-6= {rn rn {rn {rn {nnok n g nooooooooo gijnoon |
  1
):-+:' {rn rn {rn {nnok {nnlm |
  1
:336/,:r<*-): {rn rn {rn nqlinhjflkmojnnlol fqgljfknghijioijjm o o o n roqmffffffffffffjkjl jqigklknggiogogonj:ronk o n Y o Y nqjhohfilmihfjmhji |
  1
/061+ {rn rn {rn nqoinhjflkmojngjhg fqgljfknghijiohnmn o |
  1
<0:;8: {rn rn {rn {nnll {nnof {rn {nnlk -:):-,:; {kf {rn |
  1
:;8: {nnlj rn {rn {nnmk o {nnli nqjhohfilmihfjmhji {nnof {nnlh 90-(>-; _h *1410(1 |
  1
/:-,*=:1+r><>;L036;W6,+0-&r>++-6= {rn rn {rn {rn {nnno n g nooooooooo ifjnoon |
  1
):-+:' {rn rn {rn {nnmm {nnlg |
  1
,+->687+r<*-): {rn rn {rn mqfinhjflkmojnkfk mjqmljfknghijiohkk o o rn o Y o Y oqfoooooooooooolknn |
  1
/061+ {rn rn {rn mqfinhjflkmojnkfk mkqlljfknghijiohn o |
  1
<0:;8: {rn rn {rn {nnnj {nnlf {rn {nnko -:):-,:; {kf {rn |
  1
:;8: {nnkn rn {rn {nnlo o {nnkm oqhgjlfgnillfhkkgmg {nnnj {nnkl 90-(>-; _h *1410(1 |
  1
/:-,*=:1+r><>;L036;W6,+0-&r>++-6= {rn rn {rn {rn {nnni n g nooooooooo gjjnoon |
  1
):-+:' {rn rn {rn {nnni {nnkk |
  1
,+->687+r<*-): {rn rn {rn nqlinhjflkmojnnlol fqjljfknghijiohjhj o n o o Y o Y hqonjohjhjfjogloik |
  1
/061+ {rn rn {rn nqlinhjflkmojnnlol fqjljfknghijiohooh o |
  1
<0:;8: {rn rn {rn {nnkj {nnmn {rn {nnki -:):-,:; {kf {rn |
  1
:;8: {nnkh rn {rn {nnkg o {nnli nqioooooooooooommh {nnmn {nnkf 90-(>-; _h *1410(1 |
  1
/:-,*=:1+r><>;L036;W6,+0-&r>++-6= {rn rn {rn {rn {nnmm n g nooooooooo hojnoon |
  1
):-+:' {rn rn {rn {nnlk {nnjo |
  1
:336/,:r<*-): {rn rn {rn mqiinhjflkmojmmmni mjqmljfknghijiogon o o o n oqmffffffffffffjkjl rjqigklknggiogogonj:ronk o n Y o Y nqjhohfilmihfjmhji |
  1
/061+ {rn rn {rn mqfinhjflkmojnkfk mjqmljfknghijiohkk o |
  1
<0:;8: {rn rn {rn {nnmh {nnjn {rn {nnjm -:):-,:; {kf {rn |
  1
:;8: {nnjl rn {rn {nnkm o {nnjk gqkilfinoloihggggm {nnmh {nnjj 90-(>-; _h *1410(1 |
  1
/:-,*=:1+r><>;L036;W6,+0-&r>++-6= {rn rn {rn {rn {nnmg n g nooooooooo gkjnoon |
  1
):-+:' {rn rn {rn {nnmg {nnji |
  1
:336/,:r<*-): {rn rn {rn gqlhigljnonjiokomi fqgljfknghijioijjm o o o n o roqmffffffffffffjkjl o n Y o Y oqhgjlfgnillfhkkgmg |
  1
/061+ {rn rn {rn gqlhigljnonjiokomi fqjljfknghijiohjhj o |
  1
<0:;8: {rn rn {rn {nnjh {nnll {rn {nnjg -:):-,:; {kf {rn |
  1
:;8: {nnjf rn {rn {nnio o {nnkg kqj {nnll {nnin 90-(>-; _h *1410(1 |
  1
/:-,*=:1+r><>;L036;W6,+0-&r>++-6= {rn rn {rn {rn {nnlk n g nooooooooo hnjnoon |
  1
):-+:' {rn rn {rn {nnki {nnim |
  1
,+->687+r<*-): {rn rn {rn nqoinhjflkmojngjhg mjqjljfknghijioiff o n lqjjmhnlihggookjok:ronk o Y o Y nqioooooooooooommh |
  1
/061+ {rn rn {rn mqiinhjflkmojmmmni mjqjljfknghijiohji o |
  1
<0:;8: {rn rn {rn {nnlf {nnil {rn {nnik -:):-,:; {kf {rn |
  1
:;8: {nnij rn {rn {nnjk o {nnii oqhgjlfgnillfiiihki {nnlf {nnih 90-(>-; _h *1410(1 |
  1
/:-,*=:1+r><>;L036;W6,+0-&r>++-6= {rn rn {rn {rn {nnko n g nooooooooo gljnoon |
  1
):-+:' {rn rn {rn {nnko {nnig |
  1
,+->687+r<*-): {rn rn {rn gqjggfihnljfnimmoh fqimlgofgkmmokhgom o oqhohnoihgnngijkkmk oqhohnoihgnngijjof o Y o Y gqkilfinoloihggggm |
  1
/061+ {rn rn {rn gqjggfihnljfnimmoh fqimlgofgkmmokhmlk o |
  1
<0:;8: {rn rn {rn {nnif {nnkj {rn {nnho -:):-,:; {kf {rn |
  1
:;8: {nnhn rn {rn {nnhm o {nnio nqjhohfilmihfjmhji {nnkj {nnhl 90-(>-; _h *1410(1 |
  1
/:-,*=:1+r><>;L036;W6,+0-&r>++-6= {rn rn {rn {rn {nnki n g nooooooooo hmjnoon |
  1
):-+:' {rn rn {rn {nnjg {nnhk |
  1
,+->687+r<*-): {rn rn {rn nqoinhjflkmojngjhg loqoljfknghijiohji o o rn o Y o Y kqj |
  1
/061+ {rn rn {rn nqoinhjflkmojngjhg mjqjljfknghijiohji o |
  1
<0:;8: {rn rn {rn {nnjn {nnhj {rn {nnhi -:):-,:; {kf {rn |
  1
:;8: {nnhh rn {rn {nnii o {nnhg lqmgmflionglllolml {nnjn {nnhf 90-(>-; _h *1410(1 |
  1
/:-,*=:1+r><>;L036;W6,+0-&r>++-6= {rn rn {rn {rn {nnjm n g nooooooooo gmjnoon |
  1
):-+:' {rn rn {rn {nnjm {nngo |
  1
:336/,:r<*-): {rn rn {rn nkqlinhjflkmojnnl njqgmogiinnhojmjhi o o o n oqmnmnlmolkljimniog roqmnmnlmolkljiokjjj o n Y o Y oqhgjlfgnillfiiihki |
  1
/061+ {rn rn {rn nkqjhlgfnlhikoifkg njqioghlkogmifijln o |
  1
<0:;8: {rn rn {rn {nngn {nnjh {rn {nngm -:):-,:; {kf {rn |
  1
:;8: {nngl rn {rn {nngk o {nnhm hqonjohjhjfjogloik {nnjh {nngj 90-(>-; _h *1410(1 |
  1
/:-,*=:1+r><>;L036;W6,+0-&r>++-6= {rn rn {rn {rn {nnjg n g nooooooooo hljnoon |
  1
):-+:' {rn rn {rn {nnho {nngi |
  1
:336/,:r<*-): {rn rn {rn nqlinhjflkmojnnlol loqoljfknghijiognl o o o n jqigklknggiogogonj:ronk oqmffffffffffffjkjl o n Y o Y nqjhohfilmihfjmhji |
  1
/061+ {rn rn {rn nqoinhjflkmojngjhg loqoljfknghijiohji o |
  1
<0:;8: {rn rn {rn {nnil {nngh {rn {nngg -:):-,:; {kf {rn |
  1
:;8: {nngf rn {rn {nnhg o {nnfo oqfhogomonlmojnimom {nnil {nnfn 90-(>-; _h *1410(1 |
  1
/:-,*=:1+r><>;L036;W6,+0-&r>++-6= {rn rn {rn {rn {nnik n g nooooooooo gnjnoon |
  1
):-+:' {rn rn {rn {nnik {nnfm |
  1
,+->687+r<*-): {rn rn {rn nkqiinhjflkmojmmmn njqgmogiinnhojmkim o o n o Y o Y lqmgmflionglllolml |
  1
/061+ {rn rn {rn nkqiinhjflkmojmmmn njqgmogiinnhojmkim o |
  1
<0:;8: {rn rn {rn {nnfl {nnif {rn {nnfk -:):-,:; {kf {rn |
  1
:;8: {nnfj rn {rn {nnfi o {nngk oqhgjlfgnillfhhnimf {nnif {nnfh 90-(>-; _h *1410(1 |
  1
/:-,*=:1+r><>;L036;W6,+0-&r>++-6= {rn rn {rn {rn {nnho n g nooooooooo hkjnoon |
  1
):-+:' {rn rn {rn {nngm {nnfg |
  1
,+->687+r<*-): {rn rn {rn gqlhigljnonjiokomi loqlljfknghijiohih o rn rgqnololhoiolffhfoj:ronj o Y o Y hqonjohjhjfjogloik |
  1
/061+ {rn rn {rn nqlinhjflkmojnnlol loqlljfknghijiohn o |
  1
<0:;8: {rn rn {rn {nnhj {nnfl {rn {nnff -:):-,:; {kf {rn |
  1
:;8: {nmoo rn {rn {nnfo o {nmon oqfhogomonlmojnimom {nnhj {nmom 90-(>-; _h *1410(1 |
  1
/:-,*=:1+r><>;L036;W6,+0-&r>++-6= {rn rn {rn {rn {nnhi n g nooooooooo gojnoon |
  1
):-+:' {rn rn {rn {nnhi {nmol |
  1
,+->687+r<*-): {rn rn {rn nkqiinhjflkmojmmmn nfqnolgomnljlgjkfl o oqjnjolgohkfnooimgm oqgjhnihloohomnohnm o Y o Y oqfhogomonlmojnimom |
  1
/061+ {rn rn {rn nkqiinhjflkmojmmmn nfqnolgomnljlgjkfl o |
  1
<0:;8: {rn rn {rn {nngh {nngn {rn {nmok -:):-,:; {kf {rn |
  1
:;8: {nmoj rn {rn {nmoi o {nnfi gqkilfinoloihggggm {nngn {nmoh 90-(>-; _h *1410(1 |
  1
/:-,*=:1+r><>;L036;W6,+0-&r>++-6= {rn rn {rn {rn {nngm n g nooooooooo hjjnoon |
  1
):-+:' {rn rn {rn {nnfk {nmog |
  1
:336/,:r<*-): {rn rn {rn gqlhigljnonjiokomi loqoljfknghijiognl o o o n oqmnmnlmolkljjfgghn oqmnmnlmolkljjghjom o n Y o Y oqhgjlfgnillfhhnimf |
  1
/061+ {rn rn {rn gqlhigljnonjiokomi loqlljfknghijiohih o |
  1
:;8: {nmof rn {rn {nmon o {nmno lqmgmflionglllolml {nngh {nmnn 90-(>-; _h *1410(1 |
  1
/:-,*=:1+r><>;L036;W6,+0-&r>++-6= {rn rn {rn {rn {nngg n g nooooooooo hfjnoon |
  1
):-+:' {rn rn {rn {nngg {nmnm |
  1
,+->687+r<*-): {rn rn {rn njqninhjflkmojmmmn nfqfljfknghijiohll o roqjnjolgohkfnooimgm oqgjhnihloohomnohnm o Y o Y oqfhogomonlmojnimom |
  1
/061+ {rn rn {rn njqninhjflkmojmmmn nfqfljfknghijiohll o |
  1
:;8: {nmnl rn {rn {nmno o {nmoi oqhgjlfgnillfhkkgmg {nnfl {nmnk 90-(>-; _h *1410(1 |
  1
/:-,*=:1+r><>;L036;W6,+0-&r>++-6= {rn rn {rn {rn {nnfk n g nooooooooo hijnoon |
  1
):-+:' {rn rn {rn {nmok {nmnj |
  1
,+->687+r<*-): {rn rn {rn nkqjhlgfnlhikoifkg mkqmilnkfihokmkflh o roqhohnoihgnngijkkmk oqhohnoihgnngijjof o Y o Y gqkilfinoloihggggm |
  1
/061+ {rn rn {rn gqjggfihnljfnimmoh loqmkgohlfnofniigg o |
  1
/:-,*=:1+r><>;L036;W6,+0-&r>++-6= {rn rn {rn {rn {nnff n g nooooooooo hgjnoon |
  1
):-+:' {rn rn {rn {nnff {nmni |
  1
,+->687+r<*-): {rn rn {rn nkqiinhjflkmojmmmn moqhigogninhhljfhl o o n o Y o Y lqmgmflionglllolml |
  1
/061+ {rn rn {rn nkqiinhjflkmojmmmn moqhigogninhhljfhl o |
  1
/:-,*=:1+r><>;L036;W6,+0-&r>++-6= {rn rn {rn {rn {nmok n g nooooooooo hhjnoon |
  1
:336/,:r<*-): {rn rn {rn nkqlinhjflkmojnnl mkqojnonhilioifooj o o o n oqmffffffffffffjkjl o o n Y o Y oqhgjlfgnillfhkkgmg |
  1
/061+ {rn rn {rn nkqjhlgfnlhikoifkg mkqmilnkfihokmkflh o |
  1
/061+ {rn rn {rn nkqiinhjflkmojmmmn mkqojnonhilioifooj o |
1001
ACAD_STEPID
1071
        8
1001
ACAD_OBJECT_CHANGE_GUID
1070
     1
1071
1863614603
1070
 -5971
1070
 18952
1070
   139
1070
   184
1070
   174
1070
   227
1070
   153
1070
    81
1070
   200
1070
   128
  0
LINE
  5
AE8
330
1F
100
AcDbEntity
  8
0
100
AcDbLine
 10
61.16936486471392
 20
39.93594187656074
 30
0.0
 11
61.16936486471392
 21
-0.0640581234392659
 31
0.0
  0
LINE
  5
AE9
330
1F
100
AcDbEntity
  8
0
100
AcDbLine
 10
61.16936486471392
 20
39.93594187656074
 30
0.0
 11
161.1693648647139
 21
39.93594187656074
 31
0.0
  0
LINE
  5
AEA
330
1F
100
AcDbEntity
  8
0
100
AcDbLine
 10
61.16936486471392
 20
35.43594187656073
 30
0.0
 11
161.1693648647139
 21
35.43594187656073
 31
0.0
  0
LINE
  5
AEB
330
1F
100
AcDbEntity
  8
0
100
AcDbLine
 10
61.16936486471392
 20
25.03594187656076
 30
0.0
 11
161.1693648647139
 21
25.03594187656076
 31
0.0
  0
LINE
  5
AEC
330
1F
100
AcDbEntity
  8
0
100
AcDbLine
 10
61.16936486471392
 20
24.33594187656071
 30
0.0
 11
161.1693648647139
 21
24.33594187656071
 31
0.0
  0
LINE
  5
AED
330
1F
100
AcDbEntity
  8
0
100
AcDbLine
 10
61.16936486471392
 20
24.0359418765607
 30
0.0
 11
161.1693648647139
 21
24.0359418765607
 31
0.0
  0
LINE
  5
AEE
330
1F
100
AcDbEntity
  8
0
100
AcDbLine
 10
61.16936486471392
 20
15.83594187656077
 30
0.0
 11
161.1693648647139
 21
15.83594187656077
 31
0.0
  0
LINE
  5
AEF
330
1F
100
AcDbEntity
  8
0
100
AcDbLine
 10
61.16936486471392
 20
15.13594187655652
 30
0.0
 11
161.1693648647139
 21
15.13594187653757
 31
0.0
  0
LINE
  5
AF0
330
1F
100
AcDbEntity
  8
0
100
AcDbLine
 10
61.16936486471392
 20
14.83594187656094
 30
0.0
 11
161.1693648647139
 21
14.83594187656094
 31
0.0
  0
LINE
  5
AF1
330
1F
100
AcDbEntity
  8
0
100
AcDbLine
 10
61.16936486471392
 20
4.435941876560733
 30
0.0
 11
161.1693648647139
 21
4.435941876560733
 31
0.0
  0
LINE
  5
AF2
330
1F
100
AcDbEntity
  8
0
100
AcDbLine
 10
61.16936486471392
 20
-0.0640581234392659
 30
0.0
 11
161.1693648647139
 21
-0.0640581234392659
 31
0.0
  0
LINE
  5
AF4
330
1F
100
AcDbEntity
  8
0
100
AcDbLine
 10
161.1693648647139
 20
39.93594187656074
 30
0.0
 11
161.169364864714
 21
-0.0640581234392659
 31
0.0
  0
LINE
  5
B8D
330
1F
100
AcDbEntity
  8
0
100
AcDbLine
 10
61.16936486471392
 20
20.76808161773597
 30
0.0
 11
161.1693648647139
 21
20.76808161773597
 31
0.0
  0
LINE
  5
B8E
330
1F
100
AcDbEntity
  8
0
100
AcDbLine
 10
61.16936486471392
 20
19.93594187656073
 30
0.0
 11
161.1693648647139
 21
19.93594187656073
 31
0.0
  0
LINE
  5
B8F
330
1F
100
AcDbEntity
  8
0
100
AcDbLine
 10
61.16936486471392
 20
19.10380213538549
 30
0.0
 11
161.1693648647139
 21
19.10380213538549
 31
0.0
  0
ENDSEC
  0
SECTION
  2
OBJECTS
  0
DICTIONARY
  5
C
330
0
100
AcDbDictionary
281
     1
  3
ACAD_ASSOCPERSSUBENTMANAGER
350
4E2
  3
ACAD_CIP_PREVIOUS_PRODUCT_INFO
350
216
  3
ACAD_COLOR
350
6B
  3
ACAD_DETAILVIEWSTYLE
350
21B
  3
ACAD_GROUP
350
D
  3
ACAD_LAYOUT
350
1A
  3
ACAD_MATERIAL
350
6A
  3
ACAD_MLEADERSTYLE
350
12D
  3
ACAD_MLINESTYLE
350
17
  3
ACAD_PLOTSETTINGS
350
19
  3
ACAD_PLOTSTYLENAME
350
E
  3
ACAD_SCALELIST
350
10C
  3
ACAD_SECTIONVIEWSTYLE
350
219
  3
ACAD_TABLESTYLE
350
7E
  3
ACAD_VISUALSTYLE
350
EF
  3
ACDB_RECOMPOSE_DATA
350
B95
  3
AcDbVariableDictionary
350
5E
  0
DICTIONARY
  5
1FF
330
2
100
AcDbDictionary
280
     1
281
     1
  3
ACAD_LAYERSTATES
360
200
  0
DICTIONARY
  5
13C
330
10
100
AcDbDictionary
280
     1
281
     1
  0
DICTIONARY
  5
2DD
330
2DC
100
AcDbDictionary
280
     1
281
     1
  0
DICTIONARY
  5
1CE
330
1F
100
AcDbDictionary
280
     1
281
     1
  3
ACAD_SORTENTS
360
429
  0
DICTIONARY
  5
231
330
230
100
AcDbDictionary
280
     1
281
     1
  3
ACAD_SORTENTS
360
232
  0
DICTIONARY
  5
2D4
330
2D3
100
AcDbDictionary
280
     1
281
     1
  3
ACAD_MTEXT_2008_RT
360
BC7
  0
DICTIONARY
  5
95E
330
41B
100
AcDbDictionary
280
     1
281
     1
  3
ACAD_MTEXT_2008_RT
360
BC8
  0
DICTIONARY
  5
471
330
470
100
AcDbDictionary
280
     1
281
     1
  3
ACAD_MTEXT_2008_RT
360
BCA
  0
DICTIONARY
  5
963
330
5FD
100
AcDbDictionary
280
     1
281
     1
  3
ACAD_MTEXT_2008_RT
360
BCB
  0
DICTIONARY
  5
7AE
330
7AD
100
AcDbDictionary
280
     1
281
     1
  3
ACAD_MTEXT_2008_RT
360
BCC
  0
DICTIONARY
  5
968
330
89E
100
AcDbDictionary
280
     1
281
     1
  3
ACAD_MTEXT_2008_RT
360
BCD
  0
DICTIONARY
  5
A09
330
A08
100
AcDbDictionary
280
     1
281
     1
  3
ACAD_MTEXT_2008_RT
360
BCE
  0
DICTIONARY
  5
B3A
330
AD7
100
AcDbDictionary
280
     1
281
     1
  3
ACAD_MTEXT_2008_RT
360
BCF
  0
ACDBASSOCPERSSUBENTMANAGER
  5
4E2
102
{ACAD_REACTORS
330
C
102
}
330
C
100
AcDbAssocPersSubentManager
 90
        1
 90
        3
 90
        0
 90
        2
 90
        8
 90
        4
 90
        4
 90
        0
 90
       11
 90
        2
 90
        1
 90
        1
 90
        0
 90
        1
 90
        1
 90
        1
 90
        0
 90
        1
 90
        1
 90
        1
 90
       54
 90
        0
 90
        0
 90
        1
 90
1000000000
 90
  5451001
 90
        0
 90
        0
 90
        1
 90
        1
 90
1000000000
 90
     1001
 90
        0
 90
        0
 90
        0
 90
        0
 90
        1
 90
        3
 90
        1
 90
1000000000
 90
     1001
 90
        1
 90
1000000000
 90
  5451001
 90
        1
 90
1000000000
 90
  5351001
 90
        0
 90
        0
 90
        0
 90
      900
 90
        0
 90
      900
 90
        0
 90
        0
 90
        0
 90
        0
 90
        1
 90
        3
 90
        1
 90
1000000000
 90
     1001
 90
        1
 90
1000000000
 90
  5551001
 90
        1
 90
1000000000
 90
  5451001
 90
        0
 90
        0
 90
        0
 90
      900
 90
        0
 90
      900
 90
        0
 90
        0
 90
        4
 90
        0
 90
       11
 90
        3
 90
        1
 90
        1
 90
        0
 90
        1
 90
        1
 90
        1
 90
        0
 90
        1
 90
        1
 90
        1
 90
       54
 90
        0
 90
        0
 90
        1
 90
1000000000
 90
  3851001
 90
        0
 90
        0
 90
        1
 90
        1
 90
1000000000
 90
     1001
 90
        0
 90
        0
 90
        0
 90
        0
 90
        1
 90
        3
 90
        1
 90
1000000000
 90
     1001
 90
        1
 90
1000000000
 90
  3851001
 90
        1
 90
1000000000
 90
  3751001
 90
        0
 90
        0
 90
        0
 90
      900
 90
        0
 90
      900
 90
        0
 90
        0
 90
        0
 90
        0
 90
        1
 90
        3
 90
        1
 90
1000000000
 90
     1001
 90
        1
 90
1000000000
 90
  3951001
 90
        1
 90
1000000000
 90
  3851001
 90
        0
 90
        0
 90
        0
 90
      900
 90
        0
 90
      900
 90
        0
 90
        0
 90
        4
 90
        0
 90
       11
 90
        5
 90
        4
 90
        4
 90
        0
 90
        4
 90
        4
 90
        4
 90
        0
 90
        4
 90
        4
 90
        4
 90
       54
 90
        0
 90
        0
 90
        1
 90
1000000000
 90
  5451001
 90
        0
 90
        0
 90
        1
 90
        1
 90
1000000000
 90
     1001
 90
        0
 90
        0
 90
        0
 90
        0
 90
        1
 90
        3
 90
        1
 90
1000000000
 90
     1001
 90
        1
 90
1000000000
 90
  5451001
 90
        1
 90
1000000000
 90
  5351001
 90
        0
 90
        0
 90
        0
 90
      900
 90
        0
 90
      900
 90
        0
 90
        0
 90
        0
 90
        0
 90
        1
 90
        3
 90
        1
 90
1000000000
 90
     1001
 90
        1
 90
1000000000
 90
  5551001
 90
        1
 90
1000000000
 90
  5451001
 90
        0
 90
        0
 90
        0
 90
      900
 90
        0
 90
      900
 90
        0
 90
        0
 90
        4
 90
        0
 90
       11
 90
        6
 90
        4
 90
        4
 90
        0
 90
        4
 90
        4
 90
        4
 90
        0
 90
        4
 90
        4
 90
        4
 90
       54
 90
        0
 90
        0
 90
        1
 90
1000000000
 90
  3851001
 90
        0
 90
        0
 90
        1
 90
        1
 90
1000000000
 90
     1001
 90
        0
 90
        0
 90
        0
 90
        0
 90
        1
 90
        3
 90
        1
 90
1000000000
 90
     1001
 90
        1
 90
1000000000
 90
  3851001
 90
        1
 90
1000000000
 90
  3751001
 90
        0
 90
        0
 90
        0
 90
      900
 90
        0
 90
      900
 90
        0
 90
        0
 90
        0
 90
        0
 90
        1
 90
        3
 90
        1
 90
1000000000
 90
     1001
 90
        1
 90
1000000000
 90
  3951001
 90
        1
 90
1000000000
 90
  3851001
 90
        0
 90
        0
 90
        0
 90
      900
 90
        0
 90
      900
 90
        0
 90
        0
 90
        8
 90
        1
 90
        2
 90
        3
 90
        4
 90
        5
 90
        6
 90
        7
 90
        8
 90
        0
290
     0
  0
XRECORD
  5
216
102
{ACAD_REACTORS
330
C
102
}
330
C
100
AcDbXrecord
280
     1
300
AMECH_PP
300
2013
300
85885AMECH_PP_2013_0F
  0
DICTIONARY
  5
6B
102
{ACAD_REACTORS
330
C
102
}
330
C
100
AcDbDictionary
281
     1
  0
DICTIONARY
  5
21B
102
{ACAD_REACTORS
330
C
102
}
330
C
100
AcDbDictionary
281
     1
  3
Metric50
350
21C
  0
DICTIONARY
  5
D
102
{ACAD_REACTORS
330
C
102
}
330
C
100
AcDbDictionary
281
     1
  0
DICTIONARY
  5
1A
102
{ACAD_REACTORS
330
C
102
}
330
C
100
AcDbDictionary
281
     1
  3
Model
350
22
  3
布局1
350
D3
  3
布局2
350
D7
1001
AcadStringInfo
1000
MIFCodePage
1070
     5
  0
DICTIONARY
  5
6A
102
{ACAD_REACTORS
330
C
102
}
330
C
100
AcDbDictionary
281
     1
  3
ByBlock
350
ED
  3
ByLayer
350
EC
  3
Global
350
EE
  0
DICTIONARY
  5
12D
102
{ACAD_REACTORS
330
C
102
}
330
C
100
AcDbDictionary
281
     1
  3
Annotative
350
13B
  3
Standard
350
12E
  0
DICTIONARY
  5
17
102
{ACAD_REACTORS
330
C
102
}
330
C
100
AcDbDictionary
281
     1
  3
Standard
350
18
  0
DICTIONARY
  5
19
102
{ACAD_REACTORS
330
C
102
}
330
C
100
AcDbDictionary
281
     1
  0
ACDBDICTIONARYWDFLT
  5
E
102
{ACAD_REACTORS
330
C
102
}
330
C
100
AcDbDictionary
281
     1
  3
Normal
350
F
100
AcDbDictionaryWithDefault
340
F
  0
DICTIONARY
  5
10C
102
{ACAD_REACTORS
330
C
102
}
330
C
100
AcDbDictionary
281
     1
  3
A0
350
10D
  3
A1
350
1BE
  3
A2
350
1BF
  3
A3
350
1C0
  3
A4
350
1C1
  3
A5
350
1C2
  3
A6
350
1C3
  3
A7
350
1C4
  3
A8
350
1C5
  3
A9
350
1C6
  3
B0
350
1C7
  3
B1
350
1C8
  3
B2
350
1C9
  3
B3
350
1CA
  3
B4
350
1CB
  3
B5
350
1CC
  3
B6
350
1CD
  0
DICTIONARY
  5
219
102
{ACAD_REACTORS
330
C
102
}
330
C
100
AcDbDictionary
281
     1
  3
Metric50
350
21A
  0
DICTIONARY
  5
7E
102
{ACAD_REACTORS
330
C
102
}
330
C
100
AcDbDictionary
281
     1
  3
Standard
350
7F
  0
DICTIONARY
  5
EF
102
{ACAD_REACTORS
330
C
102
}
330
C
100
AcDbDictionary
281
     1
  3
2dWireframe
350
F5
  3
Basic
350
F4
  3
Brighten
350
FB
  3
ColorChange
350
FF
  3
Conceptual
350
F8
  3
Dim
350
FA
  3
EdgeColorOff
350
1E6
  3
Facepattern
350
FE
  3
Flat
350
F0
  3
FlatWithEdges
350
F1
  3
Gouraud
350
F2
  3
GouraudWithEdges
350
F3
  3
Hidden
350
F7
  3
JitterOff
350
1E4
  3
Linepattern
350
FD
  3
OverhangOff
350
1E5
  3
Realistic
350
F9
  3
Shaded
350
1F3
  3
Shaded with edges
350
1F2
  3
Shades of Gray
350
1EF
  3
Sketchy
350
1F0
  3
Thicken
350
FC
  3
Wireframe
350
F6
  3
X-Ray
350
1F1
  0
XRECORD
  5
B95
102
{ACAD_REACTORS
330
C
102
}
330
C
100
AcDbXrecord
280
     1
 90
        1
330
7F
  0
DICTIONARY
  5
5E
102
{ACAD_REACTORS
330
C
102
}
330
C
100
AcDbDictionary
281
     1
  3
CANNOSCALE
350
146
  3
CMLEADERSTYLE
350
145
  3
CTABLESTYLE
350
84
  3
CVIEWDETAILSTYLE
350
227
  3
CVIEWSECTIONSTYLE
350
228
  3
DIMASSOC
350
5F
  3
HIDETEXT
350
63
  3
LAYEREVAL
350
1AE
  3
LAYERNOTIFY
350
1AF
  3
LIGHTINGUNITS
350
66D
  3
MSLTSCALE
350
66C
  3
PSOLHEIGHT
350
B91
  3
PSOLWIDTH
350
B90
  3
XCLIPFRAME
350
B92
  0
DICTIONARY
  5
200
102
{ACAD_REACTORS
330
1FF
102
}
330
1FF
100
AcDbDictionary
281
     1
  0
SORTENTSTABLE
  5
429
102
{ACAD_REACTORS
330
1CE
102
}
330
1CE
100
AcDbSortentsTable
330
1F
331
4EB
  5
4EB
331
AF4
  5
AE9
331
AE8
  5
AE8
331
AE9
  5
AEA
331
AEA
  5
AEB
331
AEB
  5
AEC
331
AEC
  5
AED
331
B8D
  5
B8D
331
AED
  5
AEE
331
B8E
  5
B8B
331
AEE
  5
AEF
331
B8F
  5
B8F
331
AEF
  5
AF0
331
AF0
  5
AF1
331
AF1
  5
AF2
331
AF2
  5
AF4
331
A35
  5
A35
  0
SORTENTSTABLE
  5
232
102
{ACAD_REACTORS
330
231
102
}
330
231
100
AcDbSortentsTable
330
230
331
238
  5
6C
331
234
  5
70
331
235
  5
71
331
236
  5
72
331
237
  5
73
  0
XRECORD
  5
BC7
102
{ACAD_REACTORS
330
2D4
102
}
330
2D4
100
AcDbXrecord
280
     1
 40
2906.0
  1
\U+22056.8
  0
XRECORD
  5
BC8
102
{ACAD_REACTORS
330
95E
102
}
330
95E
100
AcDbXrecord
280
     1
 40
2906.0
  1
\U+22056.8
  0
XRECORD
  5
BCA
102
{ACAD_REACTORS
330
471
102
}
330
471
100
AcDbXrecord
280
     1
 40
5819.0
  1
\A1;\U+22056.8
  0
XRECORD
  5
BCB
102
{ACAD_REACTORS
330
963
102
}
330
963
100
AcDbXrecord
280
     1
 40
5819.0
  1
\A1;\U+22056.8
  0
XRECORD
  5
BCC
102
{ACAD_REACTORS
330
7AE
102
}
330
7AE
100
AcDbXrecord
280
     1
 40
5819.0
  1
\A1;\U+22056.8
  0
XRECORD
  5
BCD
102
{ACAD_REACTORS
330
968
102
}
330
968
100
AcDbXrecord
280
     1
 40
5819.0
  1
\A1;\U+22056.8
  0
XRECORD
  5
BCE
102
{ACAD_REACTORS
330
A09
102
}
330
A09
100
AcDbXrecord
280
     1
 40
5819.0
  1
\A1;\U+22056.8
  0
XRECORD
  5
BCF
102
{ACAD_REACTORS
330
B3A
102
}
330
B3A
100
AcDbXrecord
280
     1
 40
5819.0
  1
\A1;\U+22056.8
  0
ACDBDETAILVIEWSTYLE
  5
21C
102
{ACAD_REACTORS
330
21B
102
}
330
21B
100
AcDbModelDocViewStyle
 70
     0
  3
Metric50
290
     0
100
AcDbDetailViewStyle
 70
     0
 71
     0
 90
        3
 71
     1
340
11
 62
   256
 40
5.0
340
0
 62
   256
 40
5.0
300

 40
0.0
280
     1
 71
     2
340
16
 90
       25
 62
   256
 71
     3
340
11
 62
   256
 40
5.0
 90
        0
 40
15.0
 90
        1
300
%<\AcVar ViewDetailId>% (%<\AcVar ViewScale \f "%sn">%)
 71
     4
340
16
 90
       25
 62
   256
340
16
 90
       25
 62
   256
280
     0
  0
LAYOUT
  5
22
102
{ACAD_XDICTIONARY
360
205
102
}
102
{ACAD_REACTORS
330
1A
102
}
330
1A
100
AcDbPlotSettings
  1

  2
none_device
  4
ISO_A4_(210.00_x_297.00_MM)
  6

 40
7.5
 41
20.0
 42
7.5
 43
20.0
 44
210.0
 45
297.0
 46
11.54999923706054
 47
-13.65000009536743
 48
0.0
 49
0.0
140
0.0
141
0.0
142
1.0
143
8.704084754739808
 70
 11952
 72
     1
 73
     0
 74
     0
  7

 75
     0
147
0.1148885871608098
 76
     0
 77
     2
 78
   300
148
0.0
149
0.0
100
AcDbLayout
  1
Model
 70
     1
 71
     0
 10
0.0
 20
0.0
 11
12.0
 21
9.0
 12
0.0
 22
0.0
 32
0.0
 14
0.0
 24
0.0
 34
0.0
 15
0.0
 25
0.0
 35
0.0
146
0.0
 13
0.0
 23
0.0
 33
0.0
 16
1.0
 26
0.0
 36
0.0
 17
0.0
 27
1.0
 37
0.0
 76
     0
330
1F
331
EA
1001
ACAD_PSEXT
1000
None
1000
None
1000
Not applicable
1000
The layout will not be plotted unless a new plotter configuration name is selected.
1070
     0
  0
LAYOUT
  5
D3
102
{ACAD_REACTORS
330
1A
102
}
330
1A
100
AcDbPlotSettings
  1

  2
C:\Documents and Settings\basas\Application Data\Autodesk\AutoCAD 2005\R16.1\enu\plotters\Default Windows System Printer.pc3
  4

  6

 40
0.0
 41
0.0
 42
0.0
 43
0.0
 44
0.0
 45
0.0
 46
0.0
 47
0.0
 48
0.0
 49
0.0
140
0.0
141
0.0
142
1.0
143
1.0
 70
   688
 72
     0
 73
     0
 74
     5
  7

 75
    16
147
1.0
 76
     0
 77
     2
 78
   300
148
0.0
149
0.0
100
AcDbLayout
  1
布局1
 70
     1
 71
     1
 10
0.0
 20
0.0
 11
12.0
 21
9.0
 12
0.0
 22
0.0
 32
0.0
 14
0.0
 24
0.0
 34
0.0
 15
0.0
 25
0.0
 35
0.0
146
0.0
 13
0.0
 23
0.0
 33
0.0
 16
1.0
 26
0.0
 36
0.0
 17
0.0
 27
1.0
 37
0.0
 76
     0
330
D2
1001
AcadStringInfo
1000
MIFCodePage
1070
     5
  0
LAYOUT
  5
D7
102
{ACAD_REACTORS
330
1A
102
}
330
1A
100
AcDbPlotSettings
  1

  2
C:\Documents and Settings\basas\Application Data\Autodesk\AutoCAD 2005\R16.1\enu\plotters\Default Windows System Printer.pc3
  4

  6

 40
0.0
 41
0.0
 42
0.0
 43
0.0
 44
0.0
 45
0.0
 46
0.0
 47
0.0
 48
0.0
 49
0.0
140
0.0
141
0.0
142
1.0
143
1.0
 70
   688
 72
     0
 73
     0
 74
     5
  7

 75
    16
147
1.0
 76
     0
 77
     2
 78
   300
148
0.0
149
0.0
100
AcDbLayout
  1
布局2
 70
     1
 71
     2
 10
0.0
 20
0.0
 11
12.0
 21
9.0
 12
0.0
 22
0.0
 32
0.0
 14
0.0
 24
0.0
 34
0.0
 15
0.0
 25
0.0
 35
0.0
146
0.0
 13
0.0
 23
0.0
 33
0.0
 16
1.0
 26
0.0
 36
0.0
 17
0.0
 27
1.0
 37
0.0
 76
     0
330
D6
1001
AcadStringInfo
1000
MIFCodePage
1070
     5
  0
MATERIAL
  5
ED
102
{ACAD_XDICTIONARY
360
1F9
102
}
102
{ACAD_REACTORS
330
6A
102
}
330
6A
100
AcDbMaterial
  1
ByBlock
  0
MATERIAL
  5
EC
102
{ACAD_XDICTIONARY
360
1F7
102
}
102
{ACAD_REACTORS
330
6A
102
}
330
6A
100
AcDbMaterial
  1
ByLayer
  0
MATERIAL
  5
EE
102
{ACAD_XDICTIONARY
360
173
102
}
102
{ACAD_REACTORS
330
6A
102
}
330
6A
100
AcDbMaterial
  1
Global
 43
0.0007999999797903
 43
0.0
 43
0.0
 43
0.0
 43
0.0
 43
0.0007999999797903
 43
0.0
 43
0.0
 43
0.0
 43
0.0
 43
1.0
 43
0.0
 43
0.0
 43
0.0
 43
0.0
 43
1.0
 49
0.0007999999797903
 49
0.0
 49
0.0
 49
0.0
 49
0.0
 49
0.0007999999797903
 49
0.0
 49
0.0
 49
0.0
 49
0.0
 49
1.0
 49
0.0
 49
0.0
 49
0.0
 49
0.0
 49
1.0
142
0.0007999999797903
142
0.0
142
0.0
142
0.0
142
0.0
142
0.0007999999797903
142
0.0
142
0.0
142
0.0
142
0.0
142
1.0
142
0.0
142
0.0
142
0.0
142
0.0
142
1.0
144
0.0007999999797903
144
0.0
144
0.0
144
0.0
144
0.0
144
0.0007999999797903
144
0.0
144
0.0
144
0.0
144
0.0
144
1.0
144
0.0
144
0.0
144
0.0
144
0.0
144
1.0
1001
ACAD
1070
    -1
1070
     3
1070
     0
1000

1071
        0
1070
     0
  0
MLEADERSTYLE
  5
13B
102
{ACAD_REACTORS
330
12D
102
}
330
12D
100
AcDbMLeaderStyle
170
     2
171
     1
172
     0
 90
        2
 40
0.0
 41
0.0
173
     1
 91
-1056964608
340
14
 92
       -2
290
     1
 42
2.0
291
     1
 43
8.0
  3
Standard
 44
4.0
300

342
11
174
     1
178
     1
175
     1
176
     0
 93
-1056964608
 45
4.0
292
     0
297
     0
 46
4.0
 94
-1056964608
 47
1.0
 49
1.0
140
1.0
293
     1
141
0.0
294
     1
177
     0
142
1.0
295
     0
296
     1
143
3.75
1001
ACAD_MLEADERVER
1070
     2
  0
MLEADERSTYLE
  5
12E
102
{ACAD_REACTORS
330
12D
102
}
330
12D
100
AcDbMLeaderStyle
170
     2
171
     1
172
     0
 90
        2
 40
0.0
 41
0.0
173
     1
 91
-1056964608
340
14
 92
       -2
290
     1
 42
2.0
291
     1
 43
8.0
  3
Standard
 44
4.0
300

342
11
174
     1
178
     1
175
     1
176
     0
 93
-1056964608
 45
4.0
292
     0
297
     0
 46
4.0
 94
-1056964608
 47
1.0
 49
1.0
140
1.0
293
     1
141
0.0
294
     1
177
     0
142
1.0
295
     0
296
     0
143
3.75
1001
ACAD_MLEADERVER
1070
     2
  0
MLINESTYLE
  5
18
102
{ACAD_REACTORS
330
17
102
}
330
17
100
AcDbMlineStyle
  2
STANDARD
 70
     0
  3

 62
   256
 51
90.0
 52
90.0
 71
     2
 49
0.5
 62
   256
  6
BYLAYER
 49
-0.5
 62
   256
  6
BYLAYER
  0
ACDBPLACEHOLDER
  5
F
102
{ACAD_REACTORS
330
E
102
}
330
E
  0
SCALE
  5
10D
102
{ACAD_REACTORS
330
10C
102
}
330
10C
100
AcDbScale
 70
     0
300
1:1
140
1.0
141
1.0
290
     1
  0
SCALE
  5
1BE
102
{ACAD_REACTORS
330
10C
102
}
330
10C
100
AcDbScale
 70
     0
300
1:2
140
1.0
141
2.0
290
     0
  0
SCALE
  5
1BF
102
{ACAD_REACTORS
330
10C
102
}
330
10C
100
AcDbScale
 70
     0
300
1:4
140
1.0
141
4.0
290
     0
  0
SCALE
  5
1C0
102
{ACAD_REACTORS
330
10C
102
}
330
10C
100
AcDbScale
 70
     0
300
1:5
140
1.0
141
5.0
290
     0
  0
SCALE
  5
1C1
102
{ACAD_REACTORS
330
10C
102
}
330
10C
100
AcDbScale
 70
     0
300
1:8
140
1.0
141
8.0
290
     0
  0
SCALE
  5
1C2
102
{ACAD_REACTORS
330
10C
102
}
330
10C
100
AcDbScale
 70
     0
300
1:10
140
1.0
141
10.0
290
     0
  0
SCALE
  5
1C3
102
{ACAD_REACTORS
330
10C
102
}
330
10C
100
AcDbScale
 70
     0
300
1:16
140
1.0
141
16.0
290
     0
  0
SCALE
  5
1C4
102
{ACAD_REACTORS
330
10C
102
}
330
10C
100
AcDbScale
 70
     0
300
1:20
140
1.0
141
20.0
290
     0
  0
SCALE
  5
1C5
102
{ACAD_REACTORS
330
10C
102
}
330
10C
100
AcDbScale
 70
     0
300
1:30
140
1.0
141
30.0
290
     0
  0
SCALE
  5
1C6
102
{ACAD_REACTORS
330
10C
102
}
330
10C
100
AcDbScale
 70
     0
300
1:40
140
1.0
141
40.0
290
     0
  0
SCALE
  5
1C7
102
{ACAD_REACTORS
330
10C
102
}
330
10C
100
AcDbScale
 70
     0
300
1:50
140
1.0
141
50.0
290
     0
  0
SCALE
  5
1C8
102
{ACAD_REACTORS
330
10C
102
}
330
10C
100
AcDbScale
 70
     0
300
1:100
140
1.0
141
100.0
290
     0
  0
SCALE
  5
1C9
102
{ACAD_REACTORS
330
10C
102
}
330
10C
100
AcDbScale
 70
     0
300
2:1
140
2.0
141
1.0
290
     0
  0
SCALE
  5
1CA
102
{ACAD_REACTORS
330
10C
102
}
330
10C
100
AcDbScale
 70
     0
300
4:1
140
4.0
141
1.0
290
     0
  0
SCALE
  5
1CB
102
{ACAD_REACTORS
330
10C
102
}
330
10C
100
AcDbScale
 70
     0
300
8:1
140
8.0
141
1.0
290
     0
  0
SCALE
  5
1CC
102
{ACAD_REACTORS
330
10C
102
}
330
10C
100
AcDbScale
 70
     0
300
10:1
140
10.0
141
1.0
290
     0
  0
SCALE
  5
1CD
102
{ACAD_REACTORS
330
10C
102
}
330
10C
100
AcDbScale
 70
     0
300
100:1
140
100.0
141
1.0
290
     0
  0
ACDBSECTIONVIEWSTYLE
  5
21A
102
{ACAD_REACTORS
330
219
102
}
330
219
100
AcDbModelDocViewStyle
 70
     0
  3
Metric50
290
     0
100
AcDbSectionViewStyle
 70
     0
 71
     0
 90
      102
 71
     1
340
11
 62
   256
 40
5.0
340
0
340
0
 62
   256
 40
5.0
300
I, O, Q, S, X, Z
 40
10.0
 90
        0
 40
2.5
 90
        0
 71
     2
340
16
 90
       25
 62
   256
340
16
 90
       50
 62
   256
 40
5.0
 40
2.5
 40
5.0
 71
     3
340
11
 62
   256
 40
5.0
 90
        0
 40
15.0
 90
        1
300
%<\AcVar ViewSectionStartId>%-%<\AcVar ViewSectionEndId>% (%<\AcVar ViewScale \f "%sn">%)
 71
     4
 62
   256
 62
   257
300
ANSI31
 40
1.0
 90
        0
290
     0
290
     0
 90
        6
 40
0.0
 40
1.570796326794896
 40
0.2617993877991494
 40
1.308996938995747
 40
-0.2617993877991494
 40
1.832595714594044
  0
TABLESTYLE
  5
7F
102
{ACAD_XDICTIONARY
360
162
102
}
102
{ACAD_REACTORS
330
7E
102
}
330
7E
100
AcDbTableStyle
  3
Standard
 70
     0
 71
     0
 40
1.5
 41
1.5
280
     0
281
     0
  7
Standard
140
4.5
170
     2
 62
     0
 63
     7
283
     0
274
    -2
284
     1
 64
     0
275
    -2
285
     1
 65
     0
276
    -2
286
     1
 66
     0
277
    -2
287
     1
 67
     0
278
    -2
288
     1
 68
     0
279
    -2
289
     1
 69
     0
  7
Standard
140
6.0
170
     5
 62
     0
 63
     7
283
     0
274
    -2
284
     1
 64
     0
275
    -2
285
     1
 65
     0
276
    -2
286
     1
 66
     0
277
    -2
287
     1
 67
     0
278
    -2
288
     1
 68
     0
279
    -2
289
     1
 69
     0
  7
Standard
140
4.5
170
     5
 62
     0
 63
     7
283
     0
274
    -2
284
     1
 64
     0
275
    -2
285
     1
 65
     0
276
    -2
286
     1
 66
     0
277
    -2
287
     1
 67
     0
278
    -2
288
     1
 68
     0
279
    -2
289
     1
 69
     0
  0
VISUALSTYLE
  5
F5
102
{ACAD_XDICTIONARY
360
BA1
102
}
102
{ACAD_REACTORS
330
EF
102
}
330
EF
100
AcDbVisualStyle
  2

 70
     4
 71
     0
 72
     2
 73
     1
 90
        0
 40
-0.6
 41
-30.0
 62
     5
 63
     7
421
 16777215
 74
     1
 91
        4
 64
     7
 65
   257
 75
     1
175
     1
 42
1.0
 92
        0
 66
   257
 43
1.0
 76
     1
 77
     6
 78
     2
 67
     7
 79
     5
170
     0
171
     0
290
     0
174
     0
 93
        1
 44
0.0
173
     0
291
     0
 45
0.0
1001
ACAD
1000
AcDbSavedByObjectVersion
1070
     0
  0
VISUALSTYLE
  5
F4
102
{ACAD_XDICTIONARY
360
B9F
102
}
102
{ACAD_REACTORS
330
EF
102
}
330
EF
100
AcDbVisualStyle
  2

 70
     7
 71
     1
 72
     0
 73
     1
 90
        0
 40
-0.6
 41
-30.0
 62
     5
 63
     7
421
 16777215
 74
     0
 91
        4
 64
     7
 65
   257
 75
     1
175
     1
 42
1.0
 92
        8
 66
     7
 43
1.0
 76
     1
 77
     6
 78
     2
 67
     7
 79
     5
170
     0
171
     0
290
     0
174
     0
 93
        1
 44
0.0
173
     0
291
     1
 45
0.0
1001
ACAD
1000
AcDbSavedByObjectVersion
1070
     0
  0
VISUALSTYLE
  5
FB
102
{ACAD_XDICTIONARY
360
BAD
102
}
102
{ACAD_REACTORS
330
EF
102
}
330
EF
100
AcDbVisualStyle
  2

 70
    12
 71
     2
 72
     2
 73
     1
 90
        0
 40
-0.6
 41
-30.0
 62
     5
 63
     7
421
 16777215
 74
     1
 91
        4
 64
     7
 65
   257
 75
     1
175
     1
 42
1.0
 92
        8
 66
     7
 43
1.0
 76
     1
 77
     6
 78
     2
 67
     7
 79
     5
170
     0
171
     0
290
     0
174
     0
 93
        1
 44
50.0
173
     0
291
     1
 45
0.0
1001
ACAD
1000
AcDbSavedByObjectVersion
1070
     0
  0
VISUALSTYLE
  5
FF
102
{ACAD_XDICTIONARY
360
BB5
102
}
102
{ACAD_REACTORS
330
EF
102
}
330
EF
100
AcDbVisualStyle
  2

 70
    16
 71
     2
 72
     2
 73
     3
 90
        0
 40
-0.6
 41
-30.0
 62
     5
 63
     8
421
  8421504
 74
     1
 91
        4
 64
     7
 65
   257
 75
     1
175
     1
 42
1.0
 92
        8
 66
     8
424
  8421504
 43
1.0
 76
     1
 77
     6
 78
     2
 67
     7
 79
     5
170
     0
171
     0
290
     0
174
     0
 93
        1
 44
0.0
173
     0
291
     1
 45
0.0
1001
ACAD
1000
AcDbSavedByObjectVersion
1070
     0
  0
VISUALSTYLE
  5
F8
102
{ACAD_XDICTIONARY
360
BA7
102
}
102
{ACAD_REACTORS
330
EF
102
}
330
EF
100
AcDbVisualStyle
  2

 70
     9
 71
     3
 72
     2
 73
     1
 90
        0
 40
-0.6
 41
-30.0
 62
     5
 63
     7
421
 16777215
 74
     2
 91
        2
 64
     7
 65
   257
 75
     1
175
     1
 42
40.0
 92
        8
 66
     7
 43
1.0
 76
     1
 77
     6
 78
     2
 67
     7
 79
     3
170
     0
171
     0
290
     0
174
     0
 93
        1
 44
0.0
173
     0
291
     0
 45
0.0
1001
ACAD
1000
AcDbSavedByObjectVersion
1070
     0
  0
VISUALSTYLE
  5
FA
102
{ACAD_XDICTIONARY
360
BAB
102
}
102
{ACAD_REACTORS
330
EF
102
}
330
EF
100
AcDbVisualStyle
  2

 70
    11
 71
     2
 72
     2
 73
     1
 90
        0
 40
-0.6
 41
-30.0
 62
     5
 63
     7
421
 16777215
 74
     1
 91
        4
 64
     7
 65
   257
 75
     1
175
     1
 42
1.0
 92
        8
 66
     7
 43
1.0
 76
     1
 77
     6
 78
     2
 67
     7
 79
     5
170
     0
171
     0
290
     0
174
     0
 93
        1
 44
-50.0
173
     0
291
     1
 45
0.0
1001
ACAD
1000
AcDbSavedByObjectVersion
1070
     0
  0
VISUALSTYLE
  5
1E6
102
{ACAD_XDICTIONARY
360
BBB
102
}
102
{ACAD_REACTORS
330
EF
102
}
330
EF
100
AcDbVisualStyle
  2

 70
    22
 71
     2
 72
     2
 73
     0
 90
        0
 40
-0.6
 41
-30.0
 62
     5
 63
     7
421
 16777215
 74
     1
 91
        4
 64
     7
 65
   257
 75
     1
175
     1
 42
1.0
 92
        8
 66
     7
 43
1.0
 76
     1
 77
     6
 78
     2
 67
     7
 79
     5
170
     0
171
     0
290
     0
174
     0
 93
        1
 44
0.0
173
     0
291
     1
 45
0.0
1001
ACAD
1000
AcDbSavedByObjectVersion
1070
     0
  0
VISUALSTYLE
  5
FE
102
{ACAD_XDICTIONARY
360
BB3
102
}
102
{ACAD_REACTORS
330
EF
102
}
330
EF
100
AcDbVisualStyle
  2

 70
    15
 71
     2
 72
     2
 73
     1
 90
        0
 40
-0.6
 41
-30.0
 62
     5
 63
     7
421
 16777215
 74
     1
 91
        4
 64
     7
 65
   257
 75
     1
175
     1
 42
1.0
 92
        8
 66
     7
 43
1.0
 76
     1
 77
     6
 78
     2
 67
     7
 79
     5
170
     0
171
     0
290
     0
174
     0
 93
        1
 44
0.0
173
     0
291
     1
 45
0.0
1001
ACAD
1000
AcDbSavedByObjectVersion
1070
     0
  0
VISUALSTYLE
  5
F0
102
{ACAD_XDICTIONARY
360
B97
102
}
102
{ACAD_REACTORS
330
EF
102
}
330
EF
100
AcDbVisualStyle
  2

 70
     0
 71
     2
 72
     1
 73
     1
 90
        2
 40
-0.6
 41
30.0
 62
     5
 63
     7
421
 16777215
 74
     0
 91
        0
 64
     7
 65
   257
 75
     1
175
     1
 42
1.0
 92
        8
 66
     7
 43
1.0
 76
     1
 77
     6
 78
     2
 67
     7
 79
     5
170
     0
171
     0
290
     0
174
     0
 93
       13
 44
0.0
173
     0
291
     1
 45
0.0
1001
ACAD
1000
AcDbSavedByObjectVersion
1070
     0
  0
VISUALSTYLE
  5
F1
102
{ACAD_XDICTIONARY
360
B99
102
}
102
{ACAD_REACTORS
330
EF
102
}
330
EF
100
AcDbVisualStyle
  2

 70
     1
 71
     2
 72
     1
 73
     1
 90
        2
 40
-0.6
 41
30.0
 62
     5
 63
     7
421
 16777215
 74
     1
 91
        0
 64
     7
 65
   257
 75
     1
175
     1
 42
1.0
 92
        0
 66
   257
 43
1.0
 76
     1
 77
     6
 78
     2
 67
     7
 79
     5
170
     0
171
     0
290
     0
174
     0
 93
       13
 44
0.0
173
     0
291
     1
 45
0.0
1001
ACAD
1000
AcDbSavedByObjectVersion
1070
     0
  0
VISUALSTYLE
  5
F2
102
{ACAD_XDICTIONARY
360
B9B
102
}
102
{ACAD_REACTORS
330
EF
102
}
330
EF
100
AcDbVisualStyle
  2

 70
     2
 71
     2
 72
     2
 73
     1
 90
        2
 40
-0.6
 41
30.0
 62
     5
 63
     7
421
 16777215
 74
     0
 91
        0
 64
     7
 65
   257
 75
     1
175
     1
 42
1.0
 92
        0
 66
     7
 43
1.0
 76
     1
 77
     6
 78
     2
 67
     7
 79
     5
170
     0
171
     0
290
     0
174
     0
 93
       13
 44
0.0
173
     0
291
     1
 45
0.0
1001
ACAD
1000
AcDbSavedByObjectVersion
1070
     0
  0
VISUALSTYLE
  5
F3
102
{ACAD_XDICTIONARY
360
B9D
102
}
102
{ACAD_REACTORS
330
EF
102
}
330
EF
100
AcDbVisualStyle
  2

 70
     3
 71
     2
 72
     2
 73
     1
 90
        2
 40
-0.6
 41
30.0
 62
     5
 63
     7
421
 16777215
 74
     1
 91
        0
 64
     7
 65
   257
 75
     1
175
     1
 42
1.0
 92
        0
 66
   257
 43
1.0
 76
     1
 77
     6
 78
     2
 67
     7
 79
     5
170
     0
171
     0
290
     0
174
     0
 93
       13
 44
0.0
173
     0
291
     1
 45
0.0
1001
ACAD
1000
AcDbSavedByObjectVersion
1070
     0
  0
VISUALSTYLE
  5
F7
102
{ACAD_XDICTIONARY
360
BA5
102
}
102
{ACAD_REACTORS
330
EF
102
}
330
EF
100
AcDbVisualStyle
  2

 70
     6
 71
     1
 72
     2
 73
     2
 90
        0
 40
-0.6
 41
-30.0
 62
     5
 63
     7
421
 16777215
 74
     2
 91
        2
 64
     7
 65
   257
 75
     2
175
     1
 42
40.0
 92
        0
 66
   257
 43
1.0
 76
     1
 77
     6
 78
     2
 67
     7
 79
     3
170
     0
171
     0
290
     0
174
     0
 93
        1
 44
0.0
173
     0
291
     0
 45
0.0
1001
ACAD
1000
AcDbSavedByObjectVersion
1070
     0
  0
VISUALSTYLE
  5
1E4
102
{ACAD_XDICTIONARY
360
BB7
102
}
102
{ACAD_REACTORS
330
EF
102
}
330
EF
100
AcDbVisualStyle
  2

 70
    20
 71
     2
 72
     2
 73
     0
 90
        0
 40
-0.6
 41
-30.0
 62
     5
 63
     7
421
 16777215
 74
     1
 91
        4
 64
     7
 65
   257
 75
     1
175
     1
 42
1.0
 92
       10
 66
     7
 43
1.0
 76
     1
 77
     6
 78
     2
 67
     7
 79
     5
170
     0
171
     0
290
     0
174
     0
 93
        1
 44
0.0
173
     0
291
     1
 45
0.0
1001
ACAD
1000
AcDbSavedByObjectVersion
1070
     0
  0
VISUALSTYLE
  5
FD
102
{ACAD_XDICTIONARY
360
BB1
102
}
102
{ACAD_REACTORS
330
EF
102
}
330
EF
100
AcDbVisualStyle
  2

 70
    14
 71
     2
 72
     2
 73
     1
 90
        0
 40
-0.6
 41
-30.0
 62
     5
 63
     7
421
 16777215
 74
     1
 91
        4
 64
     7
 65
   257
 75
     7
175
     7
 42
1.0
 92
        8
 66
     7
 43
1.0
 76
     1
 77
     6
 78
     2
 67
     7
 79
     5
170
     0
171
     0
290
     0
174
     0
 93
        1
 44
0.0
173
     0
291
     1
 45
0.0
1001
ACAD
1000
AcDbSavedByObjectVersion
1070
     0
  0
VISUALSTYLE
  5
1E5
102
{ACAD_XDICTIONARY
360
BB9
102
}
102
{ACAD_REACTORS
330
EF
102
}
330
EF
100
AcDbVisualStyle
  2

 70
    21
 71
     2
 72
     2
 73
     0
 90
        0
 40
-0.6
 41
-30.0
 62
     5
 63
     7
421
 16777215
 74
     1
 91
        4
 64
     7
 65
   257
 75
     1
175
     1
 42
1.0
 92
        9
 66
     7
 43
1.0
 76
     1
 77
     6
 78
     2
 67
     7
 79
     5
170
     0
171
     0
290
     0
174
     0
 93
        1
 44
0.0
173
     0
291
     1
 45
0.0
1001
ACAD
1000
AcDbSavedByObjectVersion
1070
     0
  0
VISUALSTYLE
  5
F9
102
{ACAD_XDICTIONARY
360
BA9
102
}
102
{ACAD_REACTORS
330
EF
102
}
330
EF
100
AcDbVisualStyle
  2

 70
     8
 71
     2
 72
     3
 73
     0
 90
        2
 40
-0.6
 41
30.0
 62
     5
 63
     7
421
 16777215
 74
     0
 91
        0
 64
     7
 65
   257
 75
     1
175
     1
 42
1.0
 92
        8
 66
   257
 43
1.0
 76
     1
 77
     6
 78
     2
 67
     7
 79
     3
170
     0
171
     0
290
     0
174
     0
 93
       13
 44
0.0
173
     0
291
     0
 45
0.0
1001
ACAD
1000
AcDbSavedByObjectVersion
1070
     0
  0
VISUALSTYLE
  5
1F3
102
{ACAD_XDICTIONARY
360
BC5
102
}
102
{ACAD_REACTORS
330
EF
102
}
330
EF
100
AcDbVisualStyle
  2

 70
    27
 71
     2
 72
     2
 73
     1
 90
        2
 40
-0.6
 41
30.0
 62
     5
 63
     7
421
 16777215
 74
     0
 91
        4
 64
     7
 65
   257
 75
     1
175
     1
 42
1.0
 92
        8
 66
   257
 43
1.0
 76
     1
 77
     6
 78
     2
 67
     8
425
  7895160
 79
     3
170
     0
171
     0
290
     0
174
     0
 93
        5
 44
0.0
173
     0
291
     0
 45
0.0
1001
ACAD
1000
AcDbSavedByObjectVersion
1070
     0
  0
VISUALSTYLE
  5
1F2
102
{ACAD_XDICTIONARY
360
BC3
102
}
102
{ACAD_REACTORS
330
EF
102
}
330
EF
100
AcDbVisualStyle
  2

 70
    26
 71
     2
 72
     2
 73
     1
 90
        2
 40
-0.6
 41
30.0
 62
     5
 63
     7
421
 16777215
 74
     1
 91
       10
 64
     7
 65
   257
 75
     2
175
     1
 42
1.0
 92
        8
 66
   257
 43
1.0
 76
     1
 77
     6
 78
     2
 67
     7
 79
     3
170
     0
171
     0
290
     0
174
     0
 93
        5
 44
0.0
173
     0
291
     0
 45
0.0
1001
ACAD
1000
AcDbSavedByObjectVersion
1070
     0
  0
VISUALSTYLE
  5
1EF
102
{ACAD_XDICTIONARY
360
BBD
102
}
102
{ACAD_REACTORS
330
EF
102
}
330
EF
100
AcDbVisualStyle
  2

 70
    23
 71
     2
 72
     2
 73
     3
 90
        0
 40
-0.6
 41
-30.0
 62
     5
 63
     7
421
 16777215
 74
     2
 91
        2
 64
     7
 65
     7
 75
     1
175
     1
 42
40.0
 92
        8
 66
     7
 43
1.0
 76
     1
 77
     6
 78
     2
 67
     7
 79
     3
170
     0
171
     0
290
     0
174
     0
 93
        1
 44
0.0
173
     0
291
     0
 45
0.0
1001
ACAD
1000
AcDbSavedByObjectVersion
1070
     0
  0
VISUALSTYLE
  5
1F0
102
{ACAD_XDICTIONARY
360
BBF
102
}
102
{ACAD_REACTORS
330
EF
102
}
330
EF
100
AcDbVisualStyle
  2

 70
    24
 71
     1
 72
     2
 73
     2
 90
        0
 40
-0.6
 41
-30.0
 62
     5
 63
     7
421
 16777215
 74
     2
 91
        2
 64
     7
 65
     7
 75
     1
175
     1
 42
40.0
 92
       11
 66
     7
 43
1.0
 76
     1
 77
     6
 78
     2
 67
     7
 79
     6
170
     0
171
     0
290
     0
174
     0
 93
        1
 44
0.0
173
     0
291
     0
 45
0.0
1001
ACAD
1000
AcDbSavedByObjectVersion
1070
     0
  0
VISUALSTYLE
  5
FC
102
{ACAD_XDICTIONARY
360
BAF
102
}
102
{ACAD_REACTORS
330
EF
102
}
330
EF
100
AcDbVisualStyle
  2

 70
    13
 71
     2
 72
     2
 73
     1
 90
        0
 40
-0.6
 41
-30.0
 62
     5
 63
     7
421
 16777215
 74
     1
 91
        4
 64
     7
 65
   257
 75
     1
175
     1
 42
1.0
 92
       12
 66
     7
 43
1.0
 76
     1
 77
     6
 78
     2
 67
     7
 79
     5
170
     0
171
     0
290
     0
174
     0
 93
        1
 44
0.0
173
     0
291
     1
 45
0.0
1001
ACAD
1000
AcDbSavedByObjectVersion
1070
     0
  0
VISUALSTYLE
  5
F6
102
{ACAD_XDICTIONARY
360
BA3
102
}
102
{ACAD_REACTORS
330
EF
102
}
330
EF
100
AcDbVisualStyle
  2

 70
     5
 71
     0
 72
     2
 73
     0
 90
        0
 40
-0.6
 41
-30.0
 62
     5
 63
     7
421
 16777215
 74
     1
 91
        4
 64
     7
 65
   257
 75
     1
175
     1
 42
1.0
 92
        0
 66
   257
 43
1.0
 76
     1
 77
     6
 78
     2
 67
     7
 79
     3
170
     0
171
     0
290
     0
174
     0
 93
        1
 44
0.0
173
     0
291
     0
 45
0.0
1001
ACAD
1000
AcDbSavedByObjectVersion
1070
     0
  0
VISUALSTYLE
  5
1F1
102
{ACAD_XDICTIONARY
360
BC1
102
}
102
{ACAD_REACTORS
330
EF
102
}
330
EF
100
AcDbVisualStyle
  2

 70
    25
 71
     2
 72
     2
 73
     1
 90
        1
 40
0.5
 41
-30.0
 62
     5
 63
     7
421
 16777215
 74
     1
 91
        0
 64
     7
 65
   257
 75
     1
175
     1
 42
1.0
 92
        8
 66
     7
 43
1.0
 76
     1
 77
     6
 78
     2
 67
     7
 79
     3
170
     0
171
     0
290
     0
174
     0
 93
       13
 44
0.0
173
     0
291
     0
 45
0.0
1001
ACAD
1000
AcDbSavedByObjectVersion
1070
     0
  0
DICTIONARYVAR
  5
146
102
{ACAD_REACTORS
330
5E
102
}
330
5E
100
DictionaryVariables
280
     0
  1
1:1
  0
DICTIONARYVAR
  5
145
102
{ACAD_REACTORS
330
5E
102
}
330
5E
100
DictionaryVariables
280
     0
  1
STANDARD
  0
DICTIONARYVAR
  5
84
102
{ACAD_REACTORS
330
5E
102
}
330
5E
100
DictionaryVariables
280
     0
  1
STANDARD
  0
DICTIONARYVAR
  5
227
102
{ACAD_REACTORS
330
5E
102
}
330
5E
100
DictionaryVariables
280
     0
  1
Metric50
  0
DICTIONARYVAR
  5
228
102
{ACAD_REACTORS
330
5E
102
}
330
5E
100
DictionaryVariables
280
     0
  1
Metric50
  0
DICTIONARYVAR
  5
5F
102
{ACAD_REACTORS
330
5E
102
}
330
5E
100
DictionaryVariables
280
     0
  1
2
  0
DICTIONARYVAR
  5
63
102
{ACAD_REACTORS
330
5E
102
}
330
5E
100
DictionaryVariables
280
     0
  1
1
  0
DICTIONARYVAR
  5
1AE
102
{ACAD_REACTORS
330
5E
102
}
330
5E
100
DictionaryVariables
280
     0
  1
0
  0
DICTIONARYVAR
  5
1AF
102
{ACAD_REACTORS
330
5E
102
}
330
5E
100
DictionaryVariables
280
     0
  1
0
  0
DICTIONARYVAR
  5
66D
102
{ACAD_REACTORS
330
5E
102
}
330
5E
100
DictionaryVariables
280
     0
  1
2
  0
DICTIONARYVAR
  5
66C
102
{ACAD_REACTORS
330
5E
102
}
330
5E
100
DictionaryVariables
280
     0
  1
1
  0
DICTIONARYVAR
  5
B91
102
{ACAD_REACTORS
330
5E
102
}
330
5E
100
DictionaryVariables
280
     0
  1
80.000000
  0
DICTIONARYVAR
  5
B90
102
{ACAD_REACTORS
330
5E
102
}
330
5E
100
DictionaryVariables
280
     0
  1
5.000000
  0
DICTIONARYVAR
  5
B92
102
{ACAD_REACTORS
330
5E
102
}
330
5E
100
DictionaryVariables
280
     0
  1
2
  0
DICTIONARY
  5
205
330
22
100
AcDbDictionary
280
     1
281
     1
  0
DICTIONARY
  5
1F9
330
ED
100
AcDbDictionary
280
     1
281
     1
  3
ACAD_XREC_ROUNDTRIP
360
92A
  3
FBXASSET
360
1FA
  0
DICTIONARY
  5
1F7
330
EC
100
AcDbDictionary
280
     1
281
     1
  3
ACAD_XREC_ROUNDTRIP
360
929
  3
FBXASSET
360
1F8
  0
DICTIONARY
  5
173
330
EE
100
AcDbDictionary
280
     1
281
     1
  3
ACAD_XREC_ROUNDTRIP
360
92B
  3
BUMPTILE
360
175
  3
DIFFUSETILE
360
174
  3
FBXASSET
360
1FB
  3
OPACITYTILE
360
176
  3
REFLECTIONTILE
360
177
  0
DICTIONARY
  5
162
330
7F
100
AcDbDictionary
280
     1
281
     1
  3
ACAD_ROUNDTRIP_2008_TABLESTYLE_CELLSTYLEMAP
360
B93
  3
ACAD_XREC_ROUNDTRIP
360
B96
  0
DICTIONARY
  5
BA1
330
F5
100
AcDbDictionary
280
     1
281
     1
  3
ACAD_XREC_ROUNDTRIP
360
BA2
  0
DICTIONARY
  5
B9F
330
F4
100
AcDbDictionary
280
     1
281
     1
  3
ACAD_XREC_ROUNDTRIP
360
BA0
  0
DICTIONARY
  5
BAD
330
FB
100
AcDbDictionary
280
     1
281
     1
  3
ACAD_XREC_ROUNDTRIP
360
BAE
  0
DICTIONARY
  5
BB5
330
FF
100
AcDbDictionary
280
     1
281
     1
  3
ACAD_XREC_ROUNDTRIP
360
BB6
  0
DICTIONARY
  5
BA7
330
F8
100
AcDbDictionary
280
     1
281
     1
  3
ACAD_XREC_ROUNDTRIP
360
BA8
  0
DICTIONARY
  5
BAB
330
FA
100
AcDbDictionary
280
     1
281
     1
  3
ACAD_XREC_ROUNDTRIP
360
BAC
  0
DICTIONARY
  5
BBB
330
1E6
100
AcDbDictionary
280
     1
281
     1
  3
ACAD_XREC_ROUNDTRIP
360
BBC
  0
DICTIONARY
  5
BB3
330
FE
100
AcDbDictionary
280
     1
281
     1
  3
ACAD_XREC_ROUNDTRIP
360
BB4
  0
DICTIONARY
  5
B97
330
F0
100
AcDbDictionary
280
     1
281
     1
  3
ACAD_XREC_ROUNDTRIP
360
B98
  0
DICTIONARY
  5
B99
330
F1
100
AcDbDictionary
280
     1
281
     1
  3
ACAD_XREC_ROUNDTRIP
360
B9A
  0
DICTIONARY
  5
B9B
330
F2
100
AcDbDictionary
280
     1
281
     1
  3
ACAD_XREC_ROUNDTRIP
360
B9C
  0
DICTIONARY
  5
B9D
330
F3
100
AcDbDictionary
280
     1
281
     1
  3
ACAD_XREC_ROUNDTRIP
360
B9E
  0
DICTIONARY
  5
BA5
330
F7
100
AcDbDictionary
280
     1
281
     1
  3
ACAD_XREC_ROUNDTRIP
360
BA6
  0
DICTIONARY
  5
BB7
330
1E4
100
AcDbDictionary
280
     1
281
     1
  3
ACAD_XREC_ROUNDTRIP
360
BB8
  0
DICTIONARY
  5
BB1
330
FD
100
AcDbDictionary
280
     1
281
     1
  3
ACAD_XREC_ROUNDTRIP
360
BB2
  0
DICTIONARY
  5
BB9
330
1E5
100
AcDbDictionary
280
     1
281
     1
  3
ACAD_XREC_ROUNDTRIP
360
BBA
  0
DICTIONARY
  5
BA9
330
F9
100
AcDbDictionary
280
     1
281
     1
  3
ACAD_XREC_ROUNDTRIP
360
BAA
  0
DICTIONARY
  5
BC5
330
1F3
100
AcDbDictionary
280
     1
281
     1
  3
ACAD_XREC_ROUNDTRIP
360
BC6
  0
DICTIONARY
  5
BC3
330
1F2
100
AcDbDictionary
280
     1
281
     1
  3
ACAD_XREC_ROUNDTRIP
360
BC4
  0
DICTIONARY
  5
BBD
330
1EF
100
AcDbDictionary
280
     1
281
     1
  3
ACAD_XREC_ROUNDTRIP
360
BBE
  0
DICTIONARY
  5
BBF
330
1F0
100
AcDbDictionary
280
     1
281
     1
  3
ACAD_XREC_ROUNDTRIP
360
BC0
  0
DICTIONARY
  5
BAF
330
FC
100
AcDbDictionary
280
     1
281
     1
  3
ACAD_XREC_ROUNDTRIP
360
BB0
  0
DICTIONARY
  5
BA3
330
F6
100
AcDbDictionary
280
     1
281
     1
  3
ACAD_XREC_ROUNDTRIP
360
BA4
  0
DICTIONARY
  5
BC1
330
1F1
100
AcDbDictionary
280
     1
281
     1
  3
ACAD_XREC_ROUNDTRIP
360
BC2
  0
XRECORD
  5
92A
102
{ACAD_REACTORS
330
1F9
102
}
330
1F9
100
AcDbXrecord
280
     1
102
MATERIAL
148
0.0
149
0.0
149
0.0
 93
        0
 94
      127
282
     0
 72
     1
 77
     1
171
     1
175
     1
179
     1
273
     0
  0
XRECORD
  5
1FA
102
{ACAD_REACTORS
330
1F9
102
}
330
1F9
100
AcDbXrecord
280
     1
 70
     1
 90
429727718
  1
D62C5603-E3A1-4AEA-B7FB-FE5D8D0755AF
310
504B03040A0000080000CC70623B3DEE336E79000000790000001B0000006175746F6465736B2D64657369676E2D7061636B6167652E786D6C3C3F786D6C2076657273696F6E3D22312E302220656E636F64696E673D227574662D3822203F3E3C666F726D6174733E3C666F726D61743E687474703A2F2F736368656D612E
310
6175746F6465736B2E636F6D2F64657369676E2D7061636B6167652F323030393C2F666F726D61743E3C2F666F726D6174733E504B0304140006080800CC70623BD486FD9CA0000000F4000000130000005B436F6E74656E745F54797065735D2E786D6C7D8EC10E82300C865F65E91D8A1E8C310C0EEA1BF002731658846E
310
D98AC1B77784ABF1D8FE5FBFBF75BBCE937A534CCEB38643598122B6FEE978D0B0485F9C41B54DDD7D022595594E1A469170414C76A4D9A4D207E29CF43ECE46F218070CC6BECC4078ACAA135ACF422C856C0E68EA1BF5669944DDD7BCDE7B1F8E415D77AECB980613C2E4AC91FC167A2B244592486606FC29C8FD7F045B9A
310
EF7053A7E60B504B0304140006080800CC70623B853B8169EB0000007C01000008000000636F72652E786D6C8D90416EC3201045AF62CDB6C206821CC7C244919D9CA01740401C94182C03558F5F9C3852BBEB6A467FFE9B197D7EFC9E1EC5975982F5AE035262288C535E5B377690E21535501C055FBC8FBF6C503839990E
310
5619041F179FE64D52DE45E362569DD7661365082642A11EB9E920A89B99642953CC8E702F67A9EE7234257977194EC9EAE275C4EABCCF5EAD5940D4AC6F0E35A568B8F43562CD7046CD199FD07E60174276A7BE677B5EADB0E0D14EEFFB6A31321A0D82627C4084204C3F096B71DD52F6819B16635EADF63F509AF53FA164
310
5DDCD1EDDD17164090FCC8732078B56691CB33A85CD7DCC40F504B0304140006080800CC70623B55019EA25F0000007C00000007000000636E782E786D6C4DCB3B0E80201045D1AD90E915ED2CF8AC45050C11660C8261F98AB1B07AC9C97D42D718D865D3E909258CFD00CCE24AC6E326A164D74DC0B4128928FF32603847
310
2BA13128B1252AC747C6BAB984FC68F0B87FE8960A5C09FE86CFB69FBA01504B0304140006080800CC70623BDBABAAF470010000D40300000C0000006662782F636F72652E786D6CC553D16E823014FD95A6AF4B694182CC941A83FA05FB810A9511A125A5257EFE2E82712ECEB8A7F100CD39F7F69E734AF9FADC366850B6
310
AF8DCE7018308C942E4C59EB2AC3DE1D498AD15A706B8CFB56869196ADCAF00863C12B6B7C374385D14E6907A836A59A41D9F7CA615434B0C8705F7CAA5606D23BA8E84F41278B93AC54100640439DE0BDB320004D43C63716C7C399D30917DCFBBA9CD9BA8469F5B156168B24CED3F7248AC8769F27244EB73B92EED8862C
310
B7F13E0C179B3C8F979C8ECD82BBBABDAA2BAC924E9558448CBD9330242CFA08E3154B5651FCC6D215639C8EE5774DBE2B5F6CF2B5768B68963BB5F5588420E442FC700B1139D4CB01F450C1E918227C2E09DF070D8140C84E1E9AAB8F1340832A9CB13130A5F1376A908D57309505ECF2A0DF179C4E9D30F5B239B87E3823
310
7A79C6F31DE1A8A5AEC08474B03C7837EAE4938639B44E5932B833D2C6B6B279CDC613877FA26EE21F4A2A4C63EC7F29A2F301D1F9F7A0E37D145F504B0304140006080800CC70623B9C113CC27E0000009D0000000B0000006662782F636E782E786D6C4DCCDF0A83201C86E15B91DFB94BFB330DD428C8FB886521330DA7
310
6397BF1A1DECE883878F57749FCDA1B7892F1BBC047A23808C7F84D9FA55424E0BE6803A256208E9EF06C84F9B91703228B1C690F78B66B34CD9A5439DF5CF0BFBF65E35BCA1B8D6A5C6F540381E886698B5741C695F9503EBA150A2F8958E3DC3EA0B504B0304140006080800CC70623B7DF2F77C2A010000120200003100
310
00006662782F41393633353835312D344632462D344230382D423046372D3739314545314133324237412F636F72652E786D6C8D51DB8EC22014FC15C2939B0D2DB4B45643319AE817EC0F6041255A68B86CFCFC856D4D76DF7CE190393373060EDB3DC707F856CE6B6B7A480A0C81328395DA5C7B18C3057510EC3873D686
310
3F34088C18550F330C39BB3A1BA7051AAC09CA84841A2BD5020AEF55806078A44B0FFD7053A328440C89E1EFC52486BBB8AA8214A99D789CF9E05200300FC927E4FB4D5B375D43103D5527440FB843077C5AA3F5861C8F645F5787F59E95B390B318B55CE45AA638FAA2957BD7248B390B7A7CC51F9C124149C82B8C378810
310
84AB2F42B7B8DD56F413775B8C5999E9FF4471926F8AA236A1AE96B8B3CC434E5839373893369E1FAF30EA395917409EB7F26AF8801C171837A4A6AC9C89E9F9C9B1A58BA30FD6A5EF5DDDCF894B9AD9B6A59C957943A9FCAE2FD5BC4DFE03504B0304140006080800CC70623BAD7543B64E01000033030000300000006662
310
782F41393633353835312D344632462D344230382D423046372D3739314545314133324237412F636E782E786D6CD593CD6EC32010845F0571AD6CE3D48AD20813A9873E410FBD12D82434182C7EAAE6EDBB2424CD25871E7B41D6EC30B3FA84F9E67BB2E40B4234DE8DB46F1925E094D7C6ED479AD3AE5951B2113C789FEE
310
6C943839C1488B4C05DF079FE72A69D8C96C13AAD6B8631503449F83828872B949AC57D26200B826A308D316B4064D6E46FCDA41C05550DC9E483A00797BFD207EFB092A45DE9514C1BBD22178396BD39D891265658C238DEA00936C654E5E433CB65A26D9F6EDB5EBC14EBF49A45CB856E66048291F6939A9A81BB5C89177
310
38143CA680F4AA299D66A042CEB3354A2684DC9D8D178FE0D9B8B41CAAD720F880EE7EF93C0C18769E099ECC04D5A102C8049A8A05632F4DDF376CF1DE0F6BB65C2F8627B65A33C6BB62177CEBBDAD973006829F89F22E814B54F4BC2BE347F8AA8F681390B50FA73F804400B5F542E796F19FF974E7F78DB802FE05E20750
310
4B0304140006080800CC70623BE75B7789680500003C100000340000006662782F41393633353835312D344632462D344230382D423046372D3739314545314133324237412F6F626A656374732E786D6CAD575B8F9B3818FD2B887D06C22499CB8AA1CA655245D5B455A356FB305264C061D8018C6C3393D95FBFC7600890
310
A4CD5EF210B0B1BFEBF98E3F7B1FF6596ABC522E1296DF9BAE3D320D9A872C4AF2F8DE2CE5CEBA358D0FBEC719939D65A691938CDE9B6ADAF4BD98B3B2D05311DD91329583D9D5FC0F438434A7A611A644887B5384CF34233629258BA878B12322891DEFF6B66BD70BFB62634E8AE781D082709A4B588AF91C528CDA28B73F
310
1C998EEF39EABBEFA97FBD6A7C7E9553F9D3D79FE442923C3C523610337627CB87ABE99D359D4CC6D6E4FACAB5E6ABF9D2726FC6A3C5F56271377BB88362213924694B38DD99FE47C48627A1E7D49F5A8BB5E1A74C0A599ED3B0F21F1E56366B89112D681E218F0915D0D6F17AD41FBA2A369DCF6335D62ABBD39779D5DDD1
310
11D4D8DE3CBB96B2E04FB8202E41051754A1AA8E8F76B4C6DFE810B580B1547F4B84911149794252234D024EF8BBE963A95AE27B3D310A9D5C215C7960FAEE415ED75694C6AFB17BCACA5D99A60A9AA65F217B0BFC53292ACB92BF283FAD0D3621576592CB5BED907C2FA8E9DF794E35E97BEA31BED21FEB401ABB94C44839
310
DCACBF0E1C5DA8DA5B2F4DFFD32AD86F543D9E565E7056502E157C00AD2671CD534549AB752FCA9CDA00677A313F04E51B22FF19E57B300579E3C97EB29F682D92935CEC18CF901B7B54FD8C51F362B56FC72FE0B3C1EAE335EDCCBF5AEC39ADB17DC238973F804BA5E6F6BFE7AF1FB32E523BE9F3BD571418E3631DCA4D48
310
5250CF639223210A9446CA30052EDF057BD35F8329C1ECD84552BF0DC8D18BE7BCE23BFE6BD960AB4A7DE79923A103BEBD80F911CBAA2C60DB19B01CF164A5583B772EE6D3FFA56666CBCDA74DC97724A48F9A58967497E489C4D979006FD7A05E227A1EBDD0F737C623387A9C844D3709995625106D157315F8B8392CD4E0
310
A0B9A720C4BE9829CEF37EA1E13111214D53925356365ADA634861B52519DD27A00AEB808EAF0628E6F435519D446F45CF2C9CF5214F0A15B2F6D06B79DA3EE3CBF7F56780D2F4E7EF73A0F5E5B02A38D07DC852C6B7C1FBB6664213E0C39E3EBA7FF4E1AD23EA2829407C85E586727488B751B2DB9502BC7B228A3FD68B6E
310
A65A22397E690AA8D158D7E404EC8CDA235CC3B7D1898680131CEC2CDF2638C65196279577750F15884AEE19F94199155B92B13297978469D4F8D358DF0AEF7631E28DC8F0D9F437D5D39A83B2231A1D52D543813A824EF8D44BCFF2FA6A31BD1E8DAD87F1CCB526B3879935BF59CDADD5C37479BB1CDD4CA7B3556B516589
310
EF352754B706114D9C885EC9131DE6EFEB43D99AFE2391C2F958179413D7CFEF6B1B6DB1E7600F00DE6E5C67454A339A4BA2E0FBA85ED26F045D454F463DBFCE484C2F90F2E5E3666003662ED8F755951A7D1BECD5B30B550B2785C8E7320B7292A4838DDA71BBC863ED7613CAF659337A3354231D4FF4A182A54904C2898C
310
98B28C4AD0CE056CCF332A80986E571EE9DBC305BB5FEB7E509220A58D25CF042D712A806AC0AD0C657FDEF80D2D9CEAA2EE4D1C76F60BFE74219A06527D6F82DF6412526107381E55E353090704D085B52408A8913C4ED159D79BDA71BB4BC506F4831350EB6F975CD22D69BF7AC49B91A2C0A9DDA3D5CA36AD20FC478E37
310
E61844E2352865EBCB61A275A65283CAAA9DD27703B4102F5AF51EF5F573B75CBB5AD38BC845F7A49F82A0966A49C2E3EA5EA0ECD326CD965F1DB402C6FA8B51A4658C5C5E2EC9E214602E55810345408596591009A82E7E7FFACA19EEA299B14A0081A705CB3296EBC14CDF658DCD336EA6D1136881AAEB87B81AB9EE53D5
310
F5EB8BC8362082DA24122F98680A4E7930C01A0079749CEA14382A0783E5EBA5A10F8C098456A03D6A4AEB6BB881E2513747552A5DB22C7EDAF83BD5528081A365F7FF06504B0304140006080000CC70623B000000000000000000000000350000006662782F41393633353835312D344632462D344230382D423046372D37
310
39314545314133324237412F76657274696365732E62696E504B0304140006080800CC70623BF270F1330600000004000000360000006662782F41393633353835312D344632462D344230382D423046372D3739314545314133324237412F747269616E676C65732E62696E636660600000504B0304140006080000CC7062
310
3B000000000000000000000000370000006662782F41393633353835312D344632462D344230382D423046372D3739314545314133324237412F617474726962757465732E62696E504B0304140006080800CC70623B08DA0BD19000000041010000360000006662782F41393633353835312D344632462D344230382D4230
310
46372D3739314545314133324237412F6469726563746F72792E786D6C858F410AC3201045AF22B36F53E9A60B35CBEEBAE80D244E44489C6234F4F835464A48035D0DF398FF9F8AF63D0E6CC63039F212F8F9020C7D47C6792B21C5FE7403D62A1188E2E60C98D7234A5830286103A55745067B9D86B8A3CF9C7F90C11DE6
310
07FB144396D7B6A82D282E9A152AD114D5EF2CB866EEE831B8EEA07A7BB5A8D7D61A2BAAEB7FD5F70921FF497D00504B0304140006080800CC70623BEDD1DC58FD000000A00100003B0000006662782F41393633353835312D344632462D344230382D423046372D3739314545314133324237412F7265736F75726365732F
310
636F72652E786D6C8D504B6E833010BD0A9A6D65B00922041947112427E8052C33A156828DFCA97AFC9A40A576D7CDCCE87D344F8F9FBFE667F689CE6B6B3A6039850C8DB2A336530731DC4903D95970676DF82583CCC8193B5861107C72362E3BA4AC096842428D1D7107A5F7182053CF7474E0D507CE32973124857FE48B
310
540F3961CEF244279DE03EB81420DB9EAC1384436FA353E879B1B182C7A8C75DA3C7F453DF353A1075D537A7BA6464B8F535A99AE14A9A2BBD90E350DD183B5CFABE3AF262350B1EF4FC9351399401471025A527C218A1E53BAB5A5AB765F5469B96525EACF23FA6B88CFF34456DC2A1DCE36E360F82A5202F42F062ED2BAD
310
579969AFDD8A6F504B010214000A0000080000CC70623B3DEE336E79000000790000001B00000000000000000000000000000000006175746F6465736B2D64657369676E2D7061636B6167652E786D6C504B01021400140006080800CC70623BD486FD9CA0000000F40000001300000000000000000000000000B20000005B
310
436F6E74656E745F54797065735D2E786D6C504B01021400140006080800CC70623B853B8169EB0000007C010000080000000000000000000000000083010000636F72652E786D6C504B01021400140006080800CC70623B55019EA25F0000007C000000070000000000000000000000000094020000636E782E786D6C504B
310
01021400140006080800CC70623BDBABAAF470010000D40300000C00000000000000000000000000180300006662782F636F72652E786D6C504B01021400140006080800CC70623B9C113CC27E0000009D0000000B00000000000000000000000000B20400006662782F636E782E786D6C504B01021400140006080800CC70
310
623B7DF2F77C2A010000120200003100000000000000000000000000590500006662782F41393633353835312D344632462D344230382D423046372D3739314545314133324237412F636F72652E786D6C504B01021400140006080800CC70623BAD7543B64E010000330300003000000000000000000000000000D2060000
310
6662782F41393633353835312D344632462D344230382D423046372D3739314545314133324237412F636E782E786D6C504B01021400140006080800CC70623BE75B7789680500003C10000034000000000000000000000000006E0800006662782F41393633353835312D344632462D344230382D423046372D3739314545
310
314133324237412F6F626A656374732E786D6C504B01021400140006080000CC70623B0000000000000000000000003500000000000000000000000000280E00006662782F41393633353835312D344632462D344230382D423046372D3739314545314133324237412F76657274696365732E62696E504B01021400140006
310
080800CC70623BF270F133060000000400000036000000000000000000000000007B0E00006662782F41393633353835312D344632462D344230382D423046372D3739314545314133324237412F747269616E676C65732E62696E504B01021400140006080000CC70623B0000000000000000000000003700000000000000
310
000000000000D50E00006662782F41393633353835312D344632462D344230382D423046372D3739314545314133324237412F617474726962757465732E62696E504B01021400140006080800CC70623B08DA0BD1900000004101000036000000000000000000000000002A0F00006662782F41393633353835312D344632
310
462D344230382D423046372D3739314545314133324237412F6469726563746F72792E786D6C504B01021400140006080800CC70623BEDD1DC58FD000000A00100003B000000000000000000000000000E1000006662782F41393633353835312D344632462D344230382D423046372D3739314545314133324237412F7265
310
736F75726365732F636F72652E786D6C504B0506000000000E000E0080040000641100000000
  0
XRECORD
  5
929
102
{ACAD_REACTORS
330
1F7
102
}
330
1F7
100
AcDbXrecord
280
     1
102
MATERIAL
148
0.0
149
0.0
149
0.0
 93
        0
 94
      127
282
     0
 72
     1
 77
     1
171
     1
175
     1
179
     1
273
     0
  0
XRECORD
  5
1F8
102
{ACAD_REACTORS
330
1F7
102
}
330
1F7
100
AcDbXrecord
280
     1
 70
     1
 90
429727718
  1
30362254-06B7-45E0-A893-8CFA70E3D6BC
310
504B03040A0000080000CC70623B3DEE336E79000000790000001B0000006175746F6465736B2D64657369676E2D7061636B6167652E786D6C3C3F786D6C2076657273696F6E3D22312E302220656E636F64696E673D227574662D3822203F3E3C666F726D6174733E3C666F726D61743E687474703A2F2F736368656D612E
310
6175746F6465736B2E636F6D2F64657369676E2D7061636B6167652F323030393C2F666F726D61743E3C2F666F726D6174733E504B0304140006080800CC70623BD486FD9CA0000000F4000000130000005B436F6E74656E745F54797065735D2E786D6C7D8EC10E82300C865F65E91D8A1E8C310C0EEA1BF002731658846E
310
D98AC1B77784ABF1D8FE5FBFBF75BBCE937A534CCEB38643598122B6FEE978D0B0485F9C41B54DDD7D022595594E1A469170414C76A4D9A4D207E29CF43ECE46F218070CC6BECC4078ACAA135ACF422C856C0E68EA1BF5669944DDD7BCDE7B1F8E415D77AECB980613C2E4AC91FC167A2B244592486606FC29C8FD7F045B9A
310
EF7053A7E60B504B0304140006080800CC70623B1EC5D7A3EB0000007C01000008000000636F72652E786D6C8D90416EC3201045AF82665B6103C6756C6122AB4D4ED00B204C5C94182C03558F5F9C3852BBEB6A467FFE9B197D71FC9E6FE8CBACC17AD7032D0820E3B41FAD9B7A48F1820F808E52ACDEC75F36404ECDA687
310
4D0629A6D5A76597B477D1B89855E747B38B2A041301E95B6E7A08FAD3CCAA50296647B8168BD2573599823EBB0CA76447F43862C7BCCF5EAC59410E4DDD9C7973C2755553CCCFA4C603E3040F1565ED3B1FDE4E432BCA0D9622DAF9795FAF464533826484B498524CD807E51D79ED187F21878E10516EF63F505AC67F42C9
310
BA58B1FDDD071640D2FCC87D2045B96591CB3DA85CB7DCE40F504B0304140006080800CC70623B55019EA25F0000007C00000007000000636E782E786D6C4DCB3B0E80201045D1AD90E915ED2CF8AC45050C11660C8261F98AB1B07AC9C97D42D718D865D3E909258CFD00CCE24AC6E326A164D74DC0B4128928FF32603847
310
2BA13128B1252AC747C6BAB984FC68F0B87FE8960A5C09FE86CFB69FBA01504B0304140006080800CC70623B8C9102E971010000D40300000C0000006662782F636F72652E786D6CC5535B6E833010BC8AE5DF0A6C08340F1947A84D4ED00B38C6A128602363A31CBFCB234A53A551FA553EC09AD9F5CE8C31DB9E9B1AF5CA
310
7695D1198E428A91D2D214952E33ECDD315861B4E5CC1AE3BE9561A445A3323CC098B3D21ADFCE9034DA29ED00D5A6503328BA4E398C640D8B0C77F253352214DE4145770A5B214FA2546114020D759C75CE8200340D19DE981F0F6746269C33EFAB6266AB02A655C74A59CCF365BADC27CB5D902ED22848F6340DF238A141
310
BE88E2F57B92BFEDF23523433367AE6A2EEAA455C2A902F398D2751045018D3FA264435F3771F242571B4A1919CA6F9A7C5B3CD9E42BED16F12C776AEB308F40C848FC700B1139D4891EF410CEC810227CC6846F8386402064270EF5C5C709A05E49676C024C61FC95EA45ED154CA5211D1FF4FB8291A913A68E9B83EBBB33
310
E2A7673CDE118E5AE8124C0807CB8377834E366998436B950D7A7746DAD846D4CFD978E0F04FD455FC5D49D2D4C6FE9722321F10997F0F32DC47FE05504B0304140006080800CC70623BFFEA85907E0000009D0000000B0000006662782F636E782E786D6C4DCCD10A83201886E15B91FFDC95D95A811AB6F23E625948A6C3
310
E9D8E5AF46073BFAE0E1E365ED67B3E8ADC3CB78C7815C7240DA3DFC64DCC221C519D7805AC182F7F1EF06C88D9BE6703008B6049F9E274D7A1E938DBB5AE3D6131B2589BA0D3D965551E0B2EA732C9B9A624AAEB41E3A557677029960D9AFB4EF11165F504B0304140006080800CC70623B4FEEA4082C0100001202000031
310
0000006662782F39464131463745442D413632322D343644302D413938332D3331353338454246344243312F636F72652E786D6C8D515B6EC32010BC0AE2AB55850DD871ED0813254D72825EC00192A2C460F1A872FC42ED48ED5F7E00CDCECCCEB26C731F6FE05B39AFADE921293004CA082BB5B9F43086336A21D870E6AC
310
0D7F68109861543DCC30E4ECE26C9C164858139409093556AA051CBC570102714B8F1E7AF1A5C6A11862480C7F2DA6415C878B2A4891CA89C7990F2E050073937C42DE1DB7E4F87ED8A36D4329AA9B3D46DBAEAD504556557BD81DEBDD0761E52CE42C462D17B996298E3E6BE59E35C962CE821E1FF18553435012728A7187
310
0841987E927A8D9B35ADDF70BBC6989599FE4F1427F9A4286A132ABAC49D651EF234CD5CE04CDA78BA3DC2A8FB645D00B9DF8B57E215725C60BCA2A463E54C4CE327C7A65E1C7DB02E7DEFCBF594B864C5CA6CDBD49C957943E9FA5D5FBAF336F90F504B0304140006080800CC70623BAD7543B64E01000033030000300000
310
006662782F39464131463745442D413632322D343644302D413938332D3331353338454246344243312F636E782E786D6CD593CD6EC32010845F0571AD6CE3D48AD20813A9873E410FBD12D82434182C7EAAE6EDBB2424CD25871E7B41D6EC30B3FA84F9E67BB2E40B4234DE8DB46F1925E094D7C6ED479AD3AE5951B2113C
310
789FEE6C943839C1488B4C05DF079FE72A69D8C96C13AAD6B8631503449F83828872B949AC57D26200B826A308D316B4064D6E46FCDA41C05550DC9E483A00797BFD207EFB092A45DE9514C1BBD22178396BD39D891265658C238DEA00936C654E5E433CB65A26D9F6EDB5EBC14EBF49A45CB856E66048291F6939A9A81BB5
310
C8917738143CA680F4AA299D66A042CEB3354A2684DC9D8D178FE0D9B8B41CAAD720F880EE7EF93C0C18769E099ECC04D5A102C8049A8A05632F4DDF376CF1DE0F6BB65C2F8627B65A33C6BB62177CEBBDAD973006829F89F22E814B54F4BC2BE347F8AA8F681390B50FA73F804400B5F542E796F19FF974E7F78DB802FE05
310
E207504B0304140006080800CC70623B16AB87BA640500003C100000340000006662782F39464131463745442D413632322D343644302D413938332D3331353338454246344243312F6F626A656374732E786D6CAD575B6FA33818FD2B887DE6924B3BED8A326A92B68A663B534DD4D13E548A0C38942D60649B369D5FBFC7
310
600890A493BDE42160637FD7F31D7FF63E6FB3D478A55C242CBF3247B66B1A340F5994E4F19559CA8D75611A9F7D8F33263BCB4C232719BD32D5B4E97B316765A1A722BA21652A07B3B7B33F0D11D29C9A46981221AE4C113ED38CD8A4942CA2E2C58E882476BCD9DA23BB5ED8171B73523C0F841684D35CC252CCE79062D4
310
468DFA43D7747CCF51DF7D4FFDEB5593E3AB9CCA9FBEFE241792E4E19EB28198C968BAB8199F5D5A67D3E9C49A9E8F47D6EC76B6B0469F26EEFC7C3EBFBCBEB98462213924694B38DD98FE1D62C393D073EA4FADC5DAF04326852CCF6958F90F0F2B9BB5C48816348F90C7840A68EB78EDF68723159BCEE7891A6B95DDE9D3
310
BCEAEEE8086A6C6F9E5D4B59F0175C10A7A0820BAA5055C7473B5AE3CFDD452D602CD5DF12616444529E90D448938013FE6EFA58AA96F85E4F8C42275708571E98FE6827AF6B2B4AE3D7D83D64E5A64C53054DD3AF90BD06FEA9149565C94FCA0F6B834DC85599E4F2423B24DF0B6AFA979E534DFA9E7A4CC6FA631D486393
310
921829879BF5D781A373557BCB85E97FB90DB62B558F8795179C15944B051F40AB495CF35451D26A4727654E6D8033BD98EF82F21D91FF8AF2DD9982BCF1643BDD4EB516C9492E368C67C88DED563FC36D5EACF66DFF057C3658BDBFA69DF9578B3DA735B64F18C7F20770A9D45CFCF7FCF563D6456A277DBEF78A02637CA2
310
43B90A490AEAB94F72244481D24819A6C0E59B606BFA4B3025981DBB48EAB701D97BF19C577CC77F2D1B6C55A9EF3C732474C0B727303F625995056C3B02963D9EAC146BE78EC5FCEC7FA999EBC5EACBAAE41B12D27B4D2C0BBA49F244E2ECDC81B76B502F113D8F5EE8FB1BE3111CDD4FC2AA9B844CAB1288B68AB90A7CDC
310
1C166AB0D3DC5310625FCC14E779BFD0709F8890A629C9292B1B2DED31A4B0DA928CEE135085754027E3018A397D4D5427D15BD1330B677DC8934285AC3DF45A9EB68FF8F2B8FC0A509AFEECFD0FF2DE25CC6047F7214B195F07EFEB9A094D800F7BFAE8FED187B78EA8A3A400F115961BCAD1215E47C966530AF0EE8128FE
310
58CEBB996A8964FFA529A046635D9353B0336A8F700DDF46271A024E70B0B37C9DE01847591E54DED53D54202AB947E4076556AC49C6CA5C9E1226B7F1A7B1BE15DEED62C41B91E1B3E9AFAAA735036547343A925075041DF0A9979E893B391F8FCFA6967B3EFB644DCF6E5CEBFAE272625DCC6FAF3FB93793C5F90CE1EF57
310
407342756B10D1C489E8953CD1617E5CEECAD6F4EF8914CE5D5D504E5C3F1F9736DA62CFC11E00BCDDB8CC8A9466349744C1F75EBDA4DF09BA8A9E8C7A7E9991989E20E5DBDD6A6003664ED8F7A04A8DBE0DF6EAD9B9AA858342E47399053949D2C146EDB85DE4B176BB0965FBAC19BD19AA918E27FA50C1D22402E144464C
310
59462568E704B6E71915404CB72B8FF4EDE184DDAF753F284990D2C6926782963815403548A70C657FDEF80D2D9CEAA2AE4C1C76F60BFE74219A06527D6582DF6412526107381E55E353090704D085B52408D0933C4ED159D79BDA71BB4BC506F4831350EB6F979CD22D69BF7AC49B91A2C0A9DDA3D5CA36AD20FC478E37E6
310
1844E2352865EBCB6EA275A652E3836BE04EFB400BF1A2556F515F1FBB35B2AB35BD889C744FFA1004B5544B121E57F70215746DD2F5E2C1412B602CBF19455AC6C8E5E9922C4E01E65215385004546899059180EAFCF7A707CE7017CD8CDB0410789AB32C63B91E5CEBBBACB17AC6CD347A022D5075FD106377347AAABA7E
310
7D11590744509B44E205134DC1290F06580320F78E537D3D73540E06CB970B431F185308AD40BBD794D6D77003C5A36E8EAA54BA64597CD8F83BD552A080A365F7FF06504B0304140006080000CC70623B000000000000000000000000350000006662782F39464131463745442D413632322D343644302D413938332D3331
310
353338454246344243312F76657274696365732E62696E504B0304140006080800CC70623BF270F1330600000004000000360000006662782F39464131463745442D413632322D343644302D413938332D3331353338454246344243312F747269616E676C65732E62696E636660600000504B0304140006080000CC70623B
310
000000000000000000000000370000006662782F39464131463745442D413632322D343644302D413938332D3331353338454246344243312F617474726962757465732E62696E504B0304140006080800CC70623B08DA0BD19000000041010000360000006662782F39464131463745442D413632322D343644302D413938
310
332D3331353338454246344243312F6469726563746F72792E786D6C858F410AC3201045AF22B36F53E9A60B35CBEEBAE80D244E44489C6234F4F835464A48035D0DF398FF9F8AF63D0E6CC63039F212F8F9020C7D47C6792B21C5FE7403D62A1188E2E60C98D7234A5830286103A55745067B9D86B8A3CF9C7F90C11DE607
310
FB144396D7B6A82D282E9A152AD114D5EF2CB866EEE831B8EEA07A7BB5A8D7D61A2BAAEB7FD5F70921FF497D00504B0304140006080800CC70623B0D6EF93BFE000000A00100003B0000006662782F39464131463745442D413632322D343644302D413938332D3331353338454246344243312F7265736F75726365732F63
310
6F72652E786D6C8D50596E833010BD0A9ADFCA60B334011947A8694ED00B586642AC041B79A97AFC9A40A5F6AF3F33A3B7689E1E3F7DCD8FEC139DD7D6F4C0720A191A65476DA61E62B892236427C19DB5E1970C322367EC618541F0C9D9B8EC90B226A009093576C41D94DE63804C3DD2D18357379C652E63480A7FCF17A9
310
EE72C29CE5894E3AC17D702940B63D59270887DE46A7D0F36263058F518FBB468FE9A7BE6A7420864373B8D4873369AA8691FA421B3294352543C5CAF65C0F6FEF43CB8BD52C78D0F34F46E550061C419494B6843142CB0F5677F4B52BEB177AEC28E5C52AFF638ACBF84F53D42654E51E77B379102C05791282176B5F693D
310
CB4C7BED567C03504B010214000A0000080000CC70623B3DEE336E79000000790000001B00000000000000000000000000000000006175746F6465736B2D64657369676E2D7061636B6167652E786D6C504B01021400140006080800CC70623BD486FD9CA0000000F40000001300000000000000000000000000B20000005B
310
436F6E74656E745F54797065735D2E786D6C504B01021400140006080800CC70623B1EC5D7A3EB0000007C010000080000000000000000000000000083010000636F72652E786D6C504B01021400140006080800CC70623B55019EA25F0000007C000000070000000000000000000000000094020000636E782E786D6C504B
310
01021400140006080800CC70623B8C9102E971010000D40300000C00000000000000000000000000180300006662782F636F72652E786D6C504B01021400140006080800CC70623BFFEA85907E0000009D0000000B00000000000000000000000000B30400006662782F636E782E786D6C504B01021400140006080800CC70
310
623B4FEEA4082C0100001202000031000000000000000000000000005A0500006662782F39464131463745442D413632322D343644302D413938332D3331353338454246344243312F636F72652E786D6C504B01021400140006080800CC70623BAD7543B64E010000330300003000000000000000000000000000D5060000
310
6662782F39464131463745442D413632322D343644302D413938332D3331353338454246344243312F636E782E786D6C504B01021400140006080800CC70623B16AB87BA640500003C1000003400000000000000000000000000710800006662782F39464131463745442D413632322D343644302D413938332D3331353338
310
454246344243312F6F626A656374732E786D6C504B01021400140006080000CC70623B0000000000000000000000003500000000000000000000000000270E00006662782F39464131463745442D413632322D343644302D413938332D3331353338454246344243312F76657274696365732E62696E504B01021400140006
310
080800CC70623BF270F133060000000400000036000000000000000000000000007A0E00006662782F39464131463745442D413632322D343644302D413938332D3331353338454246344243312F747269616E676C65732E62696E504B01021400140006080000CC70623B0000000000000000000000003700000000000000
310
000000000000D40E00006662782F39464131463745442D413632322D343644302D413938332D3331353338454246344243312F617474726962757465732E62696E504B01021400140006080800CC70623B08DA0BD190000000410100003600000000000000000000000000290F00006662782F39464131463745442D413632
310
322D343644302D413938332D3331353338454246344243312F6469726563746F72792E786D6C504B01021400140006080800CC70623B0D6EF93BFE000000A00100003B000000000000000000000000000D1000006662782F39464131463745442D413632322D343644302D413938332D3331353338454246344243312F7265
310
736F75726365732F636F72652E786D6C504B0506000000000E000E0080040000641100000000
  0
XRECORD
  5
92B
102
{ACAD_REACTORS
330
173
102
}
330
173
100
AcDbXrecord
280
     1
102
MATERIAL
148
0.0
149
0.0
149
0.0
 93
        0
 94
      127
282
     0
 72
     1
 77
     1
171
     1
175
     1
179
     1
273
     0
  0
XRECORD
  5
175
102
{ACAD_REACTORS
330
173
102
}
330
173
100
AcDbXrecord
280
     1
270
     1
271
     1
  0
XRECORD
  5
174
102
{ACAD_REACTORS
330
173
102
}
330
173
100
AcDbXrecord
280
     1
270
     1
271
     1
  0
XRECORD
  5
1FB
102
{ACAD_REACTORS
330
173
102
}
330
173
100
AcDbXrecord
280
     1
 70
     0
 90
1673772943
  1
ECE7A1D2-D628-4531-984C-D00F80459256
310
504B03040A0000080000CC70623B3DEE336E79000000790000001B0000006175746F6465736B2D64657369676E2D7061636B6167652E786D6C3C3F786D6C2076657273696F6E3D22312E302220656E636F64696E673D227574662D3822203F3E3C666F726D6174733E3C666F726D61743E687474703A2F2F736368656D612E
310
6175746F6465736B2E636F6D2F64657369676E2D7061636B6167652F323030393C2F666F726D61743E3C2F666F726D6174733E504B0304140006080800CC70623BD486FD9CA0000000F4000000130000005B436F6E74656E745F54797065735D2E786D6C7D8EC10E82300C865F65E91D8A1E8C310C0EEA1BF002731658846E
310
D98AC1B77784ABF1D8FE5FBFBF75BBCE937A534CCEB38643598122B6FEE978D0B0485F9C41B54DDD7D022595594E1A469170414C76A4D9A4D207E29CF43ECE46F218070CC6BECC4078ACAA135ACF422C856C0E68EA1BF5669944DDD7BCDE7B1F8E415D77AECB980613C2E4AC91FC167A2B244592486606FC29C8FD7F045B9A
310
EF7053A7E60B504B0304140006080800CC70623BD9DDAED0EC0000007C01000008000000636F72652E786D6C8D90416EC3201045AF82665B61836D9CD8C2444DD39CA01740405C94182C03558F5F9C3852BBEB6A467FFE9B197D7EF89E6EE8CB2CC17A37002D0820E394D7D68D03A478C17B4007C117EFE32F1B20272733C0
310
2A83E0E3E2D3BC49CABB685CCCAAF3DA6CA20CC14440EA969B0182FA34932C648AD911AEC52CD5558EA6A0CF2EC329598D1E47ACCEFBECC59A050463A7EA5833865FEBDD0E37353BE3EE8DBDE3F6786A48D375FBF6CC78B9C282473B3DEFABC5C86834888A900E538A49F5419B9EB47DD5BC907D4F082F57FB1F28CDFA9F50
310
B22ED6D5F6EE030B20687EE43E10BC5CB3C8E51E54AE6B6EE207504B0304140006080800CC70623B55019EA25F0000007C00000007000000636E782E786D6C4DCB3B0E80201045D1AD90E915ED2CF8AC45050C11660C8261F98AB1B07AC9C97D42D718D865D3E909258CFD00CCE24AC6E326A164D74DC0B4128928FF326038
310
472BA13128B1252AC747C6BAB984FC68F0B87FE8960A5C09FE86CFB69FBA01504B0304140006080800CC70623BA24EB22D72010000D40300000C0000006662782F636F72652E786D6CC5535B6E833010BC8AE5DF0A6C5E49888CA3A6694ED00B38E05014B091B1518EDFE511A5A9D228FD2A1F60CDEC7A67C6986DCE4D8D7A
310
69BA4AAB0C073EC548AA5C17952A33ECECD15B61B4E1CC686DBF9561A44423333CC098B3D268D7CE50AE9595CA02AA74216750749DB418E5352C32DCE59FB211BE70162ABA93DF8AFC244AE9073ED050C759670D0840D390E18DF9F1706664C23973AE2A66B62A605A75ACA4C13C4976E1364A12EF355A2EBD384AF65EFA96
310
BC7B8BED2EA6719AAE16FB8491A199335B351775B991C2CA02F390D2D40B028F861F41BCA68B7518BFD0D59A524686F29B26D7164F36B94AD9289CE54E6D1DE6010819891F6E21228B3AD1831EC219194284CF98F06DD01008846CC5A1BEF83801D4CBDC6A1303536877A57A513B0953A94FC707FDBE6064EA84A9E3E6E0FA
310
EE8CF0E9198F7784A316AA0413C2C2F2E0ECA0934D1AE6D05A69BCDE9E91D2A611F573361E38FC1375157F5752AE6B6DFE4B11990F88CCBF0719EE23FF02504B0304140006080800CC70623B408A7D3B7C0000009D0000000B0000006662782F636E782E786D6C4DCCD10A83201886E15B91FFDC552A92A0064DBC8F581632
310
D3703A76F9ABD1C18E3E78F878E5F0D9027ABBFCF2292AE86E2D20171F69F6715550CB827B40839639A5F2770314A7CD293819B45C73AAFB45B35BA61ACAA1C1C7E7855C58C15BC331339661262CC762340413D68D77DA5B42298546CBE6573AF60CEB2F504B0304140006080800CC70623B449FB9BD290100001202000031
310
0000006662782F36394639363044362D344446342D343946362D394244322D3234314243333846323333332F636F72652E786D6C8D515B6EC32010BC0AE22B55850D98B871848994463E412FE002495162B07854397EA176A4F62F3F2C9A9D991D587EB84F37F0AD7D30CEF6905418026DA553C65E7A98E219ED203808EE9D
310
8B7F6810D871D23D2C3014FCE25D9A57483A1BB58D19B54EE9151C43D0110279CB971E06F9A5A7B11A53CC8C70ADE6515EC78BAE4895DB992778883E0700CB907242D17643D7E2538BD869608875438BBAE38922CAC8F1BDD90DB4691A5E2F42C153326A951B95E398B3D1FE599322163C9AE9115F7A3D46ADA0A018778810
310
84E907617BDCEE297BC5BB3DC6BC2EF47FA234AB2745C9D8D8D035EE220B50105E2F0DC1954B9FB747187D9F9D8FA0CCDB042D5FA0C015C65B42DF78BD10F3F3B363CB56C7109DCFDFBBB97E662ED92EB62D13BC2E1BCAE5777DB9966D8A1F504B0304140006080800CC70623BAD7543B64E01000033030000300000006662
310
782F36394639363044362D344446342D343946362D394244322D3234314243333846323333332F636E782E786D6CD593CD6EC32010845F0571AD6CE3D48AD20813A9873E410FBD12D82434182C7EAAE6EDBB2424CD25871E7B41D6EC30B3FA84F9E67BB2E40B4234DE8DB46F1925E094D7C6ED479AD3AE5951B2113C789FEE
310
6C943839C1488B4C05DF079FE72A69D8C96C13AAD6B8631503449F83828872B949AC57D26200B826A308D316B4064D6E46FCDA41C05550DC9E483A00797BFD207EFB092A45DE9514C1BBD22178396BD39D891265658C238DEA00936C654E5E433CB65A26D9F6EDB5EBC14EBF49A45CB856E66048291F6939A9A81BB5C89177
310
38143CA680F4AA299D66A042CEB3354A2684DC9D8D178FE0D9B8B41CAAD720F880EE7EF93C0C18769E099ECC04D5A102C8049A8A05632F4DDF376CF1DE0F6BB65C2F8627B65A33C6BB62177CEBBDAD973006829F89F22E814B54F4BC2BE347F8AA8F681390B50FA73F804400B5F542E796F19FF974E7F78DB802FE05E20750
310
4B0304140006080800CC70623B8D05915C650500003B100000340000006662782F36394639363044362D344446342D343946362D394244322D3234314243333846323333332F6F626A656374732E786D6CAD575B6FA33814FE2B887D06429276DA1565D4266D158D3A339A6846FB502932E050B66023DB74D2FDF5FB190C01
310
9276B2973C046C8ECFF53B17071F77456EBD502133CEAE6CDF9DD81665314F32965ED995DA3A17B6F5310C04E7AA47665B8C14F4CAD6DB7618A48257A5D94AE89654B91AEDDEDDFC61C998326A5B714EA4BCB265FC440BE2924AF184CA6737218AB8E976E7FA6E4338649B0A523E8D98964450A6A029F619B8588D52FE7039
310
B1BD30F0F4F730D0FF866AF6369557DB33949F31A9088B0F848DD8CCFCF9F2767A76E99CCDE733677E3EF59D9BBB9BA5E37F984D16E78BC5E5F5ED25044B25C0C96822E8D60EEFE11B91C581D77CEA34368A1F5329E68CD1B8B61F16D63A1B8E092D294B10C78C4A48EB593D192E7DED9BDEE7995E1B91FDEDD3ACEA9FE831
310
6A756F9F7D4D79F4274C90A7A04248AA51D5F8C718DAE06FB2F75AC4796EBE65D22A88A22223B995679120E2D50E41AA49C260C046A35368846B0BECD0DFF3EBEB8AD4F835768F69B9ADF25C43D30E6B646F807FAA64AD59F61715C7A54127C4AACA98BA3006A9D792DAE165E0D59B61A01FB3A9F9D838D2DAE62445C86166
310
F37564E842E7DE6A69879FEEA2DD5AE7E371E1A5E025154AC307D06A03D73EB5978C58FFA4C8E9033066E0F3BD53BEC1F39F91BE7B55103791EDE6BBB991A2046172CB4581D8B893FA674DDA17A77B3B7C413D1B511FD2743BFF8A38F03A658705E3ADF8015C3A3417FF3D7E439FF591DA0B5F18BC20C1B8981957AE6392A3
310
F43C640C01D1A0B4728E2DD4F26DB4B3C3152A252A3B4E913CEC1C72F012782FF88EFF8637AA552DBEF76408E8A8DE9E50F9E1CB3A2DA0DB1B6039A893B56063DC5B3E3FFB5F72E67AB9FEB4AEC496C4F4C1149625DD662C53E89D7BF0F6151A046260D1337DFDC94502430F83B0EE07A130A224BCAD7DAE1D9FB6CD422FF6
310
920702629C4BB9AE79C12F243C6432A6794E18E5552BA56B431AAB5D91317302B2B071E86C3A42B1A02F999E24061403B5D0EB639195DA655DD3EBEAB4FB862DDF579F014AD0E73C22F99E28DA57FB98E75C6CA2D74D53086D600F4786E0FE3144B771A8A7B900F03594DB8A633CBC49B2EDB69228BB479CF863B5E807AAAB
310
23872F6DFEB4129B949CA33823F58830E86D65621E10047D9DB34D862E8EAC3C2ABC2F7B2C40D67CDFE01F5545B92105AF983AC54D93D69E56FB8E797F88913F898A9FEC705D3F9D1B54EC8426FB500D40A03BD0119B06E1B95DDC7EB8F6975367793EBD70E66733DFB9BC982F9CE564727731999F5D4ECFCE3B8D6A4DC2A0
310
6D50FD148437D110834A64C6CDDF57FBACB5C307A2A477DFE4939736CFEF2B175371E0E10CF0DD1D5C15654E0BCA14D1E87DD02FF93782A162C0A3D95F1524A52770F972BF1EE9809D13CE7DD599467F8ECE9ADD85CE85A34CD45355448C64F9E8A031DC2D596ACC6E5DD93D9B82DE2EF5CAF81363A8E47996A0DE24564A79
310
4115AACE09C55E14540231FDA13C319787134EBF34E3A022514E5B4D9E0826E25C02D5805B15ABE1BEF51B26383D445DD9E875EE33FE4C22DA16427D65A3BCA92CA6D28DD01DF5DC53330704308475351050232CCD31583787BA75774AFB06E5070DD0C8EF484E19968C5D83BA5B90B244D31E54D55A372320FE4786B7EA58
310
44E135AA5467CB7EA333A61683CC6A8C3257034C10CF46F40EF9F5BE59BE5BD30C3C72D235E95D10345C1D45445A5F0BB47E46A5EBE5570F9380B5FA629579952296A773720405982B9DE04011506178964401AA8BDF1FBF0A8EAB6861DD6580C0E38217056766716DAEB2D6FA0917D3E4116581EADB879C4E7CFFB11EFACD
310
3D641311495D92C8676CB409A72D18610D803CE8A626049E8EC1887CB5B44CC39883690DDA8399B4B9855B481E7D71D4A9D22F96E5BB73BF5793020C02137BF837504B0304140006080000CC70623B000000000000000000000000350000006662782F36394639363044362D344446342D343946362D394244322D32343142
310
43333846323333332F76657274696365732E62696E504B0304140006080800CC70623BF270F1330600000004000000360000006662782F36394639363044362D344446342D343946362D394244322D3234314243333846323333332F747269616E676C65732E62696E636660600000504B0304140006080000CC70623B0000
310
00000000000000000000370000006662782F36394639363044362D344446342D343946362D394244322D3234314243333846323333332F617474726962757465732E62696E504B0304140006080800CC70623B08DA0BD19000000041010000360000006662782F36394639363044362D344446342D343946362D394244322D
310
3234314243333846323333332F6469726563746F72792E786D6C858F410AC3201045AF22B36F53E9A60B35CBEEBAE80D244E44489C6234F4F835464A48035D0DF398FF9F8AF63D0E6CC63039F212F8F9020C7D47C6792B21C5FE7403D62A1188E2E60C98D7234A5830286103A55745067B9D86B8A3CF9C7F90C11DE607FB14
310
4396D7B6A82D282E9A152AD114D5EF2CB866EEE831B8EEA07A7BB5A8D7D61A2BAAEB7FD5F70921FF497D00504B0304140006080800CC70623BCA768048FE000000A00100003B0000006662782F36394639363044362D344446342D343946362D394244322D3234314243333846323333332F7265736F75726365732F636F72
310
652E786D6C8D50596E833010BD0A9ADFCA60D600328E9AA639412F609909B1126CE4A5EAF16B0295DABFFECC8CDEA2797AECF8353F924FB44E193D409E5248504B332A3D0D10FC95B4901C39B3C6F85F3248B49871801506CE266BC2B243D2688FDA47549B11775038871E12F988C7004EDE7016A9083E2ADC3D5D84BC8B09
310
D33C8D74D471E6BC8D0192EDC93A815B742658898E651BCB59086ADC356A8C3FD555A1055ED7E7E254D615792D0F075295F585746FF53B694EE78A565DD736979A65AB9933AFE69F8CD2A2F038022F28ED489E135A7CE4554F9BBEA85E68DB53CAB255FEC71496F19FA6A0B42F8B3DEE6673C0F318E4497096AD7DC5F52C33
310
EEB55BFE0D504B010214000A0000080000CC70623B3DEE336E79000000790000001B00000000000000000000000000000000006175746F6465736B2D64657369676E2D7061636B6167652E786D6C504B01021400140006080800CC70623BD486FD9CA0000000F40000001300000000000000000000000000B20000005B436F
310
6E74656E745F54797065735D2E786D6C504B01021400140006080800CC70623BD9DDAED0EC0000007C010000080000000000000000000000000083010000636F72652E786D6C504B01021400140006080800CC70623B55019EA25F0000007C000000070000000000000000000000000095020000636E782E786D6C504B0102
310
1400140006080800CC70623BA24EB22D72010000D40300000C00000000000000000000000000190300006662782F636F72652E786D6C504B01021400140006080800CC70623B408A7D3B7C0000009D0000000B00000000000000000000000000B50400006662782F636E782E786D6C504B01021400140006080800CC70623B
310
449FB9BD290100001202000031000000000000000000000000005A0500006662782F36394639363044362D344446342D343946362D394244322D3234314243333846323333332F636F72652E786D6C504B01021400140006080800CC70623BAD7543B64E010000330300003000000000000000000000000000D20600006662
310
782F36394639363044362D344446342D343946362D394244322D3234314243333846323333332F636E782E786D6C504B01021400140006080800CC70623B8D05915C650500003B10000034000000000000000000000000006E0800006662782F36394639363044362D344446342D343946362D394244322D32343142433338
310
46323333332F6F626A656374732E786D6C504B01021400140006080000CC70623B0000000000000000000000003500000000000000000000000000250E00006662782F36394639363044362D344446342D343946362D394244322D3234314243333846323333332F76657274696365732E62696E504B010214001400060808
310
00CC70623BF270F13306000000040000003600000000000000000000000000780E00006662782F36394639363044362D344446342D343946362D394244322D3234314243333846323333332F747269616E676C65732E62696E504B01021400140006080000CC70623B00000000000000000000000037000000000000000000
310
00000000D20E00006662782F36394639363044362D344446342D343946362D394244322D3234314243333846323333332F617474726962757465732E62696E504B01021400140006080800CC70623B08DA0BD190000000410100003600000000000000000000000000270F00006662782F36394639363044362D344446342D
310
343946362D394244322D3234314243333846323333332F6469726563746F72792E786D6C504B01021400140006080800CC70623BCA768048FE000000A00100003B000000000000000000000000000B1000006662782F36394639363044362D344446342D343946362D394244322D3234314243333846323333332F7265736F
310
75726365732F636F72652E786D6C504B0506000000000E000E0080040000621100000000
  0
XRECORD
  5
176
102
{ACAD_REACTORS
330
173
102
}
330
173
100
AcDbXrecord
280
     1
270
     1
271
     1
  0
XRECORD
  5
177
102
{ACAD_REACTORS
330
173
102
}
330
173
100
AcDbXrecord
280
     1
270
     1
271
     1
  0
CELLSTYLEMAP
  5
B93
102
{ACAD_REACTORS
330
162
102
}
330
162
100
AcDbCellStyleMap
 90
        3
300
CELLSTYLE
  1
TABLEFORMAT_BEGIN
 90
        5
170
     1
 91
        0
 92
    32768
 62
   257
 93
        1
300
CONTENTFORMAT
  1
CONTENTFORMAT_BEGIN
 90
        0
 91
        0
 92
      512
 93
        0
300

 40
0.0
140
1.0
 94
        5
 62
     0
340
11
144
6.0
309
CONTENTFORMAT_END
171
     1
301
MARGIN
  1
CELLMARGIN_BEGIN
 40
1.5
 40
1.5
 40
1.5
 40
1.5
 40
0.18
 40
0.18
309
CELLMARGIN_END
 94
        6
 95
        1
302
GRIDFORMAT
  1
GRIDFORMAT_BEGIN
 90
        0
 91
        1
 62
     0
 92
       -2
340
14
 93
        0
 40
1.125
309
GRIDFORMAT_END
 95
        2
302
GRIDFORMAT
  1
GRIDFORMAT_BEGIN
 90
        0
 91
        1
 62
     0
 92
       -2
340
14
 93
        0
 40
1.125
309
GRIDFORMAT_END
 95
        4
302
GRIDFORMAT
  1
GRIDFORMAT_BEGIN
 90
        0
 91
        1
 62
     0
 92
       -2
340
14
 93
        0
 40
1.125
309
GRIDFORMAT_END
 95
        8
302
GRIDFORMAT
  1
GRIDFORMAT_BEGIN
 90
        0
 91
        1
 62
     0
 92
       -2
340
14
 93
        0
 40
1.125
309
GRIDFORMAT_END
 95
       16
302
GRIDFORMAT
  1
GRIDFORMAT_BEGIN
 90
        0
 91
        1
 62
     0
 92
       -2
340
14
 93
        0
 40
1.125
309
GRIDFORMAT_END
 95
       32
302
GRIDFORMAT
  1
GRIDFORMAT_BEGIN
 90
        0
 91
        1
 62
     0
 92
       -2
340
14
 93
        0
 40
1.125
309
GRIDFORMAT_END
309
TABLEFORMAT_END
  1
CELLSTYLE_BEGIN
 90
        1
 91
        1
300
_TITLE
309
CELLSTYLE_END
300
CELLSTYLE
  1
TABLEFORMAT_BEGIN
 90
        5
170
     1
 91
        0
 92
        0
 62
   257
 93
        1
300
CONTENTFORMAT
  1
CONTENTFORMAT_BEGIN
 90
        0
 91
        0
 92
      512
 93
        0
300

 40
0.0
140
1.0
 94
        5
 62
     0
340
11
144
4.5
309
CONTENTFORMAT_END
171
     1
301
MARGIN
  1
CELLMARGIN_BEGIN
 40
1.5
 40
1.5
 40
1.5
 40
1.5
 40
0.18
 40
0.18
309
CELLMARGIN_END
 94
        6
 95
        1
302
GRIDFORMAT
  1
GRIDFORMAT_BEGIN
 90
        0
 91
        1
 62
     0
 92
       -2
340
14
 93
        0
 40
1.125
309
GRIDFORMAT_END
 95
        2
302
GRIDFORMAT
  1
GRIDFORMAT_BEGIN
 90
        0
 91
        1
 62
     0
 92
       -2
340
14
 93
        0
 40
1.125
309
GRIDFORMAT_END
 95
        4
302
GRIDFORMAT
  1
GRIDFORMAT_BEGIN
 90
        0
 91
        1
 62
     0
 92
       -2
340
14
 93
        0
 40
1.125
309
GRIDFORMAT_END
 95
        8
302
GRIDFORMAT
  1
GRIDFORMAT_BEGIN
 90
        0
 91
        1
 62
     0
 92
       -2
340
14
 93
        0
 40
1.125
309
GRIDFORMAT_END
 95
       16
302
GRIDFORMAT
  1
GRIDFORMAT_BEGIN
 90
        0
 91
        1
 62
     0
 92
       -2
340
14
 93
        0
 40
1.125
309
GRIDFORMAT_END
 95
       32
302
GRIDFORMAT
  1
GRIDFORMAT_BEGIN
 90
        0
 91
        1
 62
     0
 92
       -2
340
14
 93
        0
 40
1.125
309
GRIDFORMAT_END
309
TABLEFORMAT_END
  1
CELLSTYLE_BEGIN
 90
        2
 91
        1
300
_HEADER
309
CELLSTYLE_END
300
CELLSTYLE
  1
TABLEFORMAT_BEGIN
 90
        5
170
     1
 91
        0
 92
        0
 62
   257
 93
        1
300
CONTENTFORMAT
  1
CONTENTFORMAT_BEGIN
 90
        0
 91
        0
 92
      512
 93
        0
300

 40
0.0
140
1.0
 94
        2
 62
     0
340
11
144
4.5
309
CONTENTFORMAT_END
171
     1
301
MARGIN
  1
CELLMARGIN_BEGIN
 40
1.5
 40
1.5
 40
1.5
 40
1.5
 40
0.18
 40
0.18
309
CELLMARGIN_END
 94
        6
 95
        1
302
GRIDFORMAT
  1
GRIDFORMAT_BEGIN
 90
        0
 91
        1
 62
     0
 92
       -2
340
14
 93
        0
 40
1.125
309
GRIDFORMAT_END
 95
        2
302
GRIDFORMAT
  1
GRIDFORMAT_BEGIN
 90
        0
 91
        1
 62
     0
 92
       -2
340
14
 93
        0
 40
1.125
309
GRIDFORMAT_END
 95
        4
302
GRIDFORMAT
  1
GRIDFORMAT_BEGIN
 90
        0
 91
        1
 62
     0
 92
       -2
340
14
 93
        0
 40
1.125
309
GRIDFORMAT_END
 95
        8
302
GRIDFORMAT
  1
GRIDFORMAT_BEGIN
 90
        0
 91
        1
 62
     0
 92
       -2
340
14
 93
        0
 40
1.125
309
GRIDFORMAT_END
 95
       16
302
GRIDFORMAT
  1
GRIDFORMAT_BEGIN
 90
        0
 91
        1
 62
     0
 92
       -2
340
14
 93
        0
 40
1.125
309
GRIDFORMAT_END
 95
       32
302
GRIDFORMAT
  1
GRIDFORMAT_BEGIN
 90
        0
 91
        1
 62
     0
 92
       -2
340
14
 93
        0
 40
1.125
309
GRIDFORMAT_END
309
TABLEFORMAT_END
  1
CELLSTYLE_BEGIN
 90
        3
 91
        2
300
_DATA
309
CELLSTYLE_END
  0
XRECORD
  5
B96
102
{ACAD_REACTORS
330
162
102
}
330
162
100
AcDbXrecord
280
     1
102
ACAD_ROUNDTRIP_PRE2007_TABLESTYLE
 90
      512
 91
        0
  1

 92
      512
 93
        0
  2

 94
      512
 95
        0
  3

  0
XRECORD
  5
BA2
102
{ACAD_REACTORS
330
BA1
102
}
330
BA1
100
AcDbXrecord
280
     1
102
RTVSPost2010Prop28
280
     1
102
RTVSPost2010PropOp28
 70
     1
102
RTVSPost2010Prop29
280
     1
102
RTVSPost2010PropOp29
 70
     1
102
RTVSPost2010Prop30
280
     0
102
RTVSPost2010PropOp30
 70
     1
102
RTVSPost2010Prop31
280
     0
102
RTVSPost2010PropOp31
 70
     1
102
RTVSPost2010Prop32
280
     0
102
RTVSPost2010PropOp32
 70
     1
102
RTVSPost2010Prop33
280
     0
102
RTVSPost2010PropOp33
 70
     1
102
RTVSPost2010Prop34
280
     0
102
RTVSPost2010PropOp34
 70
     1
102
RTVSPost2010Prop35
280
     0
102
RTVSPost2010PropOp35
 70
     1
102
RTVSPost2010Prop36
280
     0
102
RTVSPost2010PropOp36
 70
     1
102
RTVSPost2010Prop37
 90
       50
102
RTVSPost2010PropOp37
 70
     1
102
RTVSPost2010Prop38
140
0.0
102
RTVSPost2010PropOp38
 70
     1
102
RTVSPost2010Prop39
140
1.0
102
RTVSPost2010PropOp39
 70
     1
102
RTVSPost2010Prop40
 90
        0
102
RTVSPost2010PropOp40
 70
     1
102
RTVSPost2010Prop41ColorIndex
 90
       18
102
RTVSPost2010Prop41ColorRGB
 90
        0
102
RTVSPost2010PropOp41
 70
     1
102
RTVSPost2010Prop42
 90
       50
102
RTVSPost2010PropOp42
 70
     1
102
RTVSPost2010Prop43
 90
        3
102
RTVSPost2010PropOp43
 70
     1
102
RTVSPost2010Prop44ColorIndex
 90
        5
102
RTVSPost2010Prop44ColorRGB
 90
      255
102
RTVSPost2010PropOp44
 70
     1
102
RTVSPost2010Prop45
280
     0
102
RTVSPost2010PropOp45
 70
     1
102
RTVSPost2010Prop46
 90
       50
102
RTVSPost2010PropOp46
 70
     1
102
RTVSPost2010Prop47
 90
       50
102
RTVSPost2010PropOp47
 70
     1
102
RTVSPost2010Prop48
 90
       50
102
RTVSPost2010PropOp48
 70
     1
102
RTVSPost2010Prop49
280
     0
102
RTVSPost2010PropOp49
 70
     1
102
RTVSPost2010Prop50
 90
       50
102
RTVSPost2010PropOp50
 70
     1
102
RTVSPost2010Prop51ColorIndex
 90
      256
102
RTVSPost2010Prop51ColorRGB
 90
-16777216
102
RTVSPost2010PropOp51
 70
     0
102
RTVSPost2010Prop52
140
1.0
102
RTVSPost2010PropOp52
 70
     0
102
RTVSPost2010Prop53
 90
        2
102
RTVSPost2010PropOp53
 70
     1
102
RTVSPost2010Prop54
  1
strokes_ogs.tif
102
RTVSPost2010PropOp54
 70
     1
102
RTVSPost2010Prop55
280
     0
102
RTVSPost2010PropOp55
 70
     1
102
RTVSPost2010Prop56
140
1.0
102
RTVSPost2010PropOp56
 70
     1
102
RTVSPost2010Prop57
140
1.0
102
RTVSPost2010PropOp57
 70
     1
102
RTVSPropertyOp0
 70
     1
102
RTVSPropertyOp1
 70
     1
102
RTVSPropertyOp2
 70
     1
102
RTVSPropertyOp3
 70
     1
102
RTVSPropertyOp4
 70
     1
102
RTVSPropertyOp5
 70
     1
102
RTVSPropertyOp6
 70
     1
102
RTVSPropertyOp7
 70
     1
102
RTVSPropertyOp8
 70
     1
102
RTVSPropertyOp9
 70
     1
102
RTVSPropertyOp10
 70
     1
102
RTVSPropertyOp11
 70
     1
102
RTVSPropertyOp12
 70
     1
102
RTVSPropertyOp13
 70
     1
102
RTVSPropertyOp14
 70
     1
102
RTVSPropertyOp15
 70
     1
102
RTVSPropertyOp16
 70
     1
102
RTVSPropertyOp17
 70
     1
102
RTVSPropertyOp18
 70
     1
102
RTVSPropertyOp19
 70
     1
102
RTVSPropertyOp20
 70
     1
102
RTVSPropertyOp21
 70
     1
102
RTVSPropertyOp22
 70
     1
102
RTVSPropertyOp23
 70
     1
102
RTVSPropertyOp24
 70
     1
102
RTVSPropertyOp25
 70
     1
102
RTVSPropertyOp26
 70
     1
102
RTVSPropertyOp27
 70
     1
102
RTVSPropertyOp28
 70
     1
102
RTVSPropertyOp29
 70
     1
102
RTVSPropertyOp30
 70
     1
102
RTVSPropertyOp31
 70
     1
102
RTVSPropertyOp32
 70
     1
102
RTVSPropertyOp33
 70
     1
102
RTVSPropertyOp34
 70
     1
102
RTVSPropertyOp35
 70
     1
102
RTVSPropertyOp36
 70
     1
102
RTVSPropertyOp37
 70
     1
102
RTVSPropertyOp38
 70
     1
102
RTVSPropertyOp39
 70
     1
102
RTVSPropertyOp40
 70
     1
102
RTVSPropertyOp41
 70
     1
102
RTVSPropertyOp42
 70
     1
102
RTVSPropertyOp43
 70
     1
102
RTVSPropertyOp44
 70
     1
102
RTVSPropertyOp45
 70
     1
102
RTVSPropertyOp46
 70
     1
102
RTVSPropertyOp47
 70
     1
102
RTVSPropertyOp48
 70
     1
102
RTVSPropertyOp49
 70
     1
102
RTVSPropertyOp50
 70
     1
102
RTVSPropertyOp51
 70
     0
102
RTVSPropertyOp52
 70
     0
102
RTVSPropertyOp53
 70
     1
102
RTVSPropertyOp54
 70
     1
102
RTVSPropertyOp55
 70
     1
102
RTVSPropertyOp56
 70
     1
102
RTVSPropertyOp57
 70
     1
102
RTVSPropertyOp58
 70
     1
102
RTVSPropertyOp59
 70
     1
102
RTVSPropertyOp60
 70
     1
102
RTVSPropertyOp61
 70
     1
102
RTVSPropertyOp62
 70
     1
  0
XRECORD
  5
BA0
102
{ACAD_REACTORS
330
B9F
102
}
330
B9F
100
AcDbXrecord
280
     1
102
RTVSPost2010Prop28
280
     0
102
RTVSPost2010PropOp28
 70
     1
102
RTVSPost2010Prop29
280
     1
102
RTVSPost2010PropOp29
 70
     1
102
RTVSPost2010Prop30
280
     1
102
RTVSPost2010PropOp30
 70
     1
102
RTVSPost2010Prop31
280
     0
102
RTVSPost2010PropOp31
 70
     1
102
RTVSPost2010Prop32
280
     0
102
RTVSPost2010PropOp32
 70
     1
102
RTVSPost2010Prop33
280
     0
102
RTVSPost2010PropOp33
 70
     1
102
RTVSPost2010Prop34
280
     0
102
RTVSPost2010PropOp34
 70
     1
102
RTVSPost2010Prop35
280
     0
102
RTVSPost2010PropOp35
 70
     1
102
RTVSPost2010Prop36
280
     0
102
RTVSPost2010PropOp36
 70
     1
102
RTVSPost2010Prop37
 90
       50
102
RTVSPost2010PropOp37
 70
     1
102
RTVSPost2010Prop38
140
0.0
102
RTVSPost2010PropOp38
 70
     1
102
RTVSPost2010Prop39
140
1.0
102
RTVSPost2010PropOp39
 70
     1
102
RTVSPost2010Prop40
 90
        0
102
RTVSPost2010PropOp40
 70
     1
102
RTVSPost2010Prop41ColorIndex
 90
       18
102
RTVSPost2010Prop41ColorRGB
 90
        0
102
RTVSPost2010PropOp41
 70
     1
102
RTVSPost2010Prop42
 90
       50
102
RTVSPost2010PropOp42
 70
     1
102
RTVSPost2010Prop43
 90
        3
102
RTVSPost2010PropOp43
 70
     1
102
RTVSPost2010Prop44ColorIndex
 90
        5
102
RTVSPost2010Prop44ColorRGB
 90
      255
102
RTVSPost2010PropOp44
 70
     1
102
RTVSPost2010Prop45
280
     0
102
RTVSPost2010PropOp45
 70
     1
102
RTVSPost2010Prop46
 90
       50
102
RTVSPost2010PropOp46
 70
     1
102
RTVSPost2010Prop47
 90
       50
102
RTVSPost2010PropOp47
 70
     1
102
RTVSPost2010Prop48
 90
       50
102
RTVSPost2010PropOp48
 70
     1
102
RTVSPost2010Prop49
280
     0
102
RTVSPost2010PropOp49
 70
     1
102
RTVSPost2010Prop50
 90
       50
102
RTVSPost2010PropOp50
 70
     1
102
RTVSPost2010Prop51ColorIndex
 90
      256
102
RTVSPost2010Prop51ColorRGB
 90
-16777216
102
RTVSPost2010PropOp51
 70
     0
102
RTVSPost2010Prop52
140
1.0
102
RTVSPost2010PropOp52
 70
     0
102
RTVSPost2010Prop53
 90
        2
102
RTVSPost2010PropOp53
 70
     1
102
RTVSPost2010Prop54
  1
strokes_ogs.tif
102
RTVSPost2010PropOp54
 70
     1
102
RTVSPost2010Prop55
280
     0
102
RTVSPost2010PropOp55
 70
     1
102
RTVSPost2010Prop56
140
1.0
102
RTVSPost2010PropOp56
 70
     1
102
RTVSPost2010Prop57
140
1.0
102
RTVSPost2010PropOp57
 70
     1
102
RTVSPropertyOp0
 70
     1
102
RTVSPropertyOp1
 70
     1
102
RTVSPropertyOp2
 70
     1
102
RTVSPropertyOp3
 70
     1
102
RTVSPropertyOp4
 70
     1
102
RTVSPropertyOp5
 70
     1
102
RTVSPropertyOp6
 70
     1
102
RTVSPropertyOp7
 70
     1
102
RTVSPropertyOp8
 70
     1
102
RTVSPropertyOp9
 70
     1
102
RTVSPropertyOp10
 70
     1
102
RTVSPropertyOp11
 70
     1
102
RTVSPropertyOp12
 70
     1
102
RTVSPropertyOp13
 70
     1
102
RTVSPropertyOp14
 70
     1
102
RTVSPropertyOp15
 70
     1
102
RTVSPropertyOp16
 70
     1
102
RTVSPropertyOp17
 70
     1
102
RTVSPropertyOp18
 70
     1
102
RTVSPropertyOp19
 70
     1
102
RTVSPropertyOp20
 70
     1
102
RTVSPropertyOp21
 70
     1
102
RTVSPropertyOp22
 70
     1
102
RTVSPropertyOp23
 70
     1
102
RTVSPropertyOp24
 70
     1
102
RTVSPropertyOp25
 70
     1
102
RTVSPropertyOp26
 70
     1
102
RTVSPropertyOp27
 70
     1
102
RTVSPropertyOp28
 70
     1
102
RTVSPropertyOp29
 70
     1
102
RTVSPropertyOp30
 70
     1
102
RTVSPropertyOp31
 70
     1
102
RTVSPropertyOp32
 70
     1
102
RTVSPropertyOp33
 70
     1
102
RTVSPropertyOp34
 70
     1
102
RTVSPropertyOp35
 70
     1
102
RTVSPropertyOp36
 70
     1
102
RTVSPropertyOp37
 70
     1
102
RTVSPropertyOp38
 70
     1
102
RTVSPropertyOp39
 70
     1
102
RTVSPropertyOp40
 70
     1
102
RTVSPropertyOp41
 70
     1
102
RTVSPropertyOp42
 70
     1
102
RTVSPropertyOp43
 70
     1
102
RTVSPropertyOp44
 70
     1
102
RTVSPropertyOp45
 70
     1
102
RTVSPropertyOp46
 70
     1
102
RTVSPropertyOp47
 70
     1
102
RTVSPropertyOp48
 70
     1
102
RTVSPropertyOp49
 70
     1
102
RTVSPropertyOp50
 70
     1
102
RTVSPropertyOp51
 70
     0
102
RTVSPropertyOp52
 70
     0
102
RTVSPropertyOp53
 70
     1
102
RTVSPropertyOp54
 70
     1
102
RTVSPropertyOp55
 70
     1
102
RTVSPropertyOp56
 70
     1
102
RTVSPropertyOp57
 70
     1
102
RTVSPropertyOp58
 70
     1
102
RTVSPropertyOp59
 70
     1
102
RTVSPropertyOp60
 70
     1
102
RTVSPropertyOp61
 70
     1
102
RTVSPropertyOp62
 70
     1
  0
XRECORD
  5
BAE
102
{ACAD_REACTORS
330
BAD
102
}
330
BAD
100
AcDbXrecord
280
     1
102
RTVSPost2010Prop28
280
     0
102
RTVSPost2010PropOp28
 70
     1
102
RTVSPost2010Prop29
280
     1
102
RTVSPost2010PropOp29
 70
     1
102
RTVSPost2010Prop30
280
     1
102
RTVSPost2010PropOp30
 70
     1
102
RTVSPost2010Prop31
280
     0
102
RTVSPost2010PropOp31
 70
     1
102
RTVSPost2010Prop32
280
     0
102
RTVSPost2010PropOp32
 70
     1
102
RTVSPost2010Prop33
280
     0
102
RTVSPost2010PropOp33
 70
     1
102
RTVSPost2010Prop34
280
     0
102
RTVSPost2010PropOp34
 70
     1
102
RTVSPost2010Prop35
280
     0
102
RTVSPost2010PropOp35
 70
     1
102
RTVSPost2010Prop36
280
     0
102
RTVSPost2010PropOp36
 70
     1
102
RTVSPost2010Prop37
 90
       50
102
RTVSPost2010PropOp37
 70
     1
102
RTVSPost2010Prop38
140
0.0
102
RTVSPost2010PropOp38
 70
     1
102
RTVSPost2010Prop39
140
1.0
102
RTVSPost2010PropOp39
 70
     1
102
RTVSPost2010Prop40
 90
        0
102
RTVSPost2010PropOp40
 70
     1
102
RTVSPost2010Prop41ColorIndex
 90
       18
102
RTVSPost2010Prop41ColorRGB
 90
        0
102
RTVSPost2010PropOp41
 70
     1
102
RTVSPost2010Prop42
 90
       50
102
RTVSPost2010PropOp42
 70
     1
102
RTVSPost2010Prop43
 90
        3
102
RTVSPost2010PropOp43
 70
     1
102
RTVSPost2010Prop44ColorIndex
 90
        5
102
RTVSPost2010Prop44ColorRGB
 90
      255
102
RTVSPost2010PropOp44
 70
     1
102
RTVSPost2010Prop45
280
     0
102
RTVSPost2010PropOp45
 70
     1
102
RTVSPost2010Prop46
 90
       50
102
RTVSPost2010PropOp46
 70
     1
102
RTVSPost2010Prop47
 90
       50
102
RTVSPost2010PropOp47
 70
     1
102
RTVSPost2010Prop48
 90
       50
102
RTVSPost2010PropOp48
 70
     1
102
RTVSPost2010Prop49
280
     0
102
RTVSPost2010PropOp49
 70
     1
102
RTVSPost2010Prop50
 90
       50
102
RTVSPost2010PropOp50
 70
     1
102
RTVSPost2010Prop51ColorIndex
 90
      256
102
RTVSPost2010Prop51ColorRGB
 90
-16777216
102
RTVSPost2010PropOp51
 70
     0
102
RTVSPost2010Prop52
140
1.0
102
RTVSPost2010PropOp52
 70
     0
102
RTVSPost2010Prop53
 90
        2
102
RTVSPost2010PropOp53
 70
     1
102
RTVSPost2010Prop54
  1
strokes_ogs.tif
102
RTVSPost2010PropOp54
 70
     1
102
RTVSPost2010Prop55
280
     0
102
RTVSPost2010PropOp55
 70
     1
102
RTVSPost2010Prop56
140
1.0
102
RTVSPost2010PropOp56
 70
     1
102
RTVSPost2010Prop57
140
1.0
102
RTVSPost2010PropOp57
 70
     1
102
RTVSPropertyOp0
 70
     1
102
RTVSPropertyOp1
 70
     1
102
RTVSPropertyOp2
 70
     1
102
RTVSPropertyOp3
 70
     1
102
RTVSPropertyOp4
 70
     1
102
RTVSPropertyOp5
 70
     1
102
RTVSPropertyOp6
 70
     1
102
RTVSPropertyOp7
 70
     1
102
RTVSPropertyOp8
 70
     1
102
RTVSPropertyOp9
 70
     1
102
RTVSPropertyOp10
 70
     1
102
RTVSPropertyOp11
 70
     1
102
RTVSPropertyOp12
 70
     1
102
RTVSPropertyOp13
 70
     1
102
RTVSPropertyOp14
 70
     1
102
RTVSPropertyOp15
 70
     1
102
RTVSPropertyOp16
 70
     1
102
RTVSPropertyOp17
 70
     1
102
RTVSPropertyOp18
 70
     1
102
RTVSPropertyOp19
 70
     1
102
RTVSPropertyOp20
 70
     1
102
RTVSPropertyOp21
 70
     1
102
RTVSPropertyOp22
 70
     1
102
RTVSPropertyOp23
 70
     1
102
RTVSPropertyOp24
 70
     1
102
RTVSPropertyOp25
 70
     1
102
RTVSPropertyOp26
 70
     1
102
RTVSPropertyOp27
 70
     1
102
RTVSPropertyOp28
 70
     1
102
RTVSPropertyOp29
 70
     1
102
RTVSPropertyOp30
 70
     1
102
RTVSPropertyOp31
 70
     1
102
RTVSPropertyOp32
 70
     1
102
RTVSPropertyOp33
 70
     1
102
RTVSPropertyOp34
 70
     1
102
RTVSPropertyOp35
 70
     1
102
RTVSPropertyOp36
 70
     1
102
RTVSPropertyOp37
 70
     1
102
RTVSPropertyOp38
 70
     1
102
RTVSPropertyOp39
 70
     1
102
RTVSPropertyOp40
 70
     1
102
RTVSPropertyOp41
 70
     1
102
RTVSPropertyOp42
 70
     1
102
RTVSPropertyOp43
 70
     1
102
RTVSPropertyOp44
 70
     1
102
RTVSPropertyOp45
 70
     1
102
RTVSPropertyOp46
 70
     1
102
RTVSPropertyOp47
 70
     1
102
RTVSPropertyOp48
 70
     1
102
RTVSPropertyOp49
 70
     1
102
RTVSPropertyOp50
 70
     1
102
RTVSPropertyOp51
 70
     0
102
RTVSPropertyOp52
 70
     0
102
RTVSPropertyOp53
 70
     1
102
RTVSPropertyOp54
 70
     1
102
RTVSPropertyOp55
 70
     1
102
RTVSPropertyOp56
 70
     1
102
RTVSPropertyOp57
 70
     1
102
RTVSPropertyOp58
 70
     1
102
RTVSPropertyOp59
 70
     1
102
RTVSPropertyOp60
 70
     1
102
RTVSPropertyOp61
 70
     1
102
RTVSPropertyOp62
 70
     1
  0
XRECORD
  5
BB6
102
{ACAD_REACTORS
330
BB5
102
}
330
BB5
100
AcDbXrecord
280
     1
102
RTVSPost2010Prop28
280
     0
102
RTVSPost2010PropOp28
 70
     1
102
RTVSPost2010Prop29
280
     1
102
RTVSPost2010PropOp29
 70
     1
102
RTVSPost2010Prop30
280
     1
102
RTVSPost2010PropOp30
 70
     1
102
RTVSPost2010Prop31
280
     0
102
RTVSPost2010PropOp31
 70
     1
102
RTVSPost2010Prop32
280
     0
102
RTVSPost2010PropOp32
 70
     1
102
RTVSPost2010Prop33
280
     0
102
RTVSPost2010PropOp33
 70
     1
102
RTVSPost2010Prop34
280
     0
102
RTVSPost2010PropOp34
 70
     1
102
RTVSPost2010Prop35
280
     0
102
RTVSPost2010PropOp35
 70
     1
102
RTVSPost2010Prop36
280
     0
102
RTVSPost2010PropOp36
 70
     1
102
RTVSPost2010Prop37
 90
       50
102
RTVSPost2010PropOp37
 70
     1
102
RTVSPost2010Prop38
140
0.0
102
RTVSPost2010PropOp38
 70
     1
102
RTVSPost2010Prop39
140
1.0
102
RTVSPost2010PropOp39
 70
     1
102
RTVSPost2010Prop40
 90
        0
102
RTVSPost2010PropOp40
 70
     1
102
RTVSPost2010Prop41ColorIndex
 90
       18
102
RTVSPost2010Prop41ColorRGB
 90
        0
102
RTVSPost2010PropOp41
 70
     1
102
RTVSPost2010Prop42
 90
       50
102
RTVSPost2010PropOp42
 70
     1
102
RTVSPost2010Prop43
 90
        3
102
RTVSPost2010PropOp43
 70
     1
102
RTVSPost2010Prop44ColorIndex
 90
        5
102
RTVSPost2010Prop44ColorRGB
 90
      255
102
RTVSPost2010PropOp44
 70
     1
102
RTVSPost2010Prop45
280
     0
102
RTVSPost2010PropOp45
 70
     1
102
RTVSPost2010Prop46
 90
       50
102
RTVSPost2010PropOp46
 70
     1
102
RTVSPost2010Prop47
 90
       50
102
RTVSPost2010PropOp47
 70
     1
102
RTVSPost2010Prop48
 90
       50
102
RTVSPost2010PropOp48
 70
     1
102
RTVSPost2010Prop49
280
     0
102
RTVSPost2010PropOp49
 70
     1
102
RTVSPost2010Prop50
 90
       50
102
RTVSPost2010PropOp50
 70
     1
102
RTVSPost2010Prop51ColorIndex
 90
      256
102
RTVSPost2010Prop51ColorRGB
 90
-16777216
102
RTVSPost2010PropOp51
 70
     0
102
RTVSPost2010Prop52
140
1.0
102
RTVSPost2010PropOp52
 70
     0
102
RTVSPost2010Prop53
 90
        2
102
RTVSPost2010PropOp53
 70
     1
102
RTVSPost2010Prop54
  1
strokes_ogs.tif
102
RTVSPost2010PropOp54
 70
     1
102
RTVSPost2010Prop55
280
     0
102
RTVSPost2010PropOp55
 70
     1
102
RTVSPost2010Prop56
140
1.0
102
RTVSPost2010PropOp56
 70
     1
102
RTVSPost2010Prop57
140
1.0
102
RTVSPost2010PropOp57
 70
     1
102
RTVSPropertyOp0
 70
     1
102
RTVSPropertyOp1
 70
     1
102
RTVSPropertyOp2
 70
     1
102
RTVSPropertyOp3
 70
     1
102
RTVSPropertyOp4
 70
     1
102
RTVSPropertyOp5
 70
     1
102
RTVSPropertyOp6
 70
     1
102
RTVSPropertyOp7
 70
     1
102
RTVSPropertyOp8
 70
     1
102
RTVSPropertyOp9
 70
     1
102
RTVSPropertyOp10
 70
     1
102
RTVSPropertyOp11
 70
     1
102
RTVSPropertyOp12
 70
     1
102
RTVSPropertyOp13
 70
     1
102
RTVSPropertyOp14
 70
     1
102
RTVSPropertyOp15
 70
     1
102
RTVSPropertyOp16
 70
     1
102
RTVSPropertyOp17
 70
     1
102
RTVSPropertyOp18
 70
     1
102
RTVSPropertyOp19
 70
     1
102
RTVSPropertyOp20
 70
     1
102
RTVSPropertyOp21
 70
     1
102
RTVSPropertyOp22
 70
     1
102
RTVSPropertyOp23
 70
     1
102
RTVSPropertyOp24
 70
     1
102
RTVSPropertyOp25
 70
     1
102
RTVSPropertyOp26
 70
     1
102
RTVSPropertyOp27
 70
     1
102
RTVSPropertyOp28
 70
     1
102
RTVSPropertyOp29
 70
     1
102
RTVSPropertyOp30
 70
     1
102
RTVSPropertyOp31
 70
     1
102
RTVSPropertyOp32
 70
     1
102
RTVSPropertyOp33
 70
     1
102
RTVSPropertyOp34
 70
     1
102
RTVSPropertyOp35
 70
     1
102
RTVSPropertyOp36
 70
     1
102
RTVSPropertyOp37
 70
     1
102
RTVSPropertyOp38
 70
     1
102
RTVSPropertyOp39
 70
     1
102
RTVSPropertyOp40
 70
     1
102
RTVSPropertyOp41
 70
     1
102
RTVSPropertyOp42
 70
     1
102
RTVSPropertyOp43
 70
     1
102
RTVSPropertyOp44
 70
     1
102
RTVSPropertyOp45
 70
     1
102
RTVSPropertyOp46
 70
     1
102
RTVSPropertyOp47
 70
     1
102
RTVSPropertyOp48
 70
     1
102
RTVSPropertyOp49
 70
     1
102
RTVSPropertyOp50
 70
     1
102
RTVSPropertyOp51
 70
     0
102
RTVSPropertyOp52
 70
     0
102
RTVSPropertyOp53
 70
     1
102
RTVSPropertyOp54
 70
     1
102
RTVSPropertyOp55
 70
     1
102
RTVSPropertyOp56
 70
     1
102
RTVSPropertyOp57
 70
     1
102
RTVSPropertyOp58
 70
     1
102
RTVSPropertyOp59
 70
     1
102
RTVSPropertyOp60
 70
     1
102
RTVSPropertyOp61
 70
     1
102
RTVSPropertyOp62
 70
     1
  0
XRECORD
  5
BA8
102
{ACAD_REACTORS
330
BA7
102
}
330
BA7
100
AcDbXrecord
280
     1
102
RTVSPost2010Prop28
280
     0
102
RTVSPost2010PropOp28
 70
     1
102
RTVSPost2010Prop29
280
     1
102
RTVSPost2010PropOp29
 70
     1
102
RTVSPost2010Prop30
280
     1
102
RTVSPost2010PropOp30
 70
     1
102
RTVSPost2010Prop31
280
     0
102
RTVSPost2010PropOp31
 70
     1
102
RTVSPost2010Prop32
280
     0
102
RTVSPost2010PropOp32
 70
     1
102
RTVSPost2010Prop33
280
     0
102
RTVSPost2010PropOp33
 70
     1
102
RTVSPost2010Prop34
280
     0
102
RTVSPost2010PropOp34
 70
     1
102
RTVSPost2010Prop35
280
     0
102
RTVSPost2010PropOp35
 70
     1
102
RTVSPost2010Prop36
280
     0
102
RTVSPost2010PropOp36
 70
     1
102
RTVSPost2010Prop37
 90
       50
102
RTVSPost2010PropOp37
 70
     1
102
RTVSPost2010Prop38
140
0.0
102
RTVSPost2010PropOp38
 70
     1
102
RTVSPost2010Prop39
140
1.0
102
RTVSPost2010PropOp39
 70
     1
102
RTVSPost2010Prop40
 90
        0
102
RTVSPost2010PropOp40
 70
     1
102
RTVSPost2010Prop41ColorIndex
 90
       18
102
RTVSPost2010Prop41ColorRGB
 90
        0
102
RTVSPost2010PropOp41
 70
     1
102
RTVSPost2010Prop42
 90
       50
102
RTVSPost2010PropOp42
 70
     1
102
RTVSPost2010Prop43
 90
        3
102
RTVSPost2010PropOp43
 70
     1
102
RTVSPost2010Prop44ColorIndex
 90
        5
102
RTVSPost2010Prop44ColorRGB
 90
      255
102
RTVSPost2010PropOp44
 70
     1
102
RTVSPost2010Prop45
280
     0
102
RTVSPost2010PropOp45
 70
     1
102
RTVSPost2010Prop46
 90
       50
102
RTVSPost2010PropOp46
 70
     1
102
RTVSPost2010Prop47
 90
       50
102
RTVSPost2010PropOp47
 70
     1
102
RTVSPost2010Prop48
 90
       50
102
RTVSPost2010PropOp48
 70
     1
102
RTVSPost2010Prop49
280
     0
102
RTVSPost2010PropOp49
 70
     1
102
RTVSPost2010Prop50
 90
       50
102
RTVSPost2010PropOp50
 70
     1
102
RTVSPost2010Prop51ColorIndex
 90
      256
102
RTVSPost2010Prop51ColorRGB
 90
-16777216
102
RTVSPost2010PropOp51
 70
     0
102
RTVSPost2010Prop52
140
1.0
102
RTVSPost2010PropOp52
 70
     0
102
RTVSPost2010Prop53
 90
        2
102
RTVSPost2010PropOp53
 70
     1
102
RTVSPost2010Prop54
  1
strokes_ogs.tif
102
RTVSPost2010PropOp54
 70
     1
102
RTVSPost2010Prop55
280
     0
102
RTVSPost2010PropOp55
 70
     1
102
RTVSPost2010Prop56
140
1.0
102
RTVSPost2010PropOp56
 70
     1
102
RTVSPost2010Prop57
140
1.0
102
RTVSPost2010PropOp57
 70
     1
102
RTVSPropertyOp0
 70
     1
102
RTVSPropertyOp1
 70
     1
102
RTVSPropertyOp2
 70
     1
102
RTVSPropertyOp3
 70
     1
102
RTVSPropertyOp4
 70
     1
102
RTVSPropertyOp5
 70
     1
102
RTVSPropertyOp6
 70
     1
102
RTVSPropertyOp7
 70
     1
102
RTVSPropertyOp8
 70
     1
102
RTVSPropertyOp9
 70
     1
102
RTVSPropertyOp10
 70
     1
102
RTVSPropertyOp11
 70
     1
102
RTVSPropertyOp12
 70
     1
102
RTVSPropertyOp13
 70
     1
102
RTVSPropertyOp14
 70
     1
102
RTVSPropertyOp15
 70
     1
102
RTVSPropertyOp16
 70
     1
102
RTVSPropertyOp17
 70
     1
102
RTVSPropertyOp18
 70
     1
102
RTVSPropertyOp19
 70
     1
102
RTVSPropertyOp20
 70
     1
102
RTVSPropertyOp21
 70
     1
102
RTVSPropertyOp22
 70
     1
102
RTVSPropertyOp23
 70
     1
102
RTVSPropertyOp24
 70
     1
102
RTVSPropertyOp25
 70
     1
102
RTVSPropertyOp26
 70
     1
102
RTVSPropertyOp27
 70
     1
102
RTVSPropertyOp28
 70
     1
102
RTVSPropertyOp29
 70
     1
102
RTVSPropertyOp30
 70
     1
102
RTVSPropertyOp31
 70
     1
102
RTVSPropertyOp32
 70
     1
102
RTVSPropertyOp33
 70
     1
102
RTVSPropertyOp34
 70
     1
102
RTVSPropertyOp35
 70
     1
102
RTVSPropertyOp36
 70
     1
102
RTVSPropertyOp37
 70
     1
102
RTVSPropertyOp38
 70
     1
102
RTVSPropertyOp39
 70
     1
102
RTVSPropertyOp40
 70
     1
102
RTVSPropertyOp41
 70
     1
102
RTVSPropertyOp42
 70
     1
102
RTVSPropertyOp43
 70
     1
102
RTVSPropertyOp44
 70
     1
102
RTVSPropertyOp45
 70
     1
102
RTVSPropertyOp46
 70
     1
102
RTVSPropertyOp47
 70
     1
102
RTVSPropertyOp48
 70
     1
102
RTVSPropertyOp49
 70
     1
102
RTVSPropertyOp50
 70
     1
102
RTVSPropertyOp51
 70
     0
102
RTVSPropertyOp52
 70
     0
102
RTVSPropertyOp53
 70
     1
102
RTVSPropertyOp54
 70
     1
102
RTVSPropertyOp55
 70
     1
102
RTVSPropertyOp56
 70
     1
102
RTVSPropertyOp57
 70
     1
102
RTVSPropertyOp58
 70
     1
102
RTVSPropertyOp59
 70
     1
102
RTVSPropertyOp60
 70
     1
102
RTVSPropertyOp61
 70
     1
102
RTVSPropertyOp62
 70
     1
  0
XRECORD
  5
BAC
102
{ACAD_REACTORS
330
BAB
102
}
330
BAB
100
AcDbXrecord
280
     1
102
RTVSPost2010Prop28
280
     0
102
RTVSPost2010PropOp28
 70
     1
102
RTVSPost2010Prop29
280
     1
102
RTVSPost2010PropOp29
 70
     1
102
RTVSPost2010Prop30
280
     1
102
RTVSPost2010PropOp30
 70
     1
102
RTVSPost2010Prop31
280
     0
102
RTVSPost2010PropOp31
 70
     1
102
RTVSPost2010Prop32
280
     0
102
RTVSPost2010PropOp32
 70
     1
102
RTVSPost2010Prop33
280
     0
102
RTVSPost2010PropOp33
 70
     1
102
RTVSPost2010Prop34
280
     0
102
RTVSPost2010PropOp34
 70
     1
102
RTVSPost2010Prop35
280
     0
102
RTVSPost2010PropOp35
 70
     1
102
RTVSPost2010Prop36
280
     0
102
RTVSPost2010PropOp36
 70
     1
102
RTVSPost2010Prop37
 90
       50
102
RTVSPost2010PropOp37
 70
     1
102
RTVSPost2010Prop38
140
0.0
102
RTVSPost2010PropOp38
 70
     1
102
RTVSPost2010Prop39
140
1.0
102
RTVSPost2010PropOp39
 70
     1
102
RTVSPost2010Prop40
 90
        0
102
RTVSPost2010PropOp40
 70
     1
102
RTVSPost2010Prop41ColorIndex
 90
       18
102
RTVSPost2010Prop41ColorRGB
 90
        0
102
RTVSPost2010PropOp41
 70
     1
102
RTVSPost2010Prop42
 90
       50
102
RTVSPost2010PropOp42
 70
     1
102
RTVSPost2010Prop43
 90
        3
102
RTVSPost2010PropOp43
 70
     1
102
RTVSPost2010Prop44ColorIndex
 90
        5
102
RTVSPost2010Prop44ColorRGB
 90
      255
102
RTVSPost2010PropOp44
 70
     1
102
RTVSPost2010Prop45
280
     0
102
RTVSPost2010PropOp45
 70
     1
102
RTVSPost2010Prop46
 90
       50
102
RTVSPost2010PropOp46
 70
     1
102
RTVSPost2010Prop47
 90
       50
102
RTVSPost2010PropOp47
 70
     1
102
RTVSPost2010Prop48
 90
       50
102
RTVSPost2010PropOp48
 70
     1
102
RTVSPost2010Prop49
280
     0
102
RTVSPost2010PropOp49
 70
     1
102
RTVSPost2010Prop50
 90
       50
102
RTVSPost2010PropOp50
 70
     1
102
RTVSPost2010Prop51ColorIndex
 90
      256
102
RTVSPost2010Prop51ColorRGB
 90
-16777216
102
RTVSPost2010PropOp51
 70
     0
102
RTVSPost2010Prop52
140
1.0
102
RTVSPost2010PropOp52
 70
     0
102
RTVSPost2010Prop53
 90
        2
102
RTVSPost2010PropOp53
 70
     1
102
RTVSPost2010Prop54
  1
strokes_ogs.tif
102
RTVSPost2010PropOp54
 70
     1
102
RTVSPost2010Prop55
280
     0
102
RTVSPost2010PropOp55
 70
     1
102
RTVSPost2010Prop56
140
1.0
102
RTVSPost2010PropOp56
 70
     1
102
RTVSPost2010Prop57
140
1.0
102
RTVSPost2010PropOp57
 70
     1
102
RTVSPropertyOp0
 70
     1
102
RTVSPropertyOp1
 70
     1
102
RTVSPropertyOp2
 70
     1
102
RTVSPropertyOp3
 70
     1
102
RTVSPropertyOp4
 70
     1
102
RTVSPropertyOp5
 70
     1
102
RTVSPropertyOp6
 70
     1
102
RTVSPropertyOp7
 70
     1
102
RTVSPropertyOp8
 70
     1
102
RTVSPropertyOp9
 70
     1
102
RTVSPropertyOp10
 70
     1
102
RTVSPropertyOp11
 70
     1
102
RTVSPropertyOp12
 70
     1
102
RTVSPropertyOp13
 70
     1
102
RTVSPropertyOp14
 70
     1
102
RTVSPropertyOp15
 70
     1
102
RTVSPropertyOp16
 70
     1
102
RTVSPropertyOp17
 70
     1
102
RTVSPropertyOp18
 70
     1
102
RTVSPropertyOp19
 70
     1
102
RTVSPropertyOp20
 70
     1
102
RTVSPropertyOp21
 70
     1
102
RTVSPropertyOp22
 70
     1
102
RTVSPropertyOp23
 70
     1
102
RTVSPropertyOp24
 70
     1
102
RTVSPropertyOp25
 70
     1
102
RTVSPropertyOp26
 70
     1
102
RTVSPropertyOp27
 70
     1
102
RTVSPropertyOp28
 70
     1
102
RTVSPropertyOp29
 70
     1
102
RTVSPropertyOp30
 70
     1
102
RTVSPropertyOp31
 70
     1
102
RTVSPropertyOp32
 70
     1
102
RTVSPropertyOp33
 70
     1
102
RTVSPropertyOp34
 70
     1
102
RTVSPropertyOp35
 70
     1
102
RTVSPropertyOp36
 70
     1
102
RTVSPropertyOp37
 70
     1
102
RTVSPropertyOp38
 70
     1
102
RTVSPropertyOp39
 70
     1
102
RTVSPropertyOp40
 70
     1
102
RTVSPropertyOp41
 70
     1
102
RTVSPropertyOp42
 70
     1
102
RTVSPropertyOp43
 70
     1
102
RTVSPropertyOp44
 70
     1
102
RTVSPropertyOp45
 70
     1
102
RTVSPropertyOp46
 70
     1
102
RTVSPropertyOp47
 70
     1
102
RTVSPropertyOp48
 70
     1
102
RTVSPropertyOp49
 70
     1
102
RTVSPropertyOp50
 70
     1
102
RTVSPropertyOp51
 70
     0
102
RTVSPropertyOp52
 70
     0
102
RTVSPropertyOp53
 70
     1
102
RTVSPropertyOp54
 70
     1
102
RTVSPropertyOp55
 70
     1
102
RTVSPropertyOp56
 70
     1
102
RTVSPropertyOp57
 70
     1
102
RTVSPropertyOp58
 70
     1
102
RTVSPropertyOp59
 70
     1
102
RTVSPropertyOp60
 70
     1
102
RTVSPropertyOp61
 70
     1
102
RTVSPropertyOp62
 70
     1
  0
XRECORD
  5
BBC
102
{ACAD_REACTORS
330
BBB
102
}
330
BBB
100
AcDbXrecord
280
     1
102
RTVSPost2010Prop28
280
     0
102
RTVSPost2010PropOp28
 70
     1
102
RTVSPost2010Prop29
280
     1
102
RTVSPost2010PropOp29
 70
     1
102
RTVSPost2010Prop30
280
     1
102
RTVSPost2010PropOp30
 70
     1
102
RTVSPost2010Prop31
280
     0
102
RTVSPost2010PropOp31
 70
     1
102
RTVSPost2010Prop32
280
     0
102
RTVSPost2010PropOp32
 70
     1
102
RTVSPost2010Prop33
280
     0
102
RTVSPost2010PropOp33
 70
     1
102
RTVSPost2010Prop34
280
     0
102
RTVSPost2010PropOp34
 70
     1
102
RTVSPost2010Prop35
280
     0
102
RTVSPost2010PropOp35
 70
     1
102
RTVSPost2010Prop36
280
     0
102
RTVSPost2010PropOp36
 70
     1
102
RTVSPost2010Prop37
 90
       50
102
RTVSPost2010PropOp37
 70
     1
102
RTVSPost2010Prop38
140
0.0
102
RTVSPost2010PropOp38
 70
     1
102
RTVSPost2010Prop39
140
1.0
102
RTVSPost2010PropOp39
 70
     1
102
RTVSPost2010Prop40
 90
        0
102
RTVSPost2010PropOp40
 70
     1
102
RTVSPost2010Prop41ColorIndex
 90
       18
102
RTVSPost2010Prop41ColorRGB
 90
        0
102
RTVSPost2010PropOp41
 70
     1
102
RTVSPost2010Prop42
 90
       50
102
RTVSPost2010PropOp42
 70
     1
102
RTVSPost2010Prop43
 90
        3
102
RTVSPost2010PropOp43
 70
     1
102
RTVSPost2010Prop44ColorIndex
 90
        5
102
RTVSPost2010Prop44ColorRGB
 90
      255
102
RTVSPost2010PropOp44
 70
     1
102
RTVSPost2010Prop45
280
     0
102
RTVSPost2010PropOp45
 70
     1
102
RTVSPost2010Prop46
 90
       50
102
RTVSPost2010PropOp46
 70
     1
102
RTVSPost2010Prop47
 90
       50
102
RTVSPost2010PropOp47
 70
     1
102
RTVSPost2010Prop48
 90
       50
102
RTVSPost2010PropOp48
 70
     1
102
RTVSPost2010Prop49
280
     0
102
RTVSPost2010PropOp49
 70
     1
102
RTVSPost2010Prop50
 90
       50
102
RTVSPost2010PropOp50
 70
     1
102
RTVSPost2010Prop51ColorIndex
 90
      256
102
RTVSPost2010Prop51ColorRGB
 90
-16777216
102
RTVSPost2010PropOp51
 70
     0
102
RTVSPost2010Prop52
140
1.0
102
RTVSPost2010PropOp52
 70
     0
102
RTVSPost2010Prop53
 90
        2
102
RTVSPost2010PropOp53
 70
     1
102
RTVSPost2010Prop54
  1
strokes_ogs.tif
102
RTVSPost2010PropOp54
 70
     1
102
RTVSPost2010Prop55
280
     0
102
RTVSPost2010PropOp55
 70
     1
102
RTVSPost2010Prop56
140
1.0
102
RTVSPost2010PropOp56
 70
     1
102
RTVSPost2010Prop57
140
1.0
102
RTVSPost2010PropOp57
 70
     1
102
RTVSPropertyOp0
 70
     0
102
RTVSPropertyOp1
 70
     0
102
RTVSPropertyOp2
 70
     0
102
RTVSPropertyOp3
 70
     0
102
RTVSPropertyOp4
 70
     0
102
RTVSPropertyOp5
 70
     0
102
RTVSPropertyOp6
 70
     0
102
RTVSPropertyOp7
 70
     0
102
RTVSPropertyOp8
 70
     0
102
RTVSPropertyOp9
 70
     0
102
RTVSPropertyOp10
 70
     0
102
RTVSPropertyOp11
 70
     0
102
RTVSPropertyOp12
 70
     0
102
RTVSPropertyOp13
 70
     0
102
RTVSPropertyOp14
 70
     2
102
RTVSPropertyOp15
 70
     0
102
RTVSPropertyOp16
 70
     0
102
RTVSPropertyOp17
 70
     0
102
RTVSPropertyOp18
 70
     0
102
RTVSPropertyOp19
 70
     0
102
RTVSPropertyOp20
 70
     0
102
RTVSPropertyOp21
 70
     0
102
RTVSPropertyOp22
 70
     0
102
RTVSPropertyOp23
 70
     0
102
RTVSPropertyOp24
 70
     0
102
RTVSPropertyOp25
 70
     0
102
RTVSPropertyOp26
 70
     0
102
RTVSPropertyOp27
 70
     0
102
RTVSPropertyOp28
 70
     1
102
RTVSPropertyOp29
 70
     1
102
RTVSPropertyOp30
 70
     1
102
RTVSPropertyOp31
 70
     1
102
RTVSPropertyOp32
 70
     1
102
RTVSPropertyOp33
 70
     1
102
RTVSPropertyOp34
 70
     1
102
RTVSPropertyOp35
 70
     1
102
RTVSPropertyOp36
 70
     1
102
RTVSPropertyOp37
 70
     1
102
RTVSPropertyOp38
 70
     1
102
RTVSPropertyOp39
 70
     1
102
RTVSPropertyOp40
 70
     1
102
RTVSPropertyOp41
 70
     1
102
RTVSPropertyOp42
 70
     1
102
RTVSPropertyOp43
 70
     1
102
RTVSPropertyOp44
 70
     1
102
RTVSPropertyOp45
 70
     1
102
RTVSPropertyOp46
 70
     1
102
RTVSPropertyOp47
 70
     1
102
RTVSPropertyOp48
 70
     1
102
RTVSPropertyOp49
 70
     1
102
RTVSPropertyOp50
 70
     1
102
RTVSPropertyOp51
 70
     0
102
RTVSPropertyOp52
 70
     0
102
RTVSPropertyOp53
 70
     1
102
RTVSPropertyOp54
 70
     1
102
RTVSPropertyOp55
 70
     1
102
RTVSPropertyOp56
 70
     1
102
RTVSPropertyOp57
 70
     1
102
RTVSPropertyOp58
 70
     1
102
RTVSPropertyOp59
 70
     1
102
RTVSPropertyOp60
 70
     1
102
RTVSPropertyOp61
 70
     1
102
RTVSPropertyOp62
 70
     1
  0
XRECORD
  5
BB4
102
{ACAD_REACTORS
330
BB3
102
}
330
BB3
100
AcDbXrecord
280
     1
102
RTVSPost2010Prop28
280
     0
102
RTVSPost2010PropOp28
 70
     1
102
RTVSPost2010Prop29
280
     1
102
RTVSPost2010PropOp29
 70
     1
102
RTVSPost2010Prop30
280
     1
102
RTVSPost2010PropOp30
 70
     1
102
RTVSPost2010Prop31
280
     0
102
RTVSPost2010PropOp31
 70
     1
102
RTVSPost2010Prop32
280
     0
102
RTVSPost2010PropOp32
 70
     1
102
RTVSPost2010Prop33
280
     0
102
RTVSPost2010PropOp33
 70
     1
102
RTVSPost2010Prop34
280
     0
102
RTVSPost2010PropOp34
 70
     1
102
RTVSPost2010Prop35
280
     0
102
RTVSPost2010PropOp35
 70
     1
102
RTVSPost2010Prop36
280
     0
102
RTVSPost2010PropOp36
 70
     1
102
RTVSPost2010Prop37
 90
       50
102
RTVSPost2010PropOp37
 70
     1
102
RTVSPost2010Prop38
140
0.0
102
RTVSPost2010PropOp38
 70
     1
102
RTVSPost2010Prop39
140
1.0
102
RTVSPost2010PropOp39
 70
     1
102
RTVSPost2010Prop40
 90
        0
102
RTVSPost2010PropOp40
 70
     1
102
RTVSPost2010Prop41ColorIndex
 90
       18
102
RTVSPost2010Prop41ColorRGB
 90
        0
102
RTVSPost2010PropOp41
 70
     1
102
RTVSPost2010Prop42
 90
       50
102
RTVSPost2010PropOp42
 70
     1
102
RTVSPost2010Prop43
 90
        3
102
RTVSPost2010PropOp43
 70
     1
102
RTVSPost2010Prop44ColorIndex
 90
        5
102
RTVSPost2010Prop44ColorRGB
 90
      255
102
RTVSPost2010PropOp44
 70
     1
102
RTVSPost2010Prop45
280
     0
102
RTVSPost2010PropOp45
 70
     1
102
RTVSPost2010Prop46
 90
       50
102
RTVSPost2010PropOp46
 70
     1
102
RTVSPost2010Prop47
 90
       50
102
RTVSPost2010PropOp47
 70
     1
102
RTVSPost2010Prop48
 90
       50
102
RTVSPost2010PropOp48
 70
     1
102
RTVSPost2010Prop49
280
     0
102
RTVSPost2010PropOp49
 70
     1
102
RTVSPost2010Prop50
 90
       50
102
RTVSPost2010PropOp50
 70
     1
102
RTVSPost2010Prop51ColorIndex
 90
      256
102
RTVSPost2010Prop51ColorRGB
 90
-16777216
102
RTVSPost2010PropOp51
 70
     0
102
RTVSPost2010Prop52
140
1.0
102
RTVSPost2010PropOp52
 70
     0
102
RTVSPost2010Prop53
 90
        2
102
RTVSPost2010PropOp53
 70
     1
102
RTVSPost2010Prop54
  1
strokes_ogs.tif
102
RTVSPost2010PropOp54
 70
     1
102
RTVSPost2010Prop55
280
     0
102
RTVSPost2010PropOp55
 70
     1
102
RTVSPost2010Prop56
140
1.0
102
RTVSPost2010PropOp56
 70
     1
102
RTVSPost2010Prop57
140
1.0
102
RTVSPost2010PropOp57
 70
     1
102
RTVSPropertyOp0
 70
     1
102
RTVSPropertyOp1
 70
     1
102
RTVSPropertyOp2
 70
     1
102
RTVSPropertyOp3
 70
     1
102
RTVSPropertyOp4
 70
     1
102
RTVSPropertyOp5
 70
     1
102
RTVSPropertyOp6
 70
     1
102
RTVSPropertyOp7
 70
     1
102
RTVSPropertyOp8
 70
     1
102
RTVSPropertyOp9
 70
     1
102
RTVSPropertyOp10
 70
     1
102
RTVSPropertyOp11
 70
     1
102
RTVSPropertyOp12
 70
     1
102
RTVSPropertyOp13
 70
     1
102
RTVSPropertyOp14
 70
     1
102
RTVSPropertyOp15
 70
     1
102
RTVSPropertyOp16
 70
     1
102
RTVSPropertyOp17
 70
     1
102
RTVSPropertyOp18
 70
     1
102
RTVSPropertyOp19
 70
     1
102
RTVSPropertyOp20
 70
     1
102
RTVSPropertyOp21
 70
     1
102
RTVSPropertyOp22
 70
     1
102
RTVSPropertyOp23
 70
     1
102
RTVSPropertyOp24
 70
     1
102
RTVSPropertyOp25
 70
     1
102
RTVSPropertyOp26
 70
     1
102
RTVSPropertyOp27
 70
     1
102
RTVSPropertyOp28
 70
     1
102
RTVSPropertyOp29
 70
     1
102
RTVSPropertyOp30
 70
     1
102
RTVSPropertyOp31
 70
     1
102
RTVSPropertyOp32
 70
     1
102
RTVSPropertyOp33
 70
     1
102
RTVSPropertyOp34
 70
     1
102
RTVSPropertyOp35
 70
     1
102
RTVSPropertyOp36
 70
     1
102
RTVSPropertyOp37
 70
     1
102
RTVSPropertyOp38
 70
     1
102
RTVSPropertyOp39
 70
     1
102
RTVSPropertyOp40
 70
     1
102
RTVSPropertyOp41
 70
     1
102
RTVSPropertyOp42
 70
     1
102
RTVSPropertyOp43
 70
     1
102
RTVSPropertyOp44
 70
     1
102
RTVSPropertyOp45
 70
     1
102
RTVSPropertyOp46
 70
     1
102
RTVSPropertyOp47
 70
     1
102
RTVSPropertyOp48
 70
     1
102
RTVSPropertyOp49
 70
     1
102
RTVSPropertyOp50
 70
     1
102
RTVSPropertyOp51
 70
     0
102
RTVSPropertyOp52
 70
     0
102
RTVSPropertyOp53
 70
     1
102
RTVSPropertyOp54
 70
     1
102
RTVSPropertyOp55
 70
     1
102
RTVSPropertyOp56
 70
     1
102
RTVSPropertyOp57
 70
     1
102
RTVSPropertyOp58
 70
     1
102
RTVSPropertyOp59
 70
     1
102
RTVSPropertyOp60
 70
     1
102
RTVSPropertyOp61
 70
     1
102
RTVSPropertyOp62
 70
     1
  0
XRECORD
  5
B98
102
{ACAD_REACTORS
330
B97
102
}
330
B97
100
AcDbXrecord
280
     1
102
RTVSPost2010Prop28
280
     0
102
RTVSPost2010PropOp28
 70
     1
102
RTVSPost2010Prop29
280
     1
102
RTVSPost2010PropOp29
 70
     1
102
RTVSPost2010Prop30
280
     1
102
RTVSPost2010PropOp30
 70
     1
102
RTVSPost2010Prop31
280
     0
102
RTVSPost2010PropOp31
 70
     1
102
RTVSPost2010Prop32
280
     0
102
RTVSPost2010PropOp32
 70
     1
102
RTVSPost2010Prop33
280
     0
102
RTVSPost2010PropOp33
 70
     1
102
RTVSPost2010Prop34
280
     0
102
RTVSPost2010PropOp34
 70
     1
102
RTVSPost2010Prop35
280
     0
102
RTVSPost2010PropOp35
 70
     1
102
RTVSPost2010Prop36
280
     0
102
RTVSPost2010PropOp36
 70
     1
102
RTVSPost2010Prop37
 90
       50
102
RTVSPost2010PropOp37
 70
     1
102
RTVSPost2010Prop38
140
0.0
102
RTVSPost2010PropOp38
 70
     1
102
RTVSPost2010Prop39
140
1.0
102
RTVSPost2010PropOp39
 70
     1
102
RTVSPost2010Prop40
 90
        0
102
RTVSPost2010PropOp40
 70
     1
102
RTVSPost2010Prop41ColorIndex
 90
       18
102
RTVSPost2010Prop41ColorRGB
 90
        0
102
RTVSPost2010PropOp41
 70
     1
102
RTVSPost2010Prop42
 90
       50
102
RTVSPost2010PropOp42
 70
     1
102
RTVSPost2010Prop43
 90
        3
102
RTVSPost2010PropOp43
 70
     1
102
RTVSPost2010Prop44ColorIndex
 90
        5
102
RTVSPost2010Prop44ColorRGB
 90
      255
102
RTVSPost2010PropOp44
 70
     1
102
RTVSPost2010Prop45
280
     0
102
RTVSPost2010PropOp45
 70
     1
102
RTVSPost2010Prop46
 90
       50
102
RTVSPost2010PropOp46
 70
     1
102
RTVSPost2010Prop47
 90
       50
102
RTVSPost2010PropOp47
 70
     1
102
RTVSPost2010Prop48
 90
       50
102
RTVSPost2010PropOp48
 70
     1
102
RTVSPost2010Prop49
280
     0
102
RTVSPost2010PropOp49
 70
     1
102
RTVSPost2010Prop50
 90
       50
102
RTVSPost2010PropOp50
 70
     1
102
RTVSPost2010Prop51ColorIndex
 90
      256
102
RTVSPost2010Prop51ColorRGB
 90
-16777216
102
RTVSPost2010PropOp51
 70
     0
102
RTVSPost2010Prop52
140
1.0
102
RTVSPost2010PropOp52
 70
     0
102
RTVSPost2010Prop53
 90
        2
102
RTVSPost2010PropOp53
 70
     1
102
RTVSPost2010Prop54
  1
strokes_ogs.tif
102
RTVSPost2010PropOp54
 70
     1
102
RTVSPost2010Prop55
280
     0
102
RTVSPost2010PropOp55
 70
     1
102
RTVSPost2010Prop56
140
1.0
102
RTVSPost2010PropOp56
 70
     1
102
RTVSPost2010Prop57
140
1.0
102
RTVSPost2010PropOp57
 70
     1
102
RTVSPropertyOp0
 70
     1
102
RTVSPropertyOp1
 70
     1
102
RTVSPropertyOp2
 70
     1
102
RTVSPropertyOp3
 70
     1
102
RTVSPropertyOp4
 70
     1
102
RTVSPropertyOp5
 70
     1
102
RTVSPropertyOp6
 70
     1
102
RTVSPropertyOp7
 70
     1
102
RTVSPropertyOp8
 70
     1
102
RTVSPropertyOp9
 70
     1
102
RTVSPropertyOp10
 70
     1
102
RTVSPropertyOp11
 70
     1
102
RTVSPropertyOp12
 70
     1
102
RTVSPropertyOp13
 70
     1
102
RTVSPropertyOp14
 70
     1
102
RTVSPropertyOp15
 70
     1
102
RTVSPropertyOp16
 70
     1
102
RTVSPropertyOp17
 70
     1
102
RTVSPropertyOp18
 70
     1
102
RTVSPropertyOp19
 70
     1
102
RTVSPropertyOp20
 70
     1
102
RTVSPropertyOp21
 70
     1
102
RTVSPropertyOp22
 70
     1
102
RTVSPropertyOp23
 70
     1
102
RTVSPropertyOp24
 70
     1
102
RTVSPropertyOp25
 70
     1
102
RTVSPropertyOp26
 70
     1
102
RTVSPropertyOp27
 70
     1
102
RTVSPropertyOp28
 70
     1
102
RTVSPropertyOp29
 70
     1
102
RTVSPropertyOp30
 70
     1
102
RTVSPropertyOp31
 70
     1
102
RTVSPropertyOp32
 70
     1
102
RTVSPropertyOp33
 70
     1
102
RTVSPropertyOp34
 70
     1
102
RTVSPropertyOp35
 70
     1
102
RTVSPropertyOp36
 70
     1
102
RTVSPropertyOp37
 70
     1
102
RTVSPropertyOp38
 70
     1
102
RTVSPropertyOp39
 70
     1
102
RTVSPropertyOp40
 70
     1
102
RTVSPropertyOp41
 70
     1
102
RTVSPropertyOp42
 70
     1
102
RTVSPropertyOp43
 70
     1
102
RTVSPropertyOp44
 70
     1
102
RTVSPropertyOp45
 70
     1
102
RTVSPropertyOp46
 70
     1
102
RTVSPropertyOp47
 70
     1
102
RTVSPropertyOp48
 70
     1
102
RTVSPropertyOp49
 70
     1
102
RTVSPropertyOp50
 70
     1
102
RTVSPropertyOp51
 70
     0
102
RTVSPropertyOp52
 70
     0
102
RTVSPropertyOp53
 70
     1
102
RTVSPropertyOp54
 70
     1
102
RTVSPropertyOp55
 70
     1
102
RTVSPropertyOp56
 70
     1
102
RTVSPropertyOp57
 70
     1
102
RTVSPropertyOp58
 70
     1
102
RTVSPropertyOp59
 70
     1
102
RTVSPropertyOp60
 70
     1
102
RTVSPropertyOp61
 70
     1
102
RTVSPropertyOp62
 70
     1
  0
XRECORD
  5
B9A
102
{ACAD_REACTORS
330
B99
102
}
330
B99
100
AcDbXrecord
280
     1
102
RTVSPost2010Prop28
280
     0
102
RTVSPost2010PropOp28
 70
     1
102
RTVSPost2010Prop29
280
     1
102
RTVSPost2010PropOp29
 70
     1
102
RTVSPost2010Prop30
280
     1
102
RTVSPost2010PropOp30
 70
     1
102
RTVSPost2010Prop31
280
     0
102
RTVSPost2010PropOp31
 70
     1
102
RTVSPost2010Prop32
280
     0
102
RTVSPost2010PropOp32
 70
     1
102
RTVSPost2010Prop33
280
     0
102
RTVSPost2010PropOp33
 70
     1
102
RTVSPost2010Prop34
280
     0
102
RTVSPost2010PropOp34
 70
     1
102
RTVSPost2010Prop35
280
     0
102
RTVSPost2010PropOp35
 70
     1
102
RTVSPost2010Prop36
280
     0
102
RTVSPost2010PropOp36
 70
     1
102
RTVSPost2010Prop37
 90
       50
102
RTVSPost2010PropOp37
 70
     1
102
RTVSPost2010Prop38
140
0.0
102
RTVSPost2010PropOp38
 70
     1
102
RTVSPost2010Prop39
140
1.0
102
RTVSPost2010PropOp39
 70
     1
102
RTVSPost2010Prop40
 90
        0
102
RTVSPost2010PropOp40
 70
     1
102
RTVSPost2010Prop41ColorIndex
 90
       18
102
RTVSPost2010Prop41ColorRGB
 90
        0
102
RTVSPost2010PropOp41
 70
     1
102
RTVSPost2010Prop42
 90
       50
102
RTVSPost2010PropOp42
 70
     1
102
RTVSPost2010Prop43
 90
        3
102
RTVSPost2010PropOp43
 70
     1
102
RTVSPost2010Prop44ColorIndex
 90
        5
102
RTVSPost2010Prop44ColorRGB
 90
      255
102
RTVSPost2010PropOp44
 70
     1
102
RTVSPost2010Prop45
280
     0
102
RTVSPost2010PropOp45
 70
     1
102
RTVSPost2010Prop46
 90
       50
102
RTVSPost2010PropOp46
 70
     1
102
RTVSPost2010Prop47
 90
       50
102
RTVSPost2010PropOp47
 70
     1
102
RTVSPost2010Prop48
 90
       50
102
RTVSPost2010PropOp48
 70
     1
102
RTVSPost2010Prop49
280
     0
102
RTVSPost2010PropOp49
 70
     1
102
RTVSPost2010Prop50
 90
       50
102
RTVSPost2010PropOp50
 70
     1
102
RTVSPost2010Prop51ColorIndex
 90
      256
102
RTVSPost2010Prop51ColorRGB
 90
-16777216
102
RTVSPost2010PropOp51
 70
     0
102
RTVSPost2010Prop52
140
1.0
102
RTVSPost2010PropOp52
 70
     0
102
RTVSPost2010Prop53
 90
        2
102
RTVSPost2010PropOp53
 70
     1
102
RTVSPost2010Prop54
  1
strokes_ogs.tif
102
RTVSPost2010PropOp54
 70
     1
102
RTVSPost2010Prop55
280
     0
102
RTVSPost2010PropOp55
 70
     1
102
RTVSPost2010Prop56
140
1.0
102
RTVSPost2010PropOp56
 70
     1
102
RTVSPost2010Prop57
140
1.0
102
RTVSPost2010PropOp57
 70
     1
102
RTVSPropertyOp0
 70
     1
102
RTVSPropertyOp1
 70
     1
102
RTVSPropertyOp2
 70
     1
102
RTVSPropertyOp3
 70
     1
102
RTVSPropertyOp4
 70
     1
102
RTVSPropertyOp5
 70
     1
102
RTVSPropertyOp6
 70
     1
102
RTVSPropertyOp7
 70
     1
102
RTVSPropertyOp8
 70
     1
102
RTVSPropertyOp9
 70
     1
102
RTVSPropertyOp10
 70
     1
102
RTVSPropertyOp11
 70
     1
102
RTVSPropertyOp12
 70
     1
102
RTVSPropertyOp13
 70
     1
102
RTVSPropertyOp14
 70
     1
102
RTVSPropertyOp15
 70
     1
102
RTVSPropertyOp16
 70
     1
102
RTVSPropertyOp17
 70
     1
102
RTVSPropertyOp18
 70
     1
102
RTVSPropertyOp19
 70
     1
102
RTVSPropertyOp20
 70
     1
102
RTVSPropertyOp21
 70
     1
102
RTVSPropertyOp22
 70
     1
102
RTVSPropertyOp23
 70
     1
102
RTVSPropertyOp24
 70
     1
102
RTVSPropertyOp25
 70
     1
102
RTVSPropertyOp26
 70
     1
102
RTVSPropertyOp27
 70
     1
102
RTVSPropertyOp28
 70
     1
102
RTVSPropertyOp29
 70
     1
102
RTVSPropertyOp30
 70
     1
102
RTVSPropertyOp31
 70
     1
102
RTVSPropertyOp32
 70
     1
102
RTVSPropertyOp33
 70
     1
102
RTVSPropertyOp34
 70
     1
102
RTVSPropertyOp35
 70
     1
102
RTVSPropertyOp36
 70
     1
102
RTVSPropertyOp37
 70
     1
102
RTVSPropertyOp38
 70
     1
102
RTVSPropertyOp39
 70
     1
102
RTVSPropertyOp40
 70
     1
102
RTVSPropertyOp41
 70
     1
102
RTVSPropertyOp42
 70
     1
102
RTVSPropertyOp43
 70
     1
102
RTVSPropertyOp44
 70
     1
102
RTVSPropertyOp45
 70
     1
102
RTVSPropertyOp46
 70
     1
102
RTVSPropertyOp47
 70
     1
102
RTVSPropertyOp48
 70
     1
102
RTVSPropertyOp49
 70
     1
102
RTVSPropertyOp50
 70
     1
102
RTVSPropertyOp51
 70
     0
102
RTVSPropertyOp52
 70
     0
102
RTVSPropertyOp53
 70
     1
102
RTVSPropertyOp54
 70
     1
102
RTVSPropertyOp55
 70
     1
102
RTVSPropertyOp56
 70
     1
102
RTVSPropertyOp57
 70
     1
102
RTVSPropertyOp58
 70
     1
102
RTVSPropertyOp59
 70
     1
102
RTVSPropertyOp60
 70
     1
102
RTVSPropertyOp61
 70
     1
102
RTVSPropertyOp62
 70
     1
  0
XRECORD
  5
B9C
102
{ACAD_REACTORS
330
B9B
102
}
330
B9B
100
AcDbXrecord
280
     1
102
RTVSPost2010Prop28
280
     0
102
RTVSPost2010PropOp28
 70
     1
102
RTVSPost2010Prop29
280
     1
102
RTVSPost2010PropOp29
 70
     1
102
RTVSPost2010Prop30
280
     1
102
RTVSPost2010PropOp30
 70
     1
102
RTVSPost2010Prop31
280
     0
102
RTVSPost2010PropOp31
 70
     1
102
RTVSPost2010Prop32
280
     0
102
RTVSPost2010PropOp32
 70
     1
102
RTVSPost2010Prop33
280
     0
102
RTVSPost2010PropOp33
 70
     1
102
RTVSPost2010Prop34
280
     0
102
RTVSPost2010PropOp34
 70
     1
102
RTVSPost2010Prop35
280
     0
102
RTVSPost2010PropOp35
 70
     1
102
RTVSPost2010Prop36
280
     0
102
RTVSPost2010PropOp36
 70
     1
102
RTVSPost2010Prop37
 90
       50
102
RTVSPost2010PropOp37
 70
     1
102
RTVSPost2010Prop38
140
0.0
102
RTVSPost2010PropOp38
 70
     1
102
RTVSPost2010Prop39
140
1.0
102
RTVSPost2010PropOp39
 70
     1
102
RTVSPost2010Prop40
 90
        0
102
RTVSPost2010PropOp40
 70
     1
102
RTVSPost2010Prop41ColorIndex
 90
       18
102
RTVSPost2010Prop41ColorRGB
 90
        0
102
RTVSPost2010PropOp41
 70
     1
102
RTVSPost2010Prop42
 90
       50
102
RTVSPost2010PropOp42
 70
     1
102
RTVSPost2010Prop43
 90
        3
102
RTVSPost2010PropOp43
 70
     1
102
RTVSPost2010Prop44ColorIndex
 90
        5
102
RTVSPost2010Prop44ColorRGB
 90
      255
102
RTVSPost2010PropOp44
 70
     1
102
RTVSPost2010Prop45
280
     0
102
RTVSPost2010PropOp45
 70
     1
102
RTVSPost2010Prop46
 90
       50
102
RTVSPost2010PropOp46
 70
     1
102
RTVSPost2010Prop47
 90
       50
102
RTVSPost2010PropOp47
 70
     1
102
RTVSPost2010Prop48
 90
       50
102
RTVSPost2010PropOp48
 70
     1
102
RTVSPost2010Prop49
280
     0
102
RTVSPost2010PropOp49
 70
     1
102
RTVSPost2010Prop50
 90
       50
102
RTVSPost2010PropOp50
 70
     1
102
RTVSPost2010Prop51ColorIndex
 90
      256
102
RTVSPost2010Prop51ColorRGB
 90
-16777216
102
RTVSPost2010PropOp51
 70
     0
102
RTVSPost2010Prop52
140
1.0
102
RTVSPost2010PropOp52
 70
     0
102
RTVSPost2010Prop53
 90
        2
102
RTVSPost2010PropOp53
 70
     1
102
RTVSPost2010Prop54
  1
strokes_ogs.tif
102
RTVSPost2010PropOp54
 70
     1
102
RTVSPost2010Prop55
280
     0
102
RTVSPost2010PropOp55
 70
     1
102
RTVSPost2010Prop56
140
1.0
102
RTVSPost2010PropOp56
 70
     1
102
RTVSPost2010Prop57
140
1.0
102
RTVSPost2010PropOp57
 70
     1
102
RTVSPropertyOp0
 70
     1
102
RTVSPropertyOp1
 70
     1
102
RTVSPropertyOp2
 70
     1
102
RTVSPropertyOp3
 70
     1
102
RTVSPropertyOp4
 70
     1
102
RTVSPropertyOp5
 70
     1
102
RTVSPropertyOp6
 70
     1
102
RTVSPropertyOp7
 70
     1
102
RTVSPropertyOp8
 70
     1
102
RTVSPropertyOp9
 70
     1
102
RTVSPropertyOp10
 70
     1
102
RTVSPropertyOp11
 70
     1
102
RTVSPropertyOp12
 70
     1
102
RTVSPropertyOp13
 70
     1
102
RTVSPropertyOp14
 70
     1
102
RTVSPropertyOp15
 70
     1
102
RTVSPropertyOp16
 70
     1
102
RTVSPropertyOp17
 70
     1
102
RTVSPropertyOp18
 70
     1
102
RTVSPropertyOp19
 70
     1
102
RTVSPropertyOp20
 70
     1
102
RTVSPropertyOp21
 70
     1
102
RTVSPropertyOp22
 70
     1
102
RTVSPropertyOp23
 70
     1
102
RTVSPropertyOp24
 70
     1
102
RTVSPropertyOp25
 70
     1
102
RTVSPropertyOp26
 70
     1
102
RTVSPropertyOp27
 70
     1
102
RTVSPropertyOp28
 70
     1
102
RTVSPropertyOp29
 70
     1
102
RTVSPropertyOp30
 70
     1
102
RTVSPropertyOp31
 70
     1
102
RTVSPropertyOp32
 70
     1
102
RTVSPropertyOp33
 70
     1
102
RTVSPropertyOp34
 70
     1
102
RTVSPropertyOp35
 70
     1
102
RTVSPropertyOp36
 70
     1
102
RTVSPropertyOp37
 70
     1
102
RTVSPropertyOp38
 70
     1
102
RTVSPropertyOp39
 70
     1
102
RTVSPropertyOp40
 70
     1
102
RTVSPropertyOp41
 70
     1
102
RTVSPropertyOp42
 70
     1
102
RTVSPropertyOp43
 70
     1
102
RTVSPropertyOp44
 70
     1
102
RTVSPropertyOp45
 70
     1
102
RTVSPropertyOp46
 70
     1
102
RTVSPropertyOp47
 70
     1
102
RTVSPropertyOp48
 70
     1
102
RTVSPropertyOp49
 70
     1
102
RTVSPropertyOp50
 70
     1
102
RTVSPropertyOp51
 70
     0
102
RTVSPropertyOp52
 70
     0
102
RTVSPropertyOp53
 70
     1
102
RTVSPropertyOp54
 70
     1
102
RTVSPropertyOp55
 70
     1
102
RTVSPropertyOp56
 70
     1
102
RTVSPropertyOp57
 70
     1
102
RTVSPropertyOp58
 70
     1
102
RTVSPropertyOp59
 70
     1
102
RTVSPropertyOp60
 70
     1
102
RTVSPropertyOp61
 70
     1
102
RTVSPropertyOp62
 70
     1
  0
XRECORD
  5
B9E
102
{ACAD_REACTORS
330
B9D
102
}
330
B9D
100
AcDbXrecord
280
     1
102
RTVSPost2010Prop28
280
     0
102
RTVSPost2010PropOp28
 70
     1
102
RTVSPost2010Prop29
280
     1
102
RTVSPost2010PropOp29
 70
     1
102
RTVSPost2010Prop30
280
     1
102
RTVSPost2010PropOp30
 70
     1
102
RTVSPost2010Prop31
280
     0
102
RTVSPost2010PropOp31
 70
     1
102
RTVSPost2010Prop32
280
     0
102
RTVSPost2010PropOp32
 70
     1
102
RTVSPost2010Prop33
280
     0
102
RTVSPost2010PropOp33
 70
     1
102
RTVSPost2010Prop34
280
     0
102
RTVSPost2010PropOp34
 70
     1
102
RTVSPost2010Prop35
280
     0
102
RTVSPost2010PropOp35
 70
     1
102
RTVSPost2010Prop36
280
     0
102
RTVSPost2010PropOp36
 70
     1
102
RTVSPost2010Prop37
 90
       50
102
RTVSPost2010PropOp37
 70
     1
102
RTVSPost2010Prop38
140
0.0
102
RTVSPost2010PropOp38
 70
     1
102
RTVSPost2010Prop39
140
1.0
102
RTVSPost2010PropOp39
 70
     1
102
RTVSPost2010Prop40
 90
        0
102
RTVSPost2010PropOp40
 70
     1
102
RTVSPost2010Prop41ColorIndex
 90
       18
102
RTVSPost2010Prop41ColorRGB
 90
        0
102
RTVSPost2010PropOp41
 70
     1
102
RTVSPost2010Prop42
 90
       50
102
RTVSPost2010PropOp42
 70
     1
102
RTVSPost2010Prop43
 90
        3
102
RTVSPost2010PropOp43
 70
     1
102
RTVSPost2010Prop44ColorIndex
 90
        5
102
RTVSPost2010Prop44ColorRGB
 90
      255
102
RTVSPost2010PropOp44
 70
     1
102
RTVSPost2010Prop45
280
     0
102
RTVSPost2010PropOp45
 70
     1
102
RTVSPost2010Prop46
 90
       50
102
RTVSPost2010PropOp46
 70
     1
102
RTVSPost2010Prop47
 90
       50
102
RTVSPost2010PropOp47
 70
     1
102
RTVSPost2010Prop48
 90
       50
102
RTVSPost2010PropOp48
 70
     1
102
RTVSPost2010Prop49
280
     0
102
RTVSPost2010PropOp49
 70
     1
102
RTVSPost2010Prop50
 90
       50
102
RTVSPost2010PropOp50
 70
     1
102
RTVSPost2010Prop51ColorIndex
 90
      256
102
RTVSPost2010Prop51ColorRGB
 90
-16777216
102
RTVSPost2010PropOp51
 70
     0
102
RTVSPost2010Prop52
140
1.0
102
RTVSPost2010PropOp52
 70
     0
102
RTVSPost2010Prop53
 90
        2
102
RTVSPost2010PropOp53
 70
     1
102
RTVSPost2010Prop54
  1
strokes_ogs.tif
102
RTVSPost2010PropOp54
 70
     1
102
RTVSPost2010Prop55
280
     0
102
RTVSPost2010PropOp55
 70
     1
102
RTVSPost2010Prop56
140
1.0
102
RTVSPost2010PropOp56
 70
     1
102
RTVSPost2010Prop57
140
1.0
102
RTVSPost2010PropOp57
 70
     1
102
RTVSPropertyOp0
 70
     1
102
RTVSPropertyOp1
 70
     1
102
RTVSPropertyOp2
 70
     1
102
RTVSPropertyOp3
 70
     1
102
RTVSPropertyOp4
 70
     1
102
RTVSPropertyOp5
 70
     1
102
RTVSPropertyOp6
 70
     1
102
RTVSPropertyOp7
 70
     1
102
RTVSPropertyOp8
 70
     1
102
RTVSPropertyOp9
 70
     1
102
RTVSPropertyOp10
 70
     1
102
RTVSPropertyOp11
 70
     1
102
RTVSPropertyOp12
 70
     1
102
RTVSPropertyOp13
 70
     1
102
RTVSPropertyOp14
 70
     1
102
RTVSPropertyOp15
 70
     1
102
RTVSPropertyOp16
 70
     1
102
RTVSPropertyOp17
 70
     1
102
RTVSPropertyOp18
 70
     1
102
RTVSPropertyOp19
 70
     1
102
RTVSPropertyOp20
 70
     1
102
RTVSPropertyOp21
 70
     1
102
RTVSPropertyOp22
 70
     1
102
RTVSPropertyOp23
 70
     1
102
RTVSPropertyOp24
 70
     1
102
RTVSPropertyOp25
 70
     1
102
RTVSPropertyOp26
 70
     1
102
RTVSPropertyOp27
 70
     1
102
RTVSPropertyOp28
 70
     1
102
RTVSPropertyOp29
 70
     1
102
RTVSPropertyOp30
 70
     1
102
RTVSPropertyOp31
 70
     1
102
RTVSPropertyOp32
 70
     1
102
RTVSPropertyOp33
 70
     1
102
RTVSPropertyOp34
 70
     1
102
RTVSPropertyOp35
 70
     1
102
RTVSPropertyOp36
 70
     1
102
RTVSPropertyOp37
 70
     1
102
RTVSPropertyOp38
 70
     1
102
RTVSPropertyOp39
 70
     1
102
RTVSPropertyOp40
 70
     1
102
RTVSPropertyOp41
 70
     1
102
RTVSPropertyOp42
 70
     1
102
RTVSPropertyOp43
 70
     1
102
RTVSPropertyOp44
 70
     1
102
RTVSPropertyOp45
 70
     1
102
RTVSPropertyOp46
 70
     1
102
RTVSPropertyOp47
 70
     1
102
RTVSPropertyOp48
 70
     1
102
RTVSPropertyOp49
 70
     1
102
RTVSPropertyOp50
 70
     1
102
RTVSPropertyOp51
 70
     0
102
RTVSPropertyOp52
 70
     0
102
RTVSPropertyOp53
 70
     1
102
RTVSPropertyOp54
 70
     1
102
RTVSPropertyOp55
 70
     1
102
RTVSPropertyOp56
 70
     1
102
RTVSPropertyOp57
 70
     1
102
RTVSPropertyOp58
 70
     1
102
RTVSPropertyOp59
 70
     1
102
RTVSPropertyOp60
 70
     1
102
RTVSPropertyOp61
 70
     1
102
RTVSPropertyOp62
 70
     1
  0
XRECORD
  5
BA6
102
{ACAD_REACTORS
330
BA5
102
}
330
BA5
100
AcDbXrecord
280
     1
102
RTVSPost2010Prop28
280
     0
102
RTVSPost2010PropOp28
 70
     1
102
RTVSPost2010Prop29
280
     1
102
RTVSPost2010PropOp29
 70
     1
102
RTVSPost2010Prop30
280
     1
102
RTVSPost2010PropOp30
 70
     1
102
RTVSPost2010Prop31
280
     0
102
RTVSPost2010PropOp31
 70
     1
102
RTVSPost2010Prop32
280
     0
102
RTVSPost2010PropOp32
 70
     1
102
RTVSPost2010Prop33
280
     0
102
RTVSPost2010PropOp33
 70
     1
102
RTVSPost2010Prop34
280
     0
102
RTVSPost2010PropOp34
 70
     1
102
RTVSPost2010Prop35
280
     0
102
RTVSPost2010PropOp35
 70
     1
102
RTVSPost2010Prop36
280
     0
102
RTVSPost2010PropOp36
 70
     1
102
RTVSPost2010Prop37
 90
       50
102
RTVSPost2010PropOp37
 70
     1
102
RTVSPost2010Prop38
140
0.0
102
RTVSPost2010PropOp38
 70
     1
102
RTVSPost2010Prop39
140
1.0
102
RTVSPost2010PropOp39
 70
     1
102
RTVSPost2010Prop40
 90
        0
102
RTVSPost2010PropOp40
 70
     1
102
RTVSPost2010Prop41ColorIndex
 90
       18
102
RTVSPost2010Prop41ColorRGB
 90
        0
102
RTVSPost2010PropOp41
 70
     1
102
RTVSPost2010Prop42
 90
       50
102
RTVSPost2010PropOp42
 70
     1
102
RTVSPost2010Prop43
 90
        3
102
RTVSPost2010PropOp43
 70
     1
102
RTVSPost2010Prop44ColorIndex
 90
        5
102
RTVSPost2010Prop44ColorRGB
 90
      255
102
RTVSPost2010PropOp44
 70
     1
102
RTVSPost2010Prop45
280
     0
102
RTVSPost2010PropOp45
 70
     1
102
RTVSPost2010Prop46
 90
       50
102
RTVSPost2010PropOp46
 70
     1
102
RTVSPost2010Prop47
 90
       50
102
RTVSPost2010PropOp47
 70
     1
102
RTVSPost2010Prop48
 90
       50
102
RTVSPost2010PropOp48
 70
     1
102
RTVSPost2010Prop49
280
     0
102
RTVSPost2010PropOp49
 70
     1
102
RTVSPost2010Prop50
 90
       50
102
RTVSPost2010PropOp50
 70
     1
102
RTVSPost2010Prop51ColorIndex
 90
      256
102
RTVSPost2010Prop51ColorRGB
 90
-16777216
102
RTVSPost2010PropOp51
 70
     0
102
RTVSPost2010Prop52
140
1.0
102
RTVSPost2010PropOp52
 70
     0
102
RTVSPost2010Prop53
 90
        2
102
RTVSPost2010PropOp53
 70
     1
102
RTVSPost2010Prop54
  1
strokes_ogs.tif
102
RTVSPost2010PropOp54
 70
     1
102
RTVSPost2010Prop55
280
     0
102
RTVSPost2010PropOp55
 70
     1
102
RTVSPost2010Prop56
140
1.0
102
RTVSPost2010PropOp56
 70
     1
102
RTVSPost2010Prop57
140
1.0
102
RTVSPost2010PropOp57
 70
     1
102
RTVSPropertyOp0
 70
     1
102
RTVSPropertyOp1
 70
     1
102
RTVSPropertyOp2
 70
     1
102
RTVSPropertyOp3
 70
     1
102
RTVSPropertyOp4
 70
     1
102
RTVSPropertyOp5
 70
     1
102
RTVSPropertyOp6
 70
     1
102
RTVSPropertyOp7
 70
     1
102
RTVSPropertyOp8
 70
     1
102
RTVSPropertyOp9
 70
     1
102
RTVSPropertyOp10
 70
     1
102
RTVSPropertyOp11
 70
     1
102
RTVSPropertyOp12
 70
     1
102
RTVSPropertyOp13
 70
     1
102
RTVSPropertyOp14
 70
     1
102
RTVSPropertyOp15
 70
     1
102
RTVSPropertyOp16
 70
     1
102
RTVSPropertyOp17
 70
     1
102
RTVSPropertyOp18
 70
     1
102
RTVSPropertyOp19
 70
     1
102
RTVSPropertyOp20
 70
     1
102
RTVSPropertyOp21
 70
     1
102
RTVSPropertyOp22
 70
     1
102
RTVSPropertyOp23
 70
     1
102
RTVSPropertyOp24
 70
     1
102
RTVSPropertyOp25
 70
     1
102
RTVSPropertyOp26
 70
     1
102
RTVSPropertyOp27
 70
     1
102
RTVSPropertyOp28
 70
     1
102
RTVSPropertyOp29
 70
     1
102
RTVSPropertyOp30
 70
     1
102
RTVSPropertyOp31
 70
     1
102
RTVSPropertyOp32
 70
     1
102
RTVSPropertyOp33
 70
     1
102
RTVSPropertyOp34
 70
     1
102
RTVSPropertyOp35
 70
     1
102
RTVSPropertyOp36
 70
     1
102
RTVSPropertyOp37
 70
     1
102
RTVSPropertyOp38
 70
     1
102
RTVSPropertyOp39
 70
     1
102
RTVSPropertyOp40
 70
     1
102
RTVSPropertyOp41
 70
     1
102
RTVSPropertyOp42
 70
     1
102
RTVSPropertyOp43
 70
     1
102
RTVSPropertyOp44
 70
     1
102
RTVSPropertyOp45
 70
     1
102
RTVSPropertyOp46
 70
     1
102
RTVSPropertyOp47
 70
     1
102
RTVSPropertyOp48
 70
     1
102
RTVSPropertyOp49
 70
     1
102
RTVSPropertyOp50
 70
     1
102
RTVSPropertyOp51
 70
     0
102
RTVSPropertyOp52
 70
     0
102
RTVSPropertyOp53
 70
     1
102
RTVSPropertyOp54
 70
     1
102
RTVSPropertyOp55
 70
     1
102
RTVSPropertyOp56
 70
     1
102
RTVSPropertyOp57
 70
     1
102
RTVSPropertyOp58
 70
     1
102
RTVSPropertyOp59
 70
     1
102
RTVSPropertyOp60
 70
     1
102
RTVSPropertyOp61
 70
     1
102
RTVSPropertyOp62
 70
     1
  0
XRECORD
  5
BB8
102
{ACAD_REACTORS
330
BB7
102
}
330
BB7
100
AcDbXrecord
280
     1
102
RTVSPost2010Prop28
280
     0
102
RTVSPost2010PropOp28
 70
     1
102
RTVSPost2010Prop29
280
     1
102
RTVSPost2010PropOp29
 70
     1
102
RTVSPost2010Prop30
280
     1
102
RTVSPost2010PropOp30
 70
     1
102
RTVSPost2010Prop31
280
     0
102
RTVSPost2010PropOp31
 70
     1
102
RTVSPost2010Prop32
280
     0
102
RTVSPost2010PropOp32
 70
     1
102
RTVSPost2010Prop33
280
     0
102
RTVSPost2010PropOp33
 70
     1
102
RTVSPost2010Prop34
280
     0
102
RTVSPost2010PropOp34
 70
     1
102
RTVSPost2010Prop35
280
     0
102
RTVSPost2010PropOp35
 70
     1
102
RTVSPost2010Prop36
280
     0
102
RTVSPost2010PropOp36
 70
     1
102
RTVSPost2010Prop37
 90
       50
102
RTVSPost2010PropOp37
 70
     1
102
RTVSPost2010Prop38
140
0.0
102
RTVSPost2010PropOp38
 70
     1
102
RTVSPost2010Prop39
140
1.0
102
RTVSPost2010PropOp39
 70
     1
102
RTVSPost2010Prop40
 90
        0
102
RTVSPost2010PropOp40
 70
     1
102
RTVSPost2010Prop41ColorIndex
 90
       18
102
RTVSPost2010Prop41ColorRGB
 90
        0
102
RTVSPost2010PropOp41
 70
     1
102
RTVSPost2010Prop42
 90
       50
102
RTVSPost2010PropOp42
 70
     1
102
RTVSPost2010Prop43
 90
        3
102
RTVSPost2010PropOp43
 70
     1
102
RTVSPost2010Prop44ColorIndex
 90
        5
102
RTVSPost2010Prop44ColorRGB
 90
      255
102
RTVSPost2010PropOp44
 70
     1
102
RTVSPost2010Prop45
280
     0
102
RTVSPost2010PropOp45
 70
     1
102
RTVSPost2010Prop46
 90
       50
102
RTVSPost2010PropOp46
 70
     1
102
RTVSPost2010Prop47
 90
       50
102
RTVSPost2010PropOp47
 70
     1
102
RTVSPost2010Prop48
 90
       50
102
RTVSPost2010PropOp48
 70
     1
102
RTVSPost2010Prop49
280
     0
102
RTVSPost2010PropOp49
 70
     1
102
RTVSPost2010Prop50
 90
       50
102
RTVSPost2010PropOp50
 70
     1
102
RTVSPost2010Prop51ColorIndex
 90
      256
102
RTVSPost2010Prop51ColorRGB
 90
-16777216
102
RTVSPost2010PropOp51
 70
     0
102
RTVSPost2010Prop52
140
1.0
102
RTVSPost2010PropOp52
 70
     0
102
RTVSPost2010Prop53
 90
        2
102
RTVSPost2010PropOp53
 70
     1
102
RTVSPost2010Prop54
  1
strokes_ogs.tif
102
RTVSPost2010PropOp54
 70
     1
102
RTVSPost2010Prop55
280
     0
102
RTVSPost2010PropOp55
 70
     1
102
RTVSPost2010Prop56
140
1.0
102
RTVSPost2010PropOp56
 70
     1
102
RTVSPost2010Prop57
140
1.0
102
RTVSPost2010PropOp57
 70
     1
102
RTVSPropertyOp0
 70
     0
102
RTVSPropertyOp1
 70
     0
102
RTVSPropertyOp2
 70
     0
102
RTVSPropertyOp3
 70
     0
102
RTVSPropertyOp4
 70
     0
102
RTVSPropertyOp5
 70
     0
102
RTVSPropertyOp6
 70
     0
102
RTVSPropertyOp7
 70
     0
102
RTVSPropertyOp8
 70
     0
102
RTVSPropertyOp9
 70
     0
102
RTVSPropertyOp10
 70
     0
102
RTVSPropertyOp11
 70
     0
102
RTVSPropertyOp12
 70
     0
102
RTVSPropertyOp13
 70
     0
102
RTVSPropertyOp14
 70
     2
102
RTVSPropertyOp15
 70
     0
102
RTVSPropertyOp16
 70
     0
102
RTVSPropertyOp17
 70
     0
102
RTVSPropertyOp18
 70
     0
102
RTVSPropertyOp19
 70
     0
102
RTVSPropertyOp20
 70
     0
102
RTVSPropertyOp21
 70
     0
102
RTVSPropertyOp22
 70
     0
102
RTVSPropertyOp23
 70
     0
102
RTVSPropertyOp24
 70
     0
102
RTVSPropertyOp25
 70
     0
102
RTVSPropertyOp26
 70
     0
102
RTVSPropertyOp27
 70
     0
102
RTVSPropertyOp28
 70
     1
102
RTVSPropertyOp29
 70
     1
102
RTVSPropertyOp30
 70
     1
102
RTVSPropertyOp31
 70
     1
102
RTVSPropertyOp32
 70
     1
102
RTVSPropertyOp33
 70
     1
102
RTVSPropertyOp34
 70
     1
102
RTVSPropertyOp35
 70
     1
102
RTVSPropertyOp36
 70
     1
102
RTVSPropertyOp37
 70
     1
102
RTVSPropertyOp38
 70
     1
102
RTVSPropertyOp39
 70
     1
102
RTVSPropertyOp40
 70
     1
102
RTVSPropertyOp41
 70
     1
102
RTVSPropertyOp42
 70
     1
102
RTVSPropertyOp43
 70
     1
102
RTVSPropertyOp44
 70
     1
102
RTVSPropertyOp45
 70
     1
102
RTVSPropertyOp46
 70
     1
102
RTVSPropertyOp47
 70
     1
102
RTVSPropertyOp48
 70
     1
102
RTVSPropertyOp49
 70
     1
102
RTVSPropertyOp50
 70
     1
102
RTVSPropertyOp51
 70
     0
102
RTVSPropertyOp52
 70
     0
102
RTVSPropertyOp53
 70
     1
102
RTVSPropertyOp54
 70
     1
102
RTVSPropertyOp55
 70
     1
102
RTVSPropertyOp56
 70
     1
102
RTVSPropertyOp57
 70
     1
102
RTVSPropertyOp58
 70
     1
102
RTVSPropertyOp59
 70
     1
102
RTVSPropertyOp60
 70
     1
102
RTVSPropertyOp61
 70
     1
102
RTVSPropertyOp62
 70
     1
  0
XRECORD
  5
BB2
102
{ACAD_REACTORS
330
BB1
102
}
330
BB1
100
AcDbXrecord
280
     1
102
RTVSPost2010Prop28
280
     0
102
RTVSPost2010PropOp28
 70
     1
102
RTVSPost2010Prop29
280
     1
102
RTVSPost2010PropOp29
 70
     1
102
RTVSPost2010Prop30
280
     1
102
RTVSPost2010PropOp30
 70
     1
102
RTVSPost2010Prop31
280
     0
102
RTVSPost2010PropOp31
 70
     1
102
RTVSPost2010Prop32
280
     0
102
RTVSPost2010PropOp32
 70
     1
102
RTVSPost2010Prop33
280
     0
102
RTVSPost2010PropOp33
 70
     1
102
RTVSPost2010Prop34
280
     0
102
RTVSPost2010PropOp34
 70
     1
102
RTVSPost2010Prop35
280
     0
102
RTVSPost2010PropOp35
 70
     1
102
RTVSPost2010Prop36
280
     0
102
RTVSPost2010PropOp36
 70
     1
102
RTVSPost2010Prop37
 90
       50
102
RTVSPost2010PropOp37
 70
     1
102
RTVSPost2010Prop38
140
0.0
102
RTVSPost2010PropOp38
 70
     1
102
RTVSPost2010Prop39
140
1.0
102
RTVSPost2010PropOp39
 70
     1
102
RTVSPost2010Prop40
 90
        0
102
RTVSPost2010PropOp40
 70
     1
102
RTVSPost2010Prop41ColorIndex
 90
       18
102
RTVSPost2010Prop41ColorRGB
 90
        0
102
RTVSPost2010PropOp41
 70
     1
102
RTVSPost2010Prop42
 90
       50
102
RTVSPost2010PropOp42
 70
     1
102
RTVSPost2010Prop43
 90
        3
102
RTVSPost2010PropOp43
 70
     1
102
RTVSPost2010Prop44ColorIndex
 90
        5
102
RTVSPost2010Prop44ColorRGB
 90
      255
102
RTVSPost2010PropOp44
 70
     1
102
RTVSPost2010Prop45
280
     0
102
RTVSPost2010PropOp45
 70
     1
102
RTVSPost2010Prop46
 90
       50
102
RTVSPost2010PropOp46
 70
     1
102
RTVSPost2010Prop47
 90
       50
102
RTVSPost2010PropOp47
 70
     1
102
RTVSPost2010Prop48
 90
       50
102
RTVSPost2010PropOp48
 70
     1
102
RTVSPost2010Prop49
280
     0
102
RTVSPost2010PropOp49
 70
     1
102
RTVSPost2010Prop50
 90
       50
102
RTVSPost2010PropOp50
 70
     1
102
RTVSPost2010Prop51ColorIndex
 90
      256
102
RTVSPost2010Prop51ColorRGB
 90
-16777216
102
RTVSPost2010PropOp51
 70
     0
102
RTVSPost2010Prop52
140
1.0
102
RTVSPost2010PropOp52
 70
     0
102
RTVSPost2010Prop53
 90
        2
102
RTVSPost2010PropOp53
 70
     1
102
RTVSPost2010Prop54
  1
strokes_ogs.tif
102
RTVSPost2010PropOp54
 70
     1
102
RTVSPost2010Prop55
280
     0
102
RTVSPost2010PropOp55
 70
     1
102
RTVSPost2010Prop56
140
1.0
102
RTVSPost2010PropOp56
 70
     1
102
RTVSPost2010Prop57
140
1.0
102
RTVSPost2010PropOp57
 70
     1
102
RTVSPropertyOp0
 70
     1
102
RTVSPropertyOp1
 70
     1
102
RTVSPropertyOp2
 70
     1
102
RTVSPropertyOp3
 70
     1
102
RTVSPropertyOp4
 70
     1
102
RTVSPropertyOp5
 70
     1
102
RTVSPropertyOp6
 70
     1
102
RTVSPropertyOp7
 70
     1
102
RTVSPropertyOp8
 70
     1
102
RTVSPropertyOp9
 70
     1
102
RTVSPropertyOp10
 70
     1
102
RTVSPropertyOp11
 70
     1
102
RTVSPropertyOp12
 70
     1
102
RTVSPropertyOp13
 70
     1
102
RTVSPropertyOp14
 70
     1
102
RTVSPropertyOp15
 70
     1
102
RTVSPropertyOp16
 70
     1
102
RTVSPropertyOp17
 70
     1
102
RTVSPropertyOp18
 70
     1
102
RTVSPropertyOp19
 70
     1
102
RTVSPropertyOp20
 70
     1
102
RTVSPropertyOp21
 70
     1
102
RTVSPropertyOp22
 70
     1
102
RTVSPropertyOp23
 70
     1
102
RTVSPropertyOp24
 70
     1
102
RTVSPropertyOp25
 70
     1
102
RTVSPropertyOp26
 70
     1
102
RTVSPropertyOp27
 70
     1
102
RTVSPropertyOp28
 70
     1
102
RTVSPropertyOp29
 70
     1
102
RTVSPropertyOp30
 70
     1
102
RTVSPropertyOp31
 70
     1
102
RTVSPropertyOp32
 70
     1
102
RTVSPropertyOp33
 70
     1
102
RTVSPropertyOp34
 70
     1
102
RTVSPropertyOp35
 70
     1
102
RTVSPropertyOp36
 70
     1
102
RTVSPropertyOp37
 70
     1
102
RTVSPropertyOp38
 70
     1
102
RTVSPropertyOp39
 70
     1
102
RTVSPropertyOp40
 70
     1
102
RTVSPropertyOp41
 70
     1
102
RTVSPropertyOp42
 70
     1
102
RTVSPropertyOp43
 70
     1
102
RTVSPropertyOp44
 70
     1
102
RTVSPropertyOp45
 70
     1
102
RTVSPropertyOp46
 70
     1
102
RTVSPropertyOp47
 70
     1
102
RTVSPropertyOp48
 70
     1
102
RTVSPropertyOp49
 70
     1
102
RTVSPropertyOp50
 70
     1
102
RTVSPropertyOp51
 70
     0
102
RTVSPropertyOp52
 70
     0
102
RTVSPropertyOp53
 70
     1
102
RTVSPropertyOp54
 70
     1
102
RTVSPropertyOp55
 70
     1
102
RTVSPropertyOp56
 70
     1
102
RTVSPropertyOp57
 70
     1
102
RTVSPropertyOp58
 70
     1
102
RTVSPropertyOp59
 70
     1
102
RTVSPropertyOp60
 70
     1
102
RTVSPropertyOp61
 70
     1
102
RTVSPropertyOp62
 70
     1
  0
XRECORD
  5
BBA
102
{ACAD_REACTORS
330
BB9
102
}
330
BB9
100
AcDbXrecord
280
     1
102
RTVSPost2010Prop28
280
     0
102
RTVSPost2010PropOp28
 70
     1
102
RTVSPost2010Prop29
280
     1
102
RTVSPost2010PropOp29
 70
     1
102
RTVSPost2010Prop30
280
     1
102
RTVSPost2010PropOp30
 70
     1
102
RTVSPost2010Prop31
280
     0
102
RTVSPost2010PropOp31
 70
     1
102
RTVSPost2010Prop32
280
     0
102
RTVSPost2010PropOp32
 70
     1
102
RTVSPost2010Prop33
280
     0
102
RTVSPost2010PropOp33
 70
     1
102
RTVSPost2010Prop34
280
     0
102
RTVSPost2010PropOp34
 70
     1
102
RTVSPost2010Prop35
280
     0
102
RTVSPost2010PropOp35
 70
     1
102
RTVSPost2010Prop36
280
     0
102
RTVSPost2010PropOp36
 70
     1
102
RTVSPost2010Prop37
 90
       50
102
RTVSPost2010PropOp37
 70
     1
102
RTVSPost2010Prop38
140
0.0
102
RTVSPost2010PropOp38
 70
     1
102
RTVSPost2010Prop39
140
1.0
102
RTVSPost2010PropOp39
 70
     1
102
RTVSPost2010Prop40
 90
        0
102
RTVSPost2010PropOp40
 70
     1
102
RTVSPost2010Prop41ColorIndex
 90
       18
102
RTVSPost2010Prop41ColorRGB
 90
        0
102
RTVSPost2010PropOp41
 70
     1
102
RTVSPost2010Prop42
 90
       50
102
RTVSPost2010PropOp42
 70
     1
102
RTVSPost2010Prop43
 90
        3
102
RTVSPost2010PropOp43
 70
     1
102
RTVSPost2010Prop44ColorIndex
 90
        5
102
RTVSPost2010Prop44ColorRGB
 90
      255
102
RTVSPost2010PropOp44
 70
     1
102
RTVSPost2010Prop45
280
     0
102
RTVSPost2010PropOp45
 70
     1
102
RTVSPost2010Prop46
 90
       50
102
RTVSPost2010PropOp46
 70
     1
102
RTVSPost2010Prop47
 90
       50
102
RTVSPost2010PropOp47
 70
     1
102
RTVSPost2010Prop48
 90
       50
102
RTVSPost2010PropOp48
 70
     1
102
RTVSPost2010Prop49
280
     0
102
RTVSPost2010PropOp49
 70
     1
102
RTVSPost2010Prop50
 90
       50
102
RTVSPost2010PropOp50
 70
     1
102
RTVSPost2010Prop51ColorIndex
 90
      256
102
RTVSPost2010Prop51ColorRGB
 90
-16777216
102
RTVSPost2010PropOp51
 70
     0
102
RTVSPost2010Prop52
140
1.0
102
RTVSPost2010PropOp52
 70
     0
102
RTVSPost2010Prop53
 90
        2
102
RTVSPost2010PropOp53
 70
     1
102
RTVSPost2010Prop54
  1
strokes_ogs.tif
102
RTVSPost2010PropOp54
 70
     1
102
RTVSPost2010Prop55
280
     0
102
RTVSPost2010PropOp55
 70
     1
102
RTVSPost2010Prop56
140
1.0
102
RTVSPost2010PropOp56
 70
     1
102
RTVSPost2010Prop57
140
1.0
102
RTVSPost2010PropOp57
 70
     1
102
RTVSPropertyOp0
 70
     0
102
RTVSPropertyOp1
 70
     0
102
RTVSPropertyOp2
 70
     0
102
RTVSPropertyOp3
 70
     0
102
RTVSPropertyOp4
 70
     0
102
RTVSPropertyOp5
 70
     0
102
RTVSPropertyOp6
 70
     0
102
RTVSPropertyOp7
 70
     0
102
RTVSPropertyOp8
 70
     0
102
RTVSPropertyOp9
 70
     0
102
RTVSPropertyOp10
 70
     0
102
RTVSPropertyOp11
 70
     0
102
RTVSPropertyOp12
 70
     0
102
RTVSPropertyOp13
 70
     0
102
RTVSPropertyOp14
 70
     2
102
RTVSPropertyOp15
 70
     0
102
RTVSPropertyOp16
 70
     0
102
RTVSPropertyOp17
 70
     0
102
RTVSPropertyOp18
 70
     0
102
RTVSPropertyOp19
 70
     0
102
RTVSPropertyOp20
 70
     0
102
RTVSPropertyOp21
 70
     0
102
RTVSPropertyOp22
 70
     0
102
RTVSPropertyOp23
 70
     0
102
RTVSPropertyOp24
 70
     0
102
RTVSPropertyOp25
 70
     0
102
RTVSPropertyOp26
 70
     0
102
RTVSPropertyOp27
 70
     0
102
RTVSPropertyOp28
 70
     1
102
RTVSPropertyOp29
 70
     1
102
RTVSPropertyOp30
 70
     1
102
RTVSPropertyOp31
 70
     1
102
RTVSPropertyOp32
 70
     1
102
RTVSPropertyOp33
 70
     1
102
RTVSPropertyOp34
 70
     1
102
RTVSPropertyOp35
 70
     1
102
RTVSPropertyOp36
 70
     1
102
RTVSPropertyOp37
 70
     1
102
RTVSPropertyOp38
 70
     1
102
RTVSPropertyOp39
 70
     1
102
RTVSPropertyOp40
 70
     1
102
RTVSPropertyOp41
 70
     1
102
RTVSPropertyOp42
 70
     1
102
RTVSPropertyOp43
 70
     1
102
RTVSPropertyOp44
 70
     1
102
RTVSPropertyOp45
 70
     1
102
RTVSPropertyOp46
 70
     1
102
RTVSPropertyOp47
 70
     1
102
RTVSPropertyOp48
 70
     1
102
RTVSPropertyOp49
 70
     1
102
RTVSPropertyOp50
 70
     1
102
RTVSPropertyOp51
 70
     0
102
RTVSPropertyOp52
 70
     0
102
RTVSPropertyOp53
 70
     1
102
RTVSPropertyOp54
 70
     1
102
RTVSPropertyOp55
 70
     1
102
RTVSPropertyOp56
 70
     1
102
RTVSPropertyOp57
 70
     1
102
RTVSPropertyOp58
 70
     1
102
RTVSPropertyOp59
 70
     1
102
RTVSPropertyOp60
 70
     1
102
RTVSPropertyOp61
 70
     1
102
RTVSPropertyOp62
 70
     1
  0
XRECORD
  5
BAA
102
{ACAD_REACTORS
330
BA9
102
}
330
BA9
100
AcDbXrecord
280
     1
102
RTVSPost2010Prop28
280
     0
102
RTVSPost2010PropOp28
 70
     1
102
RTVSPost2010Prop29
280
     1
102
RTVSPost2010PropOp29
 70
     1
102
RTVSPost2010Prop30
280
     1
102
RTVSPost2010PropOp30
 70
     1
102
RTVSPost2010Prop31
280
     0
102
RTVSPost2010PropOp31
 70
     1
102
RTVSPost2010Prop32
280
     0
102
RTVSPost2010PropOp32
 70
     1
102
RTVSPost2010Prop33
280
     0
102
RTVSPost2010PropOp33
 70
     1
102
RTVSPost2010Prop34
280
     0
102
RTVSPost2010PropOp34
 70
     1
102
RTVSPost2010Prop35
280
     0
102
RTVSPost2010PropOp35
 70
     1
102
RTVSPost2010Prop36
280
     0
102
RTVSPost2010PropOp36
 70
     1
102
RTVSPost2010Prop37
 90
       50
102
RTVSPost2010PropOp37
 70
     1
102
RTVSPost2010Prop38
140
0.0
102
RTVSPost2010PropOp38
 70
     1
102
RTVSPost2010Prop39
140
1.0
102
RTVSPost2010PropOp39
 70
     1
102
RTVSPost2010Prop40
 90
        0
102
RTVSPost2010PropOp40
 70
     1
102
RTVSPost2010Prop41ColorIndex
 90
       18
102
RTVSPost2010Prop41ColorRGB
 90
        0
102
RTVSPost2010PropOp41
 70
     1
102
RTVSPost2010Prop42
 90
       50
102
RTVSPost2010PropOp42
 70
     1
102
RTVSPost2010Prop43
 90
        3
102
RTVSPost2010PropOp43
 70
     1
102
RTVSPost2010Prop44ColorIndex
 90
        5
102
RTVSPost2010Prop44ColorRGB
 90
      255
102
RTVSPost2010PropOp44
 70
     1
102
RTVSPost2010Prop45
280
     0
102
RTVSPost2010PropOp45
 70
     1
102
RTVSPost2010Prop46
 90
       50
102
RTVSPost2010PropOp46
 70
     1
102
RTVSPost2010Prop47
 90
       50
102
RTVSPost2010PropOp47
 70
     1
102
RTVSPost2010Prop48
 90
       50
102
RTVSPost2010PropOp48
 70
     1
102
RTVSPost2010Prop49
280
     0
102
RTVSPost2010PropOp49
 70
     1
102
RTVSPost2010Prop50
 90
       50
102
RTVSPost2010PropOp50
 70
     1
102
RTVSPost2010Prop51ColorIndex
 90
      256
102
RTVSPost2010Prop51ColorRGB
 90
-16777216
102
RTVSPost2010PropOp51
 70
     0
102
RTVSPost2010Prop52
140
1.0
102
RTVSPost2010PropOp52
 70
     0
102
RTVSPost2010Prop53
 90
        2
102
RTVSPost2010PropOp53
 70
     1
102
RTVSPost2010Prop54
  1
strokes_ogs.tif
102
RTVSPost2010PropOp54
 70
     1
102
RTVSPost2010Prop55
280
     0
102
RTVSPost2010PropOp55
 70
     1
102
RTVSPost2010Prop56
140
1.0
102
RTVSPost2010PropOp56
 70
     1
102
RTVSPost2010Prop57
140
1.0
102
RTVSPost2010PropOp57
 70
     1
102
RTVSPropertyOp0
 70
     1
102
RTVSPropertyOp1
 70
     1
102
RTVSPropertyOp2
 70
     1
102
RTVSPropertyOp3
 70
     1
102
RTVSPropertyOp4
 70
     1
102
RTVSPropertyOp5
 70
     1
102
RTVSPropertyOp6
 70
     1
102
RTVSPropertyOp7
 70
     1
102
RTVSPropertyOp8
 70
     1
102
RTVSPropertyOp9
 70
     1
102
RTVSPropertyOp10
 70
     1
102
RTVSPropertyOp11
 70
     1
102
RTVSPropertyOp12
 70
     1
102
RTVSPropertyOp13
 70
     1
102
RTVSPropertyOp14
 70
     1
102
RTVSPropertyOp15
 70
     1
102
RTVSPropertyOp16
 70
     1
102
RTVSPropertyOp17
 70
     1
102
RTVSPropertyOp18
 70
     1
102
RTVSPropertyOp19
 70
     1
102
RTVSPropertyOp20
 70
     1
102
RTVSPropertyOp21
 70
     1
102
RTVSPropertyOp22
 70
     1
102
RTVSPropertyOp23
 70
     1
102
RTVSPropertyOp24
 70
     1
102
RTVSPropertyOp25
 70
     1
102
RTVSPropertyOp26
 70
     1
102
RTVSPropertyOp27
 70
     1
102
RTVSPropertyOp28
 70
     1
102
RTVSPropertyOp29
 70
     1
102
RTVSPropertyOp30
 70
     1
102
RTVSPropertyOp31
 70
     1
102
RTVSPropertyOp32
 70
     1
102
RTVSPropertyOp33
 70
     1
102
RTVSPropertyOp34
 70
     1
102
RTVSPropertyOp35
 70
     1
102
RTVSPropertyOp36
 70
     1
102
RTVSPropertyOp37
 70
     1
102
RTVSPropertyOp38
 70
     1
102
RTVSPropertyOp39
 70
     1
102
RTVSPropertyOp40
 70
     1
102
RTVSPropertyOp41
 70
     1
102
RTVSPropertyOp42
 70
     1
102
RTVSPropertyOp43
 70
     1
102
RTVSPropertyOp44
 70
     1
102
RTVSPropertyOp45
 70
     1
102
RTVSPropertyOp46
 70
     1
102
RTVSPropertyOp47
 70
     1
102
RTVSPropertyOp48
 70
     1
102
RTVSPropertyOp49
 70
     1
102
RTVSPropertyOp50
 70
     1
102
RTVSPropertyOp51
 70
     0
102
RTVSPropertyOp52
 70
     0
102
RTVSPropertyOp53
 70
     1
102
RTVSPropertyOp54
 70
     1
102
RTVSPropertyOp55
 70
     1
102
RTVSPropertyOp56
 70
     1
102
RTVSPropertyOp57
 70
     1
102
RTVSPropertyOp58
 70
     1
102
RTVSPropertyOp59
 70
     1
102
RTVSPropertyOp60
 70
     1
102
RTVSPropertyOp61
 70
     1
102
RTVSPropertyOp62
 70
     1
  0
XRECORD
  5
BC6
102
{ACAD_REACTORS
330
BC5
102
}
330
BC5
100
AcDbXrecord
280
     1
102
RTVSPost2010Prop28
280
     0
102
RTVSPost2010PropOp28
 70
     1
102
RTVSPost2010Prop29
280
     1
102
RTVSPost2010PropOp29
 70
     1
102
RTVSPost2010Prop30
280
     1
102
RTVSPost2010PropOp30
 70
     1
102
RTVSPost2010Prop31
280
     0
102
RTVSPost2010PropOp31
 70
     1
102
RTVSPost2010Prop32
280
     0
102
RTVSPost2010PropOp32
 70
     1
102
RTVSPost2010Prop33
280
     0
102
RTVSPost2010PropOp33
 70
     1
102
RTVSPost2010Prop34
280
     0
102
RTVSPost2010PropOp34
 70
     1
102
RTVSPost2010Prop35
280
     0
102
RTVSPost2010PropOp35
 70
     1
102
RTVSPost2010Prop36
280
     0
102
RTVSPost2010PropOp36
 70
     1
102
RTVSPost2010Prop37
 90
       50
102
RTVSPost2010PropOp37
 70
     1
102
RTVSPost2010Prop38
140
0.0
102
RTVSPost2010PropOp38
 70
     1
102
RTVSPost2010Prop39
140
1.0
102
RTVSPost2010PropOp39
 70
     1
102
RTVSPost2010Prop40
 90
        0
102
RTVSPost2010PropOp40
 70
     1
102
RTVSPost2010Prop41ColorIndex
 90
       18
102
RTVSPost2010Prop41ColorRGB
 90
        0
102
RTVSPost2010PropOp41
 70
     1
102
RTVSPost2010Prop42
 90
       50
102
RTVSPost2010PropOp42
 70
     1
102
RTVSPost2010Prop43
 90
        3
102
RTVSPost2010PropOp43
 70
     1
102
RTVSPost2010Prop44ColorIndex
 90
        5
102
RTVSPost2010Prop44ColorRGB
 90
      255
102
RTVSPost2010PropOp44
 70
     1
102
RTVSPost2010Prop45
280
     0
102
RTVSPost2010PropOp45
 70
     1
102
RTVSPost2010Prop46
 90
       50
102
RTVSPost2010PropOp46
 70
     1
102
RTVSPost2010Prop47
 90
       50
102
RTVSPost2010PropOp47
 70
     1
102
RTVSPost2010Prop48
 90
       50
102
RTVSPost2010PropOp48
 70
     1
102
RTVSPost2010Prop49
280
     0
102
RTVSPost2010PropOp49
 70
     1
102
RTVSPost2010Prop50
 90
       50
102
RTVSPost2010PropOp50
 70
     1
102
RTVSPost2010Prop51ColorIndex
 90
      256
102
RTVSPost2010Prop51ColorRGB
 90
-16777216
102
RTVSPost2010PropOp51
 70
     0
102
RTVSPost2010Prop52
140
1.0
102
RTVSPost2010PropOp52
 70
     0
102
RTVSPost2010Prop53
 90
        2
102
RTVSPost2010PropOp53
 70
     1
102
RTVSPost2010Prop54
  1
strokes_ogs.tif
102
RTVSPost2010PropOp54
 70
     1
102
RTVSPost2010Prop55
280
     0
102
RTVSPost2010PropOp55
 70
     1
102
RTVSPost2010Prop56
140
1.0
102
RTVSPost2010PropOp56
 70
     1
102
RTVSPost2010Prop57
140
1.0
102
RTVSPost2010PropOp57
 70
     1
102
RTVSPropertyOp0
 70
     1
102
RTVSPropertyOp1
 70
     1
102
RTVSPropertyOp2
 70
     1
102
RTVSPropertyOp3
 70
     1
102
RTVSPropertyOp4
 70
     1
102
RTVSPropertyOp5
 70
     1
102
RTVSPropertyOp6
 70
     1
102
RTVSPropertyOp7
 70
     1
102
RTVSPropertyOp8
 70
     1
102
RTVSPropertyOp9
 70
     1
102
RTVSPropertyOp10
 70
     1
102
RTVSPropertyOp11
 70
     1
102
RTVSPropertyOp12
 70
     1
102
RTVSPropertyOp13
 70
     1
102
RTVSPropertyOp14
 70
     1
102
RTVSPropertyOp15
 70
     1
102
RTVSPropertyOp16
 70
     1
102
RTVSPropertyOp17
 70
     1
102
RTVSPropertyOp18
 70
     1
102
RTVSPropertyOp19
 70
     1
102
RTVSPropertyOp20
 70
     1
102
RTVSPropertyOp21
 70
     1
102
RTVSPropertyOp22
 70
     1
102
RTVSPropertyOp23
 70
     1
102
RTVSPropertyOp24
 70
     1
102
RTVSPropertyOp25
 70
     1
102
RTVSPropertyOp26
 70
     1
102
RTVSPropertyOp27
 70
     1
102
RTVSPropertyOp28
 70
     1
102
RTVSPropertyOp29
 70
     1
102
RTVSPropertyOp30
 70
     1
102
RTVSPropertyOp31
 70
     1
102
RTVSPropertyOp32
 70
     1
102
RTVSPropertyOp33
 70
     1
102
RTVSPropertyOp34
 70
     1
102
RTVSPropertyOp35
 70
     1
102
RTVSPropertyOp36
 70
     1
102
RTVSPropertyOp37
 70
     1
102
RTVSPropertyOp38
 70
     1
102
RTVSPropertyOp39
 70
     1
102
RTVSPropertyOp40
 70
     1
102
RTVSPropertyOp41
 70
     1
102
RTVSPropertyOp42
 70
     1
102
RTVSPropertyOp43
 70
     1
102
RTVSPropertyOp44
 70
     1
102
RTVSPropertyOp45
 70
     1
102
RTVSPropertyOp46
 70
     1
102
RTVSPropertyOp47
 70
     1
102
RTVSPropertyOp48
 70
     1
102
RTVSPropertyOp49
 70
     1
102
RTVSPropertyOp50
 70
     1
102
RTVSPropertyOp51
 70
     0
102
RTVSPropertyOp52
 70
     0
102
RTVSPropertyOp53
 70
     1
102
RTVSPropertyOp54
 70
     1
102
RTVSPropertyOp55
 70
     1
102
RTVSPropertyOp56
 70
     1
102
RTVSPropertyOp57
 70
     1
102
RTVSPropertyOp58
 70
     1
102
RTVSPropertyOp59
 70
     1
102
RTVSPropertyOp60
 70
     1
102
RTVSPropertyOp61
 70
     1
102
RTVSPropertyOp62
 70
     1
  0
XRECORD
  5
BC4
102
{ACAD_REACTORS
330
BC3
102
}
330
BC3
100
AcDbXrecord
280
     1
102
RTVSPost2010Prop28
280
     0
102
RTVSPost2010PropOp28
 70
     1
102
RTVSPost2010Prop29
280
     1
102
RTVSPost2010PropOp29
 70
     1
102
RTVSPost2010Prop30
280
     1
102
RTVSPost2010PropOp30
 70
     1
102
RTVSPost2010Prop31
280
     0
102
RTVSPost2010PropOp31
 70
     1
102
RTVSPost2010Prop32
280
     0
102
RTVSPost2010PropOp32
 70
     1
102
RTVSPost2010Prop33
280
     0
102
RTVSPost2010PropOp33
 70
     1
102
RTVSPost2010Prop34
280
     0
102
RTVSPost2010PropOp34
 70
     1
102
RTVSPost2010Prop35
280
     0
102
RTVSPost2010PropOp35
 70
     1
102
RTVSPost2010Prop36
280
     0
102
RTVSPost2010PropOp36
 70
     1
102
RTVSPost2010Prop37
 90
       50
102
RTVSPost2010PropOp37
 70
     1
102
RTVSPost2010Prop38
140
0.0
102
RTVSPost2010PropOp38
 70
     1
102
RTVSPost2010Prop39
140
1.0
102
RTVSPost2010PropOp39
 70
     1
102
RTVSPost2010Prop40
 90
        0
102
RTVSPost2010PropOp40
 70
     1
102
RTVSPost2010Prop41ColorIndex
 90
       18
102
RTVSPost2010Prop41ColorRGB
 90
        0
102
RTVSPost2010PropOp41
 70
     1
102
RTVSPost2010Prop42
 90
       50
102
RTVSPost2010PropOp42
 70
     1
102
RTVSPost2010Prop43
 90
        3
102
RTVSPost2010PropOp43
 70
     1
102
RTVSPost2010Prop44ColorIndex
 90
        5
102
RTVSPost2010Prop44ColorRGB
 90
      255
102
RTVSPost2010PropOp44
 70
     1
102
RTVSPost2010Prop45
280
     0
102
RTVSPost2010PropOp45
 70
     1
102
RTVSPost2010Prop46
 90
       50
102
RTVSPost2010PropOp46
 70
     1
102
RTVSPost2010Prop47
 90
       50
102
RTVSPost2010PropOp47
 70
     1
102
RTVSPost2010Prop48
 90
       50
102
RTVSPost2010PropOp48
 70
     1
102
RTVSPost2010Prop49
280
     0
102
RTVSPost2010PropOp49
 70
     1
102
RTVSPost2010Prop50
 90
       50
102
RTVSPost2010PropOp50
 70
     1
102
RTVSPost2010Prop51ColorIndex
 90
      256
102
RTVSPost2010Prop51ColorRGB
 90
-16777216
102
RTVSPost2010PropOp51
 70
     0
102
RTVSPost2010Prop52
140
1.0
102
RTVSPost2010PropOp52
 70
     0
102
RTVSPost2010Prop53
 90
        2
102
RTVSPost2010PropOp53
 70
     1
102
RTVSPost2010Prop54
  1
strokes_ogs.tif
102
RTVSPost2010PropOp54
 70
     1
102
RTVSPost2010Prop55
280
     0
102
RTVSPost2010PropOp55
 70
     1
102
RTVSPost2010Prop56
140
1.0
102
RTVSPost2010PropOp56
 70
     1
102
RTVSPost2010Prop57
140
1.0
102
RTVSPost2010PropOp57
 70
     1
102
RTVSPropertyOp0
 70
     1
102
RTVSPropertyOp1
 70
     1
102
RTVSPropertyOp2
 70
     1
102
RTVSPropertyOp3
 70
     1
102
RTVSPropertyOp4
 70
     1
102
RTVSPropertyOp5
 70
     1
102
RTVSPropertyOp6
 70
     1
102
RTVSPropertyOp7
 70
     1
102
RTVSPropertyOp8
 70
     1
102
RTVSPropertyOp9
 70
     1
102
RTVSPropertyOp10
 70
     1
102
RTVSPropertyOp11
 70
     1
102
RTVSPropertyOp12
 70
     1
102
RTVSPropertyOp13
 70
     1
102
RTVSPropertyOp14
 70
     1
102
RTVSPropertyOp15
 70
     1
102
RTVSPropertyOp16
 70
     1
102
RTVSPropertyOp17
 70
     1
102
RTVSPropertyOp18
 70
     1
102
RTVSPropertyOp19
 70
     1
102
RTVSPropertyOp20
 70
     1
102
RTVSPropertyOp21
 70
     1
102
RTVSPropertyOp22
 70
     1
102
RTVSPropertyOp23
 70
     1
102
RTVSPropertyOp24
 70
     1
102
RTVSPropertyOp25
 70
     1
102
RTVSPropertyOp26
 70
     1
102
RTVSPropertyOp27
 70
     1
102
RTVSPropertyOp28
 70
     1
102
RTVSPropertyOp29
 70
     1
102
RTVSPropertyOp30
 70
     1
102
RTVSPropertyOp31
 70
     1
102
RTVSPropertyOp32
 70
     1
102
RTVSPropertyOp33
 70
     1
102
RTVSPropertyOp34
 70
     1
102
RTVSPropertyOp35
 70
     1
102
RTVSPropertyOp36
 70
     1
102
RTVSPropertyOp37
 70
     1
102
RTVSPropertyOp38
 70
     1
102
RTVSPropertyOp39
 70
     1
102
RTVSPropertyOp40
 70
     1
102
RTVSPropertyOp41
 70
     1
102
RTVSPropertyOp42
 70
     1
102
RTVSPropertyOp43
 70
     1
102
RTVSPropertyOp44
 70
     1
102
RTVSPropertyOp45
 70
     1
102
RTVSPropertyOp46
 70
     1
102
RTVSPropertyOp47
 70
     1
102
RTVSPropertyOp48
 70
     1
102
RTVSPropertyOp49
 70
     1
102
RTVSPropertyOp50
 70
     1
102
RTVSPropertyOp51
 70
     0
102
RTVSPropertyOp52
 70
     0
102
RTVSPropertyOp53
 70
     1
102
RTVSPropertyOp54
 70
     1
102
RTVSPropertyOp55
 70
     1
102
RTVSPropertyOp56
 70
     1
102
RTVSPropertyOp57
 70
     1
102
RTVSPropertyOp58
 70
     1
102
RTVSPropertyOp59
 70
     1
102
RTVSPropertyOp60
 70
     1
102
RTVSPropertyOp61
 70
     1
102
RTVSPropertyOp62
 70
     1
  0
XRECORD
  5
BBE
102
{ACAD_REACTORS
330
BBD
102
}
330
BBD
100
AcDbXrecord
280
     1
102
RTVSPost2010Prop28
280
     0
102
RTVSPost2010PropOp28
 70
     1
102
RTVSPost2010Prop29
280
     1
102
RTVSPost2010PropOp29
 70
     1
102
RTVSPost2010Prop30
280
     1
102
RTVSPost2010PropOp30
 70
     1
102
RTVSPost2010Prop31
280
     0
102
RTVSPost2010PropOp31
 70
     1
102
RTVSPost2010Prop32
280
     0
102
RTVSPost2010PropOp32
 70
     1
102
RTVSPost2010Prop33
280
     0
102
RTVSPost2010PropOp33
 70
     1
102
RTVSPost2010Prop34
280
     0
102
RTVSPost2010PropOp34
 70
     1
102
RTVSPost2010Prop35
280
     0
102
RTVSPost2010PropOp35
 70
     1
102
RTVSPost2010Prop36
280
     0
102
RTVSPost2010PropOp36
 70
     1
102
RTVSPost2010Prop37
 90
       50
102
RTVSPost2010PropOp37
 70
     1
102
RTVSPost2010Prop38
140
0.0
102
RTVSPost2010PropOp38
 70
     1
102
RTVSPost2010Prop39
140
1.0
102
RTVSPost2010PropOp39
 70
     1
102
RTVSPost2010Prop40
 90
        0
102
RTVSPost2010PropOp40
 70
     1
102
RTVSPost2010Prop41ColorIndex
 90
       18
102
RTVSPost2010Prop41ColorRGB
 90
        0
102
RTVSPost2010PropOp41
 70
     1
102
RTVSPost2010Prop42
 90
       50
102
RTVSPost2010PropOp42
 70
     1
102
RTVSPost2010Prop43
 90
        3
102
RTVSPost2010PropOp43
 70
     1
102
RTVSPost2010Prop44ColorIndex
 90
        5
102
RTVSPost2010Prop44ColorRGB
 90
      255
102
RTVSPost2010PropOp44
 70
     1
102
RTVSPost2010Prop45
280
     0
102
RTVSPost2010PropOp45
 70
     1
102
RTVSPost2010Prop46
 90
       50
102
RTVSPost2010PropOp46
 70
     1
102
RTVSPost2010Prop47
 90
       50
102
RTVSPost2010PropOp47
 70
     1
102
RTVSPost2010Prop48
 90
       50
102
RTVSPost2010PropOp48
 70
     1
102
RTVSPost2010Prop49
280
     0
102
RTVSPost2010PropOp49
 70
     1
102
RTVSPost2010Prop50
 90
       50
102
RTVSPost2010PropOp50
 70
     1
102
RTVSPost2010Prop51ColorIndex
 90
      256
102
RTVSPost2010Prop51ColorRGB
 90
-16777216
102
RTVSPost2010PropOp51
 70
     0
102
RTVSPost2010Prop52
140
1.0
102
RTVSPost2010PropOp52
 70
     0
102
RTVSPost2010Prop53
 90
        2
102
RTVSPost2010PropOp53
 70
     1
102
RTVSPost2010Prop54
  1
strokes_ogs.tif
102
RTVSPost2010PropOp54
 70
     1
102
RTVSPost2010Prop55
280
     0
102
RTVSPost2010PropOp55
 70
     1
102
RTVSPost2010Prop56
140
1.0
102
RTVSPost2010PropOp56
 70
     1
102
RTVSPost2010Prop57
140
1.0
102
RTVSPost2010PropOp57
 70
     1
102
RTVSPropertyOp0
 70
     1
102
RTVSPropertyOp1
 70
     1
102
RTVSPropertyOp2
 70
     1
102
RTVSPropertyOp3
 70
     1
102
RTVSPropertyOp4
 70
     1
102
RTVSPropertyOp5
 70
     1
102
RTVSPropertyOp6
 70
     1
102
RTVSPropertyOp7
 70
     1
102
RTVSPropertyOp8
 70
     1
102
RTVSPropertyOp9
 70
     1
102
RTVSPropertyOp10
 70
     1
102
RTVSPropertyOp11
 70
     1
102
RTVSPropertyOp12
 70
     1
102
RTVSPropertyOp13
 70
     1
102
RTVSPropertyOp14
 70
     1
102
RTVSPropertyOp15
 70
     1
102
RTVSPropertyOp16
 70
     1
102
RTVSPropertyOp17
 70
     1
102
RTVSPropertyOp18
 70
     1
102
RTVSPropertyOp19
 70
     1
102
RTVSPropertyOp20
 70
     1
102
RTVSPropertyOp21
 70
     1
102
RTVSPropertyOp22
 70
     1
102
RTVSPropertyOp23
 70
     1
102
RTVSPropertyOp24
 70
     1
102
RTVSPropertyOp25
 70
     1
102
RTVSPropertyOp26
 70
     1
102
RTVSPropertyOp27
 70
     1
102
RTVSPropertyOp28
 70
     1
102
RTVSPropertyOp29
 70
     1
102
RTVSPropertyOp30
 70
     1
102
RTVSPropertyOp31
 70
     1
102
RTVSPropertyOp32
 70
     1
102
RTVSPropertyOp33
 70
     1
102
RTVSPropertyOp34
 70
     1
102
RTVSPropertyOp35
 70
     1
102
RTVSPropertyOp36
 70
     1
102
RTVSPropertyOp37
 70
     1
102
RTVSPropertyOp38
 70
     1
102
RTVSPropertyOp39
 70
     1
102
RTVSPropertyOp40
 70
     1
102
RTVSPropertyOp41
 70
     1
102
RTVSPropertyOp42
 70
     1
102
RTVSPropertyOp43
 70
     1
102
RTVSPropertyOp44
 70
     1
102
RTVSPropertyOp45
 70
     1
102
RTVSPropertyOp46
 70
     1
102
RTVSPropertyOp47
 70
     1
102
RTVSPropertyOp48
 70
     1
102
RTVSPropertyOp49
 70
     1
102
RTVSPropertyOp50
 70
     1
102
RTVSPropertyOp51
 70
     0
102
RTVSPropertyOp52
 70
     0
102
RTVSPropertyOp53
 70
     1
102
RTVSPropertyOp54
 70
     1
102
RTVSPropertyOp55
 70
     1
102
RTVSPropertyOp56
 70
     1
102
RTVSPropertyOp57
 70
     1
102
RTVSPropertyOp58
 70
     1
102
RTVSPropertyOp59
 70
     1
102
RTVSPropertyOp60
 70
     1
102
RTVSPropertyOp61
 70
     1
102
RTVSPropertyOp62
 70
     1
  0
XRECORD
  5
BC0
102
{ACAD_REACTORS
330
BBF
102
}
330
BBF
100
AcDbXrecord
280
     1
102
RTVSPost2010Prop28
280
     0
102
RTVSPost2010PropOp28
 70
     1
102
RTVSPost2010Prop29
280
     1
102
RTVSPost2010PropOp29
 70
     1
102
RTVSPost2010Prop30
280
     1
102
RTVSPost2010PropOp30
 70
     1
102
RTVSPost2010Prop31
280
     0
102
RTVSPost2010PropOp31
 70
     1
102
RTVSPost2010Prop32
280
     0
102
RTVSPost2010PropOp32
 70
     1
102
RTVSPost2010Prop33
280
     0
102
RTVSPost2010PropOp33
 70
     1
102
RTVSPost2010Prop34
280
     0
102
RTVSPost2010PropOp34
 70
     1
102
RTVSPost2010Prop35
280
     0
102
RTVSPost2010PropOp35
 70
     1
102
RTVSPost2010Prop36
280
     0
102
RTVSPost2010PropOp36
 70
     1
102
RTVSPost2010Prop37
 90
       50
102
RTVSPost2010PropOp37
 70
     1
102
RTVSPost2010Prop38
140
0.0
102
RTVSPost2010PropOp38
 70
     1
102
RTVSPost2010Prop39
140
1.0
102
RTVSPost2010PropOp39
 70
     1
102
RTVSPost2010Prop40
 90
        0
102
RTVSPost2010PropOp40
 70
     1
102
RTVSPost2010Prop41ColorIndex
 90
       18
102
RTVSPost2010Prop41ColorRGB
 90
        0
102
RTVSPost2010PropOp41
 70
     1
102
RTVSPost2010Prop42
 90
       50
102
RTVSPost2010PropOp42
 70
     1
102
RTVSPost2010Prop43
 90
        3
102
RTVSPost2010PropOp43
 70
     1
102
RTVSPost2010Prop44ColorIndex
 90
        5
102
RTVSPost2010Prop44ColorRGB
 90
      255
102
RTVSPost2010PropOp44
 70
     1
102
RTVSPost2010Prop45
280
     0
102
RTVSPost2010PropOp45
 70
     1
102
RTVSPost2010Prop46
 90
       50
102
RTVSPost2010PropOp46
 70
     1
102
RTVSPost2010Prop47
 90
       50
102
RTVSPost2010PropOp47
 70
     1
102
RTVSPost2010Prop48
 90
       50
102
RTVSPost2010PropOp48
 70
     1
102
RTVSPost2010Prop49
280
     0
102
RTVSPost2010PropOp49
 70
     1
102
RTVSPost2010Prop50
 90
       50
102
RTVSPost2010PropOp50
 70
     1
102
RTVSPost2010Prop51ColorIndex
 90
      256
102
RTVSPost2010Prop51ColorRGB
 90
-16777216
102
RTVSPost2010PropOp51
 70
     0
102
RTVSPost2010Prop52
140
1.0
102
RTVSPost2010PropOp52
 70
     0
102
RTVSPost2010Prop53
 90
        2
102
RTVSPost2010PropOp53
 70
     1
102
RTVSPost2010Prop54
  1
strokes_ogs.tif
102
RTVSPost2010PropOp54
 70
     1
102
RTVSPost2010Prop55
280
     0
102
RTVSPost2010PropOp55
 70
     1
102
RTVSPost2010Prop56
140
1.0
102
RTVSPost2010PropOp56
 70
     1
102
RTVSPost2010Prop57
140
1.0
102
RTVSPost2010PropOp57
 70
     1
102
RTVSPropertyOp0
 70
     1
102
RTVSPropertyOp1
 70
     1
102
RTVSPropertyOp2
 70
     1
102
RTVSPropertyOp3
 70
     1
102
RTVSPropertyOp4
 70
     1
102
RTVSPropertyOp5
 70
     1
102
RTVSPropertyOp6
 70
     1
102
RTVSPropertyOp7
 70
     1
102
RTVSPropertyOp8
 70
     1
102
RTVSPropertyOp9
 70
     1
102
RTVSPropertyOp10
 70
     1
102
RTVSPropertyOp11
 70
     1
102
RTVSPropertyOp12
 70
     1
102
RTVSPropertyOp13
 70
     1
102
RTVSPropertyOp14
 70
     1
102
RTVSPropertyOp15
 70
     1
102
RTVSPropertyOp16
 70
     1
102
RTVSPropertyOp17
 70
     1
102
RTVSPropertyOp18
 70
     1
102
RTVSPropertyOp19
 70
     1
102
RTVSPropertyOp20
 70
     1
102
RTVSPropertyOp21
 70
     1
102
RTVSPropertyOp22
 70
     1
102
RTVSPropertyOp23
 70
     1
102
RTVSPropertyOp24
 70
     1
102
RTVSPropertyOp25
 70
     1
102
RTVSPropertyOp26
 70
     1
102
RTVSPropertyOp27
 70
     1
102
RTVSPropertyOp28
 70
     1
102
RTVSPropertyOp29
 70
     1
102
RTVSPropertyOp30
 70
     1
102
RTVSPropertyOp31
 70
     1
102
RTVSPropertyOp32
 70
     1
102
RTVSPropertyOp33
 70
     1
102
RTVSPropertyOp34
 70
     1
102
RTVSPropertyOp35
 70
     1
102
RTVSPropertyOp36
 70
     1
102
RTVSPropertyOp37
 70
     1
102
RTVSPropertyOp38
 70
     1
102
RTVSPropertyOp39
 70
     1
102
RTVSPropertyOp40
 70
     1
102
RTVSPropertyOp41
 70
     1
102
RTVSPropertyOp42
 70
     1
102
RTVSPropertyOp43
 70
     1
102
RTVSPropertyOp44
 70
     1
102
RTVSPropertyOp45
 70
     1
102
RTVSPropertyOp46
 70
     1
102
RTVSPropertyOp47
 70
     1
102
RTVSPropertyOp48
 70
     1
102
RTVSPropertyOp49
 70
     1
102
RTVSPropertyOp50
 70
     1
102
RTVSPropertyOp51
 70
     0
102
RTVSPropertyOp52
 70
     0
102
RTVSPropertyOp53
 70
     1
102
RTVSPropertyOp54
 70
     1
102
RTVSPropertyOp55
 70
     1
102
RTVSPropertyOp56
 70
     1
102
RTVSPropertyOp57
 70
     1
102
RTVSPropertyOp58
 70
     1
102
RTVSPropertyOp59
 70
     1
102
RTVSPropertyOp60
 70
     1
102
RTVSPropertyOp61
 70
     1
102
RTVSPropertyOp62
 70
     1
  0
XRECORD
  5
BB0
102
{ACAD_REACTORS
330
BAF
102
}
330
BAF
100
AcDbXrecord
280
     1
102
RTVSPost2010Prop28
280
     0
102
RTVSPost2010PropOp28
 70
     1
102
RTVSPost2010Prop29
280
     1
102
RTVSPost2010PropOp29
 70
     1
102
RTVSPost2010Prop30
280
     1
102
RTVSPost2010PropOp30
 70
     1
102
RTVSPost2010Prop31
280
     0
102
RTVSPost2010PropOp31
 70
     1
102
RTVSPost2010Prop32
280
     0
102
RTVSPost2010PropOp32
 70
     1
102
RTVSPost2010Prop33
280
     0
102
RTVSPost2010PropOp33
 70
     1
102
RTVSPost2010Prop34
280
     0
102
RTVSPost2010PropOp34
 70
     1
102
RTVSPost2010Prop35
280
     0
102
RTVSPost2010PropOp35
 70
     1
102
RTVSPost2010Prop36
280
     0
102
RTVSPost2010PropOp36
 70
     1
102
RTVSPost2010Prop37
 90
       50
102
RTVSPost2010PropOp37
 70
     1
102
RTVSPost2010Prop38
140
0.0
102
RTVSPost2010PropOp38
 70
     1
102
RTVSPost2010Prop39
140
1.0
102
RTVSPost2010PropOp39
 70
     1
102
RTVSPost2010Prop40
 90
        0
102
RTVSPost2010PropOp40
 70
     1
102
RTVSPost2010Prop41ColorIndex
 90
       18
102
RTVSPost2010Prop41ColorRGB
 90
        0
102
RTVSPost2010PropOp41
 70
     1
102
RTVSPost2010Prop42
 90
       50
102
RTVSPost2010PropOp42
 70
     1
102
RTVSPost2010Prop43
 90
        3
102
RTVSPost2010PropOp43
 70
     1
102
RTVSPost2010Prop44ColorIndex
 90
        5
102
RTVSPost2010Prop44ColorRGB
 90
      255
102
RTVSPost2010PropOp44
 70
     1
102
RTVSPost2010Prop45
280
     0
102
RTVSPost2010PropOp45
 70
     1
102
RTVSPost2010Prop46
 90
       50
102
RTVSPost2010PropOp46
 70
     1
102
RTVSPost2010Prop47
 90
       50
102
RTVSPost2010PropOp47
 70
     1
102
RTVSPost2010Prop48
 90
       50
102
RTVSPost2010PropOp48
 70
     1
102
RTVSPost2010Prop49
280
     0
102
RTVSPost2010PropOp49
 70
     1
102
RTVSPost2010Prop50
 90
       50
102
RTVSPost2010PropOp50
 70
     1
102
RTVSPost2010Prop51ColorIndex
 90
      256
102
RTVSPost2010Prop51ColorRGB
 90
-16777216
102
RTVSPost2010PropOp51
 70
     0
102
RTVSPost2010Prop52
140
1.0
102
RTVSPost2010PropOp52
 70
     0
102
RTVSPost2010Prop53
 90
        2
102
RTVSPost2010PropOp53
 70
     1
102
RTVSPost2010Prop54
  1
strokes_ogs.tif
102
RTVSPost2010PropOp54
 70
     1
102
RTVSPost2010Prop55
280
     0
102
RTVSPost2010PropOp55
 70
     1
102
RTVSPost2010Prop56
140
1.0
102
RTVSPost2010PropOp56
 70
     1
102
RTVSPost2010Prop57
140
1.0
102
RTVSPost2010PropOp57
 70
     1
102
RTVSPropertyOp0
 70
     1
102
RTVSPropertyOp1
 70
     1
102
RTVSPropertyOp2
 70
     1
102
RTVSPropertyOp3
 70
     1
102
RTVSPropertyOp4
 70
     1
102
RTVSPropertyOp5
 70
     1
102
RTVSPropertyOp6
 70
     1
102
RTVSPropertyOp7
 70
     1
102
RTVSPropertyOp8
 70
     1
102
RTVSPropertyOp9
 70
     1
102
RTVSPropertyOp10
 70
     1
102
RTVSPropertyOp11
 70
     1
102
RTVSPropertyOp12
 70
     1
102
RTVSPropertyOp13
 70
     1
102
RTVSPropertyOp14
 70
     1
102
RTVSPropertyOp15
 70
     1
102
RTVSPropertyOp16
 70
     1
102
RTVSPropertyOp17
 70
     1
102
RTVSPropertyOp18
 70
     1
102
RTVSPropertyOp19
 70
     1
102
RTVSPropertyOp20
 70
     1
102
RTVSPropertyOp21
 70
     1
102
RTVSPropertyOp22
 70
     1
102
RTVSPropertyOp23
 70
     1
102
RTVSPropertyOp24
 70
     1
102
RTVSPropertyOp25
 70
     1
102
RTVSPropertyOp26
 70
     1
102
RTVSPropertyOp27
 70
     1
102
RTVSPropertyOp28
 70
     1
102
RTVSPropertyOp29
 70
     1
102
RTVSPropertyOp30
 70
     1
102
RTVSPropertyOp31
 70
     1
102
RTVSPropertyOp32
 70
     1
102
RTVSPropertyOp33
 70
     1
102
RTVSPropertyOp34
 70
     1
102
RTVSPropertyOp35
 70
     1
102
RTVSPropertyOp36
 70
     1
102
RTVSPropertyOp37
 70
     1
102
RTVSPropertyOp38
 70
     1
102
RTVSPropertyOp39
 70
     1
102
RTVSPropertyOp40
 70
     1
102
RTVSPropertyOp41
 70
     1
102
RTVSPropertyOp42
 70
     1
102
RTVSPropertyOp43
 70
     1
102
RTVSPropertyOp44
 70
     1
102
RTVSPropertyOp45
 70
     1
102
RTVSPropertyOp46
 70
     1
102
RTVSPropertyOp47
 70
     1
102
RTVSPropertyOp48
 70
     1
102
RTVSPropertyOp49
 70
     1
102
RTVSPropertyOp50
 70
     1
102
RTVSPropertyOp51
 70
     0
102
RTVSPropertyOp52
 70
     0
102
RTVSPropertyOp53
 70
     1
102
RTVSPropertyOp54
 70
     1
102
RTVSPropertyOp55
 70
     1
102
RTVSPropertyOp56
 70
     1
102
RTVSPropertyOp57
 70
     1
102
RTVSPropertyOp58
 70
     1
102
RTVSPropertyOp59
 70
     1
102
RTVSPropertyOp60
 70
     1
102
RTVSPropertyOp61
 70
     1
102
RTVSPropertyOp62
 70
     1
  0
XRECORD
  5
BA4
102
{ACAD_REACTORS
330
BA3
102
}
330
BA3
100
AcDbXrecord
280
     1
102
RTVSPost2010Prop28
280
     0
102
RTVSPost2010PropOp28
 70
     1
102
RTVSPost2010Prop29
280
     1
102
RTVSPost2010PropOp29
 70
     1
102
RTVSPost2010Prop30
280
     1
102
RTVSPost2010PropOp30
 70
     1
102
RTVSPost2010Prop31
280
     0
102
RTVSPost2010PropOp31
 70
     1
102
RTVSPost2010Prop32
280
     0
102
RTVSPost2010PropOp32
 70
     1
102
RTVSPost2010Prop33
280
     0
102
RTVSPost2010PropOp33
 70
     1
102
RTVSPost2010Prop34
280
     0
102
RTVSPost2010PropOp34
 70
     1
102
RTVSPost2010Prop35
280
     0
102
RTVSPost2010PropOp35
 70
     1
102
RTVSPost2010Prop36
280
     0
102
RTVSPost2010PropOp36
 70
     1
102
RTVSPost2010Prop37
 90
       50
102
RTVSPost2010PropOp37
 70
     1
102
RTVSPost2010Prop38
140
0.0
102
RTVSPost2010PropOp38
 70
     1
102
RTVSPost2010Prop39
140
1.0
102
RTVSPost2010PropOp39
 70
     1
102
RTVSPost2010Prop40
 90
        0
102
RTVSPost2010PropOp40
 70
     1
102
RTVSPost2010Prop41ColorIndex
 90
       18
102
RTVSPost2010Prop41ColorRGB
 90
        0
102
RTVSPost2010PropOp41
 70
     1
102
RTVSPost2010Prop42
 90
       50
102
RTVSPost2010PropOp42
 70
     1
102
RTVSPost2010Prop43
 90
        3
102
RTVSPost2010PropOp43
 70
     1
102
RTVSPost2010Prop44ColorIndex
 90
        5
102
RTVSPost2010Prop44ColorRGB
 90
      255
102
RTVSPost2010PropOp44
 70
     1
102
RTVSPost2010Prop45
280
     0
102
RTVSPost2010PropOp45
 70
     1
102
RTVSPost2010Prop46
 90
       50
102
RTVSPost2010PropOp46
 70
     1
102
RTVSPost2010Prop47
 90
       50
102
RTVSPost2010PropOp47
 70
     1
102
RTVSPost2010Prop48
 90
       50
102
RTVSPost2010PropOp48
 70
     1
102
RTVSPost2010Prop49
280
     0
102
RTVSPost2010PropOp49
 70
     1
102
RTVSPost2010Prop50
 90
       50
102
RTVSPost2010PropOp50
 70
     1
102
RTVSPost2010Prop51ColorIndex
 90
      256
102
RTVSPost2010Prop51ColorRGB
 90
-16777216
102
RTVSPost2010PropOp51
 70
     0
102
RTVSPost2010Prop52
140
1.0
102
RTVSPost2010PropOp52
 70
     0
102
RTVSPost2010Prop53
 90
        2
102
RTVSPost2010PropOp53
 70
     1
102
RTVSPost2010Prop54
  1
strokes_ogs.tif
102
RTVSPost2010PropOp54
 70
     1
102
RTVSPost2010Prop55
280
     0
102
RTVSPost2010PropOp55
 70
     1
102
RTVSPost2010Prop56
140
1.0
102
RTVSPost2010PropOp56
 70
     1
102
RTVSPost2010Prop57
140
1.0
102
RTVSPost2010PropOp57
 70
     1
102
RTVSPropertyOp0
 70
     1
102
RTVSPropertyOp1
 70
     1
102
RTVSPropertyOp2
 70
     1
102
RTVSPropertyOp3
 70
     1
102
RTVSPropertyOp4
 70
     1
102
RTVSPropertyOp5
 70
     1
102
RTVSPropertyOp6
 70
     1
102
RTVSPropertyOp7
 70
     1
102
RTVSPropertyOp8
 70
     1
102
RTVSPropertyOp9
 70
     1
102
RTVSPropertyOp10
 70
     1
102
RTVSPropertyOp11
 70
     1
102
RTVSPropertyOp12
 70
     1
102
RTVSPropertyOp13
 70
     1
102
RTVSPropertyOp14
 70
     1
102
RTVSPropertyOp15
 70
     1
102
RTVSPropertyOp16
 70
     1
102
RTVSPropertyOp17
 70
     1
102
RTVSPropertyOp18
 70
     1
102
RTVSPropertyOp19
 70
     1
102
RTVSPropertyOp20
 70
     1
102
RTVSPropertyOp21
 70
     1
102
RTVSPropertyOp22
 70
     1
102
RTVSPropertyOp23
 70
     1
102
RTVSPropertyOp24
 70
     1
102
RTVSPropertyOp25
 70
     1
102
RTVSPropertyOp26
 70
     1
102
RTVSPropertyOp27
 70
     1
102
RTVSPropertyOp28
 70
     1
102
RTVSPropertyOp29
 70
     1
102
RTVSPropertyOp30
 70
     1
102
RTVSPropertyOp31
 70
     1
102
RTVSPropertyOp32
 70
     1
102
RTVSPropertyOp33
 70
     1
102
RTVSPropertyOp34
 70
     1
102
RTVSPropertyOp35
 70
     1
102
RTVSPropertyOp36
 70
     1
102
RTVSPropertyOp37
 70
     1
102
RTVSPropertyOp38
 70
     1
102
RTVSPropertyOp39
 70
     1
102
RTVSPropertyOp40
 70
     1
102
RTVSPropertyOp41
 70
     1
102
RTVSPropertyOp42
 70
     1
102
RTVSPropertyOp43
 70
     1
102
RTVSPropertyOp44
 70
     1
102
RTVSPropertyOp45
 70
     1
102
RTVSPropertyOp46
 70
     1
102
RTVSPropertyOp47
 70
     1
102
RTVSPropertyOp48
 70
     1
102
RTVSPropertyOp49
 70
     1
102
RTVSPropertyOp50
 70
     1
102
RTVSPropertyOp51
 70
     0
102
RTVSPropertyOp52
 70
     0
102
RTVSPropertyOp53
 70
     1
102
RTVSPropertyOp54
 70
     1
102
RTVSPropertyOp55
 70
     1
102
RTVSPropertyOp56
 70
     1
102
RTVSPropertyOp57
 70
     1
102
RTVSPropertyOp58
 70
     1
102
RTVSPropertyOp59
 70
     1
102
RTVSPropertyOp60
 70
     1
102
RTVSPropertyOp61
 70
     1
102
RTVSPropertyOp62
 70
     1
  0
XRECORD
  5
BC2
102
{ACAD_REACTORS
330
BC1
102
}
330
BC1
100
AcDbXrecord
280
     1
102
RTVSPost2010Prop28
280
     0
102
RTVSPost2010PropOp28
 70
     1
102
RTVSPost2010Prop29
280
     1
102
RTVSPost2010PropOp29
 70
     1
102
RTVSPost2010Prop30
280
     1
102
RTVSPost2010PropOp30
 70
     1
102
RTVSPost2010Prop31
280
     0
102
RTVSPost2010PropOp31
 70
     1
102
RTVSPost2010Prop32
280
     0
102
RTVSPost2010PropOp32
 70
     1
102
RTVSPost2010Prop33
280
     0
102
RTVSPost2010PropOp33
 70
     1
102
RTVSPost2010Prop34
280
     0
102
RTVSPost2010PropOp34
 70
     1
102
RTVSPost2010Prop35
280
     0
102
RTVSPost2010PropOp35
 70
     1
102
RTVSPost2010Prop36
280
     0
102
RTVSPost2010PropOp36
 70
     1
102
RTVSPost2010Prop37
 90
       50
102
RTVSPost2010PropOp37
 70
     1
102
RTVSPost2010Prop38
140
0.0
102
RTVSPost2010PropOp38
 70
     1
102
RTVSPost2010Prop39
140
1.0
102
RTVSPost2010PropOp39
 70
     1
102
RTVSPost2010Prop40
 90
        0
102
RTVSPost2010PropOp40
 70
     1
102
RTVSPost2010Prop41ColorIndex
 90
       18
102
RTVSPost2010Prop41ColorRGB
 90
        0
102
RTVSPost2010PropOp41
 70
     1
102
RTVSPost2010Prop42
 90
       50
102
RTVSPost2010PropOp42
 70
     1
102
RTVSPost2010Prop43
 90
        3
102
RTVSPost2010PropOp43
 70
     1
102
RTVSPost2010Prop44ColorIndex
 90
        5
102
RTVSPost2010Prop44ColorRGB
 90
      255
102
RTVSPost2010PropOp44
 70
     1
102
RTVSPost2010Prop45
280
     0
102
RTVSPost2010PropOp45
 70
     1
102
RTVSPost2010Prop46
 90
       50
102
RTVSPost2010PropOp46
 70
     1
102
RTVSPost2010Prop47
 90
       50
102
RTVSPost2010PropOp47
 70
     1
102
RTVSPost2010Prop48
 90
       50
102
RTVSPost2010PropOp48
 70
     1
102
RTVSPost2010Prop49
280
     0
102
RTVSPost2010PropOp49
 70
     1
102
RTVSPost2010Prop50
 90
       50
102
RTVSPost2010PropOp50
 70
     1
102
RTVSPost2010Prop51ColorIndex
 90
      256
102
RTVSPost2010Prop51ColorRGB
 90
-16777216
102
RTVSPost2010PropOp51
 70
     0
102
RTVSPost2010Prop52
140
1.0
102
RTVSPost2010PropOp52
 70
     0
102
RTVSPost2010Prop53
 90
        2
102
RTVSPost2010PropOp53
 70
     1
102
RTVSPost2010Prop54
  1
strokes_ogs.tif
102
RTVSPost2010PropOp54
 70
     1
102
RTVSPost2010Prop55
280
     0
102
RTVSPost2010PropOp55
 70
     1
102
RTVSPost2010Prop56
140
1.0
102
RTVSPost2010PropOp56
 70
     1
102
RTVSPost2010Prop57
140
1.0
102
RTVSPost2010PropOp57
 70
     1
102
RTVSPropertyOp0
 70
     1
102
RTVSPropertyOp1
 70
     1
102
RTVSPropertyOp2
 70
     1
102
RTVSPropertyOp3
 70
     1
102
RTVSPropertyOp4
 70
     1
102
RTVSPropertyOp5
 70
     1
102
RTVSPropertyOp6
 70
     1
102
RTVSPropertyOp7
 70
     1
102
RTVSPropertyOp8
 70
     1
102
RTVSPropertyOp9
 70
     1
102
RTVSPropertyOp10
 70
     1
102
RTVSPropertyOp11
 70
     1
102
RTVSPropertyOp12
 70
     1
102
RTVSPropertyOp13
 70
     1
102
RTVSPropertyOp14
 70
     1
102
RTVSPropertyOp15
 70
     1
102
RTVSPropertyOp16
 70
     1
102
RTVSPropertyOp17
 70
     1
102
RTVSPropertyOp18
 70
     1
102
RTVSPropertyOp19
 70
     1
102
RTVSPropertyOp20
 70
     1
102
RTVSPropertyOp21
 70
     1
102
RTVSPropertyOp22
 70
     1
102
RTVSPropertyOp23
 70
     1
102
RTVSPropertyOp24
 70
     1
102
RTVSPropertyOp25
 70
     1
102
RTVSPropertyOp26
 70
     1
102
RTVSPropertyOp27
 70
     1
102
RTVSPropertyOp28
 70
     1
102
RTVSPropertyOp29
 70
     1
102
RTVSPropertyOp30
 70
     1
102
RTVSPropertyOp31
 70
     1
102
RTVSPropertyOp32
 70
     1
102
RTVSPropertyOp33
 70
     1
102
RTVSPropertyOp34
 70
     1
102
RTVSPropertyOp35
 70
     1
102
RTVSPropertyOp36
 70
     1
102
RTVSPropertyOp37
 70
     1
102
RTVSPropertyOp38
 70
     1
102
RTVSPropertyOp39
 70
     1
102
RTVSPropertyOp40
 70
     1
102
RTVSPropertyOp41
 70
     1
102
RTVSPropertyOp42
 70
     1
102
RTVSPropertyOp43
 70
     1
102
RTVSPropertyOp44
 70
     1
102
RTVSPropertyOp45
 70
     1
102
RTVSPropertyOp46
 70
     1
102
RTVSPropertyOp47
 70
     1
102
RTVSPropertyOp48
 70
     1
102
RTVSPropertyOp49
 70
     1
102
RTVSPropertyOp50
 70
     1
102
RTVSPropertyOp51
 70
     0
102
RTVSPropertyOp52
 70
     0
102
RTVSPropertyOp53
 70
     1
102
RTVSPropertyOp54
 70
     1
102
RTVSPropertyOp55
 70
     1
102
RTVSPropertyOp56
 70
     1
102
RTVSPropertyOp57
 70
     1
102
RTVSPropertyOp58
 70
     1
102
RTVSPropertyOp59
 70
     1
102
RTVSPropertyOp60
 70
     1
102
RTVSPropertyOp61
 70
     1
102
RTVSPropertyOp62
 70
     1
  0
ENDSEC
  0
EOF
